<?xml version="1.0"?>
<IPC-2581 xmlns:xsd="http://www.w3.org/2001/XMLSchema" xmlns:xsi="http://www.w3.org/2001/XMLSchema-instance" revision="B" xmlns="http://webstds.ipc.org/2581">
  <Content roleRef="Owner">
    <FunctionMode mode="USERDEF" level="1" />
    <StepRef name="LiPoBattery" />
    <LayerRef name="Top Paste" />
    <LayerRef name="Top Overlay" />
    <LayerRef name="Top Solder" />
    <LayerRef name="Top Layer" />
    <LayerRef name="Dielectric 1" />
    <LayerRef name="Bottom Layer" />
    <LayerRef name="Bottom Solder" />
    <LayerRef name="Bottom Overlay" />
    <LayerRef name="Bottom Paste" />
    <LayerRef name="Keep-Out Layer" />
    <LayerRef name="Mechanical 1" />
    <LayerRef name="Top Assembly" />
    <LayerRef name="Top 3D Body" />
    <LayerRef name="Top Courtyard" />
    <LayerRef name="Top Component Center" />
    <LayerRef name="Bottom Assembly" />
    <LayerRef name="Bottom Courtyard" />
    <LayerRef name="Bottom 3D Body" />
    <LayerRef name="Bottom Component Center" />
    <LayerRef name="Drill Drawing (Top Layer - Bottom Layer)" />
    <LayerRef name="Drill Guide (Top Layer - Bottom Layer)" />
    <BomRef name="BOM" />
    <DictionaryStandard units="INCH">
      <EntryStandard id="RECTANGLE_237480X611496">
        <RectCenter width="0.023748" height="0.06115" />
      </EntryStandard>
      <EntryStandard id="RECTANGLE_670552X828032">
        <RectCenter width="0.067055" height="0.082803" />
      </EntryStandard>
      <EntryStandard id="RECTANGLE_650866X650866">
        <RectCenter width="0.065087" height="0.065087" />
      </EntryStandard>
      <EntryStandard id="RECTANGLE_240848X516438">
        <RectCenter width="0.024085" height="0.051644" />
      </EntryStandard>
      <EntryStandard id="RECTANGLE_591812X355592">
        <RectCenter width="0.059181" height="0.035559" />
      </EntryStandard>
      <EntryStandard id="RECTANGLE_330000X580000">
        <RectCenter width="0.033" height="0.058" />
      </EntryStandard>
      <EntryStandard id="RECTANGLE_416592X536272">
        <RectCenter width="0.041659" height="0.053627" />
      </EntryStandard>
      <EntryStandard id="RECTANGLE_396260X554416">
        <RectCenter width="0.039626" height="0.055442" />
      </EntryStandard>
      <EntryStandard id="RECTANGLE_492126X492126">
        <RectCenter width="0.049213" height="0.049213" />
      </EntryStandard>
      <EntryStandard id="RECTANGLE_473700X611496">
        <RectCenter width="0.04737" height="0.06115" />
      </EntryStandard>
      <EntryStandard id="RECTANGLE_473700X473700">
        <RectCenter width="0.04737" height="0.04737" />
      </EntryStandard>
      <EntryStandard id="RECTANGLE_316220X394960">
        <RectCenter width="0.031622" height="0.039496" />
      </EntryStandard>
      <EntryStandard id="RECTANGLE_1299212X1598424">
        <RectCenter width="0.129921" height="0.159842" />
      </EntryStandard>
      <EntryStandard id="RECTANGLE_1500000X2500000">
        <RectCenter width="0.15" height="0.25" />
      </EntryStandard>
      <EntryStandard id="RECTANGLE_1299212X2500000">
        <RectCenter width="0.129921" height="0.25" />
      </EntryStandard>
      <EntryStandard id="RECTANGLE_700788X700788">
        <RectCenter width="0.070079" height="0.070079" />
      </EntryStandard>
      <EntryStandard id="RECTANGLE_600000X600000">
        <RectCenter width="0.06" height="0.06" />
      </EntryStandard>
      <EntryStandard id="RECTANGLE_1654804X1654804">
        <RectCenter width="0.16548" height="0.16548" />
      </EntryStandard>
      <EntryStandard id="RECTANGLE_729606X729606">
        <RectCenter width="0.072961" height="0.072961" />
      </EntryStandard>
      <EntryStandard id="RECTANGLE_867402X867402">
        <RectCenter width="0.08674" height="0.08674" />
      </EntryStandard>
      <EntryStandard id="RECTANGLE_374016X551180">
        <RectCenter width="0.037402" height="0.055118" />
      </EntryStandard>
      <EntryStandard id="CIRCLE_500000">
        <Circle diameter="0.05" />
      </EntryStandard>
      <EntryStandard id="CIRCLE_580000">
        <Circle diameter="0.058" />
      </EntryStandard>
      <EntryStandard id="RECTANGLE_787402X787402">
        <RectCenter width="0.07874" height="0.07874" />
      </EntryStandard>
      <EntryStandard id="CIRCLE_1574804">
        <Circle diameter="0.15748" />
      </EntryStandard>
      <EntryStandard id="CIRCLE_1654804">
        <Circle diameter="0.16548" />
      </EntryStandard>
      <EntryStandard id="RECTANGLE_236220X314960">
        <RectCenter width="0.023622" height="0.031496" />
      </EntryStandard>
      <EntryStandard id="RECTANGLE_157480X531496">
        <RectCenter width="0.015748" height="0.05315" />
      </EntryStandard>
      <EntryStandard id="RECTANGLE_590552X748032">
        <RectCenter width="0.059055" height="0.074803" />
      </EntryStandard>
      <EntryStandard id="RECTANGLE_531496X393700">
        <RectCenter width="0.05315" height="0.03937" />
      </EntryStandard>
      <EntryStandard id="RECTANGLE_611496X473700">
        <RectCenter width="0.06115" height="0.04737" />
      </EntryStandard>
      <EntryStandard id="RECTANGLE_275592X511812">
        <RectCenter width="0.027559" height="0.051181" />
      </EntryStandard>
      <EntryStandard id="RECTANGLE_355592X591812">
        <RectCenter width="0.035559" height="0.059181" />
      </EntryStandard>
      <EntryStandard id="RECTANGLE_250000X500000">
        <RectCenter width="0.025" height="0.05" />
      </EntryStandard>
      <EntryStandard id="CIRCLE_700788">
        <Circle diameter="0.070078" />
      </EntryStandard>
      <EntryStandard id="CIRCLE_650866">
        <Circle diameter="0.065086" />
      </EntryStandard>
      <EntryStandard id="CIRCLE_570866">
        <Circle diameter="0.057086" />
      </EntryStandard>
      <EntryStandard id="POLYLINE_1">
        <Contour>
          <Polygon>
            <PolyBegin x="0.018388" y="0.011126" />
            <PolyStepSegment x="0.022295" y="0.008515" />
            <PolyStepSegment x="0.024905" y="0.004608" />
            <PolyStepSegment x="0.025822" y="0" />
            <PolyStepSegment x="0.024905" y="-0.004608" />
            <PolyStepSegment x="0.022295" y="-0.008515" />
            <PolyStepSegment x="0.018388" y="-0.011126" />
            <PolyStepSegment x="0.01378" y="-0.012042" />
            <PolyStepSegment x="-0.01378" y="-0.012042" />
            <PolyStepSegment x="-0.018388" y="-0.011126" />
            <PolyStepSegment x="-0.022295" y="-0.008515" />
            <PolyStepSegment x="-0.024905" y="-0.004608" />
            <PolyStepSegment x="-0.025822" y="0" />
            <PolyStepSegment x="-0.024905" y="0.004608" />
            <PolyStepSegment x="-0.022295" y="0.008515" />
            <PolyStepSegment x="-0.018388" y="0.011126" />
            <PolyStepSegment x="-0.01378" y="0.012042" />
            <PolyStepSegment x="0.01378" y="0.012042" />
            <PolyStepSegment x="0.018388" y="0.011126" />
          </Polygon>
        </Contour>
      </EntryStandard>
      <EntryStandard id="POLYLINE_2">
        <Contour>
          <Polygon>
            <PolyBegin x="0.018388" y="0.011126" />
            <PolyStepSegment x="0.022295" y="0.008515" />
            <PolyStepSegment x="0.024905" y="0.004608" />
            <PolyStepSegment x="0.025822" y="0" />
            <PolyStepSegment x="0.024905" y="-0.004608" />
            <PolyStepSegment x="0.022295" y="-0.008515" />
            <PolyStepSegment x="0.018388" y="-0.011126" />
            <PolyStepSegment x="0.01378" y="-0.012042" />
            <PolyStepSegment x="-0.01378" y="-0.012042" />
            <PolyStepSegment x="-0.018388" y="-0.011126" />
            <PolyStepSegment x="-0.022295" y="-0.008515" />
            <PolyStepSegment x="-0.024905" y="-0.004608" />
            <PolyStepSegment x="-0.025822" y="0" />
            <PolyStepSegment x="-0.024905" y="0.004608" />
            <PolyStepSegment x="-0.022295" y="0.008515" />
            <PolyStepSegment x="-0.018388" y="0.011126" />
            <PolyStepSegment x="-0.01378" y="0.012042" />
            <PolyStepSegment x="0.01378" y="0.012042" />
            <PolyStepSegment x="0.018388" y="0.011126" />
          </Polygon>
        </Contour>
      </EntryStandard>
      <EntryStandard id="POLYLINE_3">
        <Contour>
          <Polygon>
            <PolyBegin x="0.018388" y="0.011126" />
            <PolyStepSegment x="0.022295" y="0.008515" />
            <PolyStepSegment x="0.024905" y="0.004608" />
            <PolyStepSegment x="0.025822" y="0" />
            <PolyStepSegment x="0.024905" y="-0.004608" />
            <PolyStepSegment x="0.022295" y="-0.008515" />
            <PolyStepSegment x="0.018388" y="-0.011126" />
            <PolyStepSegment x="0.01378" y="-0.012042" />
            <PolyStepSegment x="-0.01378" y="-0.012042" />
            <PolyStepSegment x="-0.018388" y="-0.011126" />
            <PolyStepSegment x="-0.022295" y="-0.008515" />
            <PolyStepSegment x="-0.024905" y="-0.004608" />
            <PolyStepSegment x="-0.025822" y="0" />
            <PolyStepSegment x="-0.024905" y="0.004608" />
            <PolyStepSegment x="-0.022295" y="0.008515" />
            <PolyStepSegment x="-0.018388" y="0.011126" />
            <PolyStepSegment x="-0.01378" y="0.012042" />
            <PolyStepSegment x="0.01378" y="0.012042" />
            <PolyStepSegment x="0.018388" y="0.011126" />
          </Polygon>
        </Contour>
      </EntryStandard>
      <EntryStandard id="POLYLINE_4">
        <Contour>
          <Polygon>
            <PolyBegin x="0.018388" y="0.011126" />
            <PolyStepSegment x="0.022295" y="0.008515" />
            <PolyStepSegment x="0.024905" y="0.004608" />
            <PolyStepSegment x="0.025822" y="0" />
            <PolyStepSegment x="0.024905" y="-0.004608" />
            <PolyStepSegment x="0.022295" y="-0.008515" />
            <PolyStepSegment x="0.018388" y="-0.011126" />
            <PolyStepSegment x="0.01378" y="-0.012042" />
            <PolyStepSegment x="-0.01378" y="-0.012042" />
            <PolyStepSegment x="-0.018388" y="-0.011126" />
            <PolyStepSegment x="-0.022295" y="-0.008515" />
            <PolyStepSegment x="-0.024905" y="-0.004608" />
            <PolyStepSegment x="-0.025822" y="0" />
            <PolyStepSegment x="-0.024905" y="0.004608" />
            <PolyStepSegment x="-0.022295" y="0.008515" />
            <PolyStepSegment x="-0.018388" y="0.011126" />
            <PolyStepSegment x="-0.01378" y="0.012042" />
            <PolyStepSegment x="0.01378" y="0.012042" />
            <PolyStepSegment x="0.018388" y="0.011126" />
          </Polygon>
        </Contour>
      </EntryStandard>
      <EntryStandard id="CIRCLE_492126">
        <Circle diameter="0.049212" />
      </EntryStandard>
      <EntryStandard id="CIRCLE_600000">
        <Circle diameter="0.06" />
      </EntryStandard>
      <EntryStandard id="CIRCLE_729606">
        <Circle diameter="0.07296" />
      </EntryStandard>
      <EntryStandard id="CIRCLE_649606">
        <Circle diameter="0.06496" />
      </EntryStandard>
      <EntryStandard id="CIRCLE_473700">
        <Circle diameter="0.04737" />
      </EntryStandard>
      <EntryStandard id="CIRCLE_393700">
        <Circle diameter="0.03937" />
      </EntryStandard>
    </DictionaryStandard>
    <DictionaryColor>
      <EntryColor id="LAYER_COLOR_Top Paste">
        <Color r="128" g="128" b="128" />
      </EntryColor>
      <EntryColor id="LAYER_COLOR_Top Overlay">
        <Color r="255" g="255" b="0" />
      </EntryColor>
      <EntryColor id="LAYER_COLOR_Top Solder">
        <Color r="128" g="0" b="128" />
      </EntryColor>
      <EntryColor id="LAYER_COLOR_Top Layer">
        <Color r="255" g="0" b="0" />
      </EntryColor>
      <EntryColor id="LAYER_COLOR_Dielectric 1">
        <Color r="255" g="0" b="0" />
      </EntryColor>
      <EntryColor id="LAYER_COLOR_Bottom Layer">
        <Color r="0" g="0" b="255" />
      </EntryColor>
      <EntryColor id="LAYER_COLOR_Bottom Solder">
        <Color r="255" g="0" b="255" />
      </EntryColor>
      <EntryColor id="LAYER_COLOR_Bottom Overlay">
        <Color r="128" g="128" b="0" />
      </EntryColor>
      <EntryColor id="LAYER_COLOR_Bottom Paste">
        <Color r="128" g="0" b="0" />
      </EntryColor>
      <EntryColor id="LAYER_COLOR_Keep-Out Layer">
        <Color r="255" g="0" b="255" />
      </EntryColor>
      <EntryColor id="LAYER_COLOR_Mechanical 1">
        <Color r="255" g="0" b="255" />
      </EntryColor>
      <EntryColor id="LAYER_COLOR_Top Assembly">
        <Color r="255" g="0" b="255" />
      </EntryColor>
      <EntryColor id="LAYER_COLOR_Top 3D Body">
        <Color r="255" g="0" b="255" />
      </EntryColor>
      <EntryColor id="LAYER_COLOR_Top Courtyard">
        <Color r="0" g="128" b="0" />
      </EntryColor>
      <EntryColor id="LAYER_COLOR_Top Component Center">
        <Color r="0" g="0" b="0" />
      </EntryColor>
      <EntryColor id="LAYER_COLOR_Bottom Assembly">
        <Color r="128" g="128" b="0" />
      </EntryColor>
      <EntryColor id="LAYER_COLOR_Bottom Courtyard">
        <Color r="255" g="0" b="255" />
      </EntryColor>
      <EntryColor id="LAYER_COLOR_Bottom 3D Body">
        <Color r="0" g="128" b="0" />
      </EntryColor>
      <EntryColor id="LAYER_COLOR_Bottom Component Center">
        <Color r="128" g="128" b="0" />
      </EntryColor>
      <EntryColor id="LAYER_COLOR_Drill Drawing (Top Layer - Bottom Layer)">
        <Color r="255" g="0" b="42" />
      </EntryColor>
      <EntryColor id="LAYER_COLOR_Drill Guide (Top Layer - Bottom Layer)">
        <Color r="128" g="0" b="0" />
      </EntryColor>
    </DictionaryColor>
  </Content>
  <LogisticHeader>
    <Role id="Owner" roleFunction="ENGINEER" />
    <Enterprise id="Enterprise" code="UNKNOWN" />
    <Person name="Unknown" enterpriseRef="Enterprise" roleRef="Owner" />
  </LogisticHeader>
  <Bom name="BOM">
    <BomHeader assembly="Assembly" revision="Revision">
      <StepRef name="LiPoBattery" />
    </BomHeader>
    <BomItem OEMDesignNumberRef="Vault:CMP-2000-05827-1" quantity="1" pinCount="11" category="ELECTRICAL" internalPartNumber="USB-MICRO-B_V" description="Micro-USB B Receptacle, Right Angle, Bottom Mount, Surface Mount, with Solder Tabs">
      <RefDes name="J2" packageRef="USB-MICRO-B_V" layerRef="Top Layer" />
      <Characteristics category="ELECTRICAL" />
    </BomItem>
    <BomItem OEMDesignNumberRef="Vault:CMP-0133-00139-1" quantity="1" pinCount="5" category="ELECTRICAL" internalPartNumber="SOT-23-OT5_M" description="Simple, Miniature Single-Cell, Fully Integrated Li-Ion/Li-Polymer Charge Managemen">
      <RefDes name="U1" packageRef="SOT-23-OT5_M" layerRef="Top Layer" />
      <Characteristics category="ELECTRICAL" />
    </BomItem>
    <BomItem OEMDesignNumberRef="Vault:CMP-001-0000-1" quantity="1" pinCount="3" category="ELECTRICAL" internalPartNumber="SJUMPER3POS-Footprint-1" description="Solder jumper 3 pads and pins">
      <RefDes name="SJ1" packageRef="SJUMPER3POS-Footprint-1" layerRef="Top Layer" />
      <Characteristics category="ELECTRICAL" />
    </BomItem>
    <BomItem OEMDesignNumberRef="Vault:CMP-07231-003873-1" quantity="1" pinCount="2" category="ELECTRICAL" internalPartNumber="FP-CR0805-IPC_B" description="Thick Film Chip Resistors 0805 10kΩ 0.125W 5% 200ppm/°C">
      <RefDes name="R4" packageRef="FP-CR0805-IPC_B" layerRef="Top Layer" />
      <Characteristics category="ELECTRICAL" />
    </BomItem>
    <BomItem OEMDesignNumberRef="Vault:CMP-2001-03755-2" quantity="1" pinCount="2" category="ELECTRICAL" internalPartNumber="FP-CRCW0805-e3-IPC_B" description="RES Thick Film, 2kΩ, 1%, 0.125W, 100ppm/°C, 0805">
      <RefDes name="R3" packageRef="FP-CRCW0805-e3-IPC_B" layerRef="Top Layer" />
      <Characteristics category="ELECTRICAL" />
    </BomItem>
    <BomItem OEMDesignNumberRef="Vault:CMP-00030-42757237-1" quantity="1" pinCount="2" category="ELECTRICAL" internalPartNumber="FP-MRS25-MFG" description="MRS25000C1000FRP00 Resistor, 100 Ohm, ± 1%, 600 mW, Axial Leaded, Metal Film (Thin">
      <RefDes name="R2" packageRef="FP-MRS25-MFG" layerRef="Top Layer" />
      <Characteristics category="ELECTRICAL" />
    </BomItem>
    <BomItem OEMDesignNumberRef="Vault:CMP-2001-00628-1" quantity="1" pinCount="2" category="ELECTRICAL" internalPartNumber="RESC2013X60X40LL20T25" description="Thin Film Chip Resistors, High Reliability / Type 6A 0805 / 0,1% / 330 Ohm / 0,1 /">
      <RefDes name="R1" packageRef="RESC2013X60X40LL20T25" layerRef="Top Layer" />
      <Characteristics category="ELECTRICAL" />
    </BomItem>
    <BomItem OEMDesignNumberRef="LiPoBattery.PcbLib:MTHNP3P2MM" quantity="4" pinCount="1" category="ELECTRICAL" internalPartNumber="MTHNP3P2MM" description="Mounting Hole Non-Plated 3.2mm drill hole / Mounting Hole Non-Plated 3.2 mm hole">
      <RefDes name="MHNP4" packageRef="MTHNP3P2MM" layerRef="Top Layer" />
      <RefDes name="MHNP3" packageRef="MTHNP3P2MM" layerRef="Top Layer" />
      <RefDes name="MHNP2" packageRef="MTHNP3P2MM" layerRef="Top Layer" />
      <RefDes name="MHNP1" packageRef="MTHNP3P2MM" layerRef="Top Layer" />
      <Characteristics category="ELECTRICAL" />
    </BomItem>
    <BomItem OEMDesignNumberRef="Vault:CMP-2000-07254-1" quantity="2" pinCount="2" category="ELECTRICAL" internalPartNumber="VISH-TLMS1000_V" description="Low Current LED, 40 mW, 1.8 V, -40 to 100 degC, 2-Pin SMD (0603), RoHS, Tape and R">
      <RefDes name="LED2" packageRef="VISH-TLMS1000_V" layerRef="Top Layer" />
      <RefDes name="LED1" packageRef="VISH-TLMS1000_V" layerRef="Top Layer" />
      <Characteristics category="ELECTRICAL" />
    </BomItem>
    <BomItem OEMDesignNumberRef="Vault:CMP-47995-000002-1" quantity="1" pinCount="4" category="ELECTRICAL" internalPartNumber="FP-RASM722PTR13X-MFG" description="CONN PWR JACK 2.1X5.5MM SOLDER">
      <RefDes name="J6" packageRef="FP-RASM722PTR13X-MFG" layerRef="Top Layer" />
      <Characteristics category="ELECTRICAL" />
    </BomItem>
    <BomItem OEMDesignNumberRef="LiPoBattery.PcbLib:67997-402HLF" quantity="2" pinCount="2" category="ELECTRICAL" internalPartNumber="2Pins_AMP" description="CONN HEADER VERT 2POS">
      <RefDes name="J5" packageRef="2Pins_AMP" layerRef="Top Layer" />
      <RefDes name="J4" packageRef="2Pins_AMP" layerRef="Top Layer" />
      <Characteristics category="ELECTRICAL" />
    </BomItem>
    <BomItem OEMDesignNumberRef="LiPoBattery.PcbLib:1-179276-2" quantity="2" pinCount="4" category="ELECTRICAL" internalPartNumber="1-179276-2" description="Connector Header Through Hole, Right Angle 2 position 0.200&quot; (5.08mm) / DYNAMIC_32">
      <RefDes name="J3" packageRef="1-179276-2" layerRef="Top Layer" />
      <RefDes name="J1" packageRef="1-179276-2" layerRef="Top Layer" />
      <Characteristics category="ELECTRICAL" />
    </BomItem>
    <BomItem OEMDesignNumberRef="Vault:CMP-1055-00320-1" quantity="2" pinCount="2" category="ELECTRICAL" internalPartNumber="ONSC-SMA-2-403D-02_V" description="Schottky Power Rectifier, 2-Pin SMA, Pb-Free, Tape and Reel / Molded, 2-Leads, Bod">
      <RefDes name="D2" packageRef="ONSC-SMA-2-403D-02_V" layerRef="Top Layer" />
      <RefDes name="D1" packageRef="ONSC-SMA-2-403D-02_V" layerRef="Top Layer" />
      <Characteristics category="ELECTRICAL" />
    </BomItem>
    <BomItem OEMDesignNumberRef="Vault:CMP-03422-001352-1" quantity="2" pinCount="2" category="ELECTRICAL" internalPartNumber="FP-CC0805-0_85-MFG" description="CAP CER 4.7UF 6.3V X5R 0805">
      <RefDes name="C2" packageRef="FP-CC0805-0_85-MFG" layerRef="Top Layer" />
      <RefDes name="C1" packageRef="FP-CC0805-0_85-MFG" layerRef="Top Layer" />
      <Characteristics category="ELECTRICAL" />
    </BomItem>
  </Bom>
  <Ecad name="output PCB cad-data">
    <CadHeader units="INCH">
      <Spec name="Top Paste">
        <General type="MATERIAL" />
      </Spec>
      <Spec name="Top Overlay">
        <General type="MATERIAL" />
      </Spec>
      <Spec name="Top Solder">
        <General type="MATERIAL">
          <Property text="Solder Resist" />
        </General>
      </Spec>
      <Spec name="Top Layer">
        <General type="MATERIAL">
          <Property text="Copper" />
        </General>
      </Spec>
      <Spec name="Dielectric 1">
        <General type="MATERIAL">
          <Property text="FR-4" />
        </General>
      </Spec>
      <Spec name="Bottom Layer">
        <General type="MATERIAL">
          <Property text="Copper" />
        </General>
      </Spec>
      <Spec name="Bottom Solder">
        <General type="MATERIAL">
          <Property text="Solder Resist" />
        </General>
      </Spec>
      <Spec name="Bottom Overlay">
        <General type="MATERIAL" />
      </Spec>
      <Spec name="Bottom Paste">
        <General type="MATERIAL" />
      </Spec>
      <Spec name="Keep-Out Layer">
        <General type="MATERIAL" />
      </Spec>
      <Spec name="Mechanical 1">
        <General type="MATERIAL" />
      </Spec>
      <Spec name="Top Assembly">
        <General type="MATERIAL" />
      </Spec>
      <Spec name="Top 3D Body">
        <General type="MATERIAL" />
      </Spec>
      <Spec name="Top Courtyard">
        <General type="MATERIAL" />
      </Spec>
      <Spec name="Top Component Center">
        <General type="MATERIAL" />
      </Spec>
      <Spec name="Bottom Assembly">
        <General type="MATERIAL" />
      </Spec>
      <Spec name="Bottom Courtyard">
        <General type="MATERIAL" />
      </Spec>
      <Spec name="Bottom 3D Body">
        <General type="MATERIAL" />
      </Spec>
      <Spec name="Bottom Component Center">
        <General type="MATERIAL" />
      </Spec>
      <Spec name="Drill Drawing (Top Layer - Bottom Layer)">
        <General type="MATERIAL">
          <Property text="undefined" />
        </General>
      </Spec>
      <Spec name="Drill Guide (Top Layer - Bottom Layer)">
        <General type="MATERIAL">
          <Property text="undefined" />
        </General>
      </Spec>
    </CadHeader>
    <CadData>
      <Layer name="Top Paste" layerFunction="PASTEMASK" side="TOP" polarity="POSITIVE" />
      <Layer name="Top Overlay" layerFunction="LEGEND" side="TOP" polarity="POSITIVE" />
      <Layer name="Top Solder" layerFunction="SOLDERMASK" side="TOP" polarity="POSITIVE" />
      <Layer name="Top Layer" layerFunction="SIGNAL" side="TOP" polarity="POSITIVE" />
      <Layer name="Dielectric 1" layerFunction="DIELCORE" side="NONE" polarity="POSITIVE" />
      <Layer name="Bottom Layer" layerFunction="SIGNAL" side="BOTTOM" polarity="POSITIVE" />
      <Layer name="Bottom Solder" layerFunction="SOLDERMASK" side="BOTTOM" polarity="POSITIVE" />
      <Layer name="Bottom Overlay" layerFunction="LEGEND" side="BOTTOM" polarity="POSITIVE" />
      <Layer name="Bottom Paste" layerFunction="PASTEMASK" side="BOTTOM" polarity="POSITIVE" />
      <Layer name="Keep-Out Layer" layerFunction="DOCUMENT" side="INTERNAL" polarity="POSITIVE" />
      <Layer name="Mechanical 1" layerFunction="DOCUMENT" side="INTERNAL" polarity="POSITIVE" />
      <Layer name="Top Assembly" layerFunction="DOCUMENT" side="INTERNAL" polarity="POSITIVE" />
      <Layer name="Top 3D Body" layerFunction="DOCUMENT" side="INTERNAL" polarity="POSITIVE" />
      <Layer name="Top Courtyard" layerFunction="DOCUMENT" side="INTERNAL" polarity="POSITIVE" />
      <Layer name="Top Component Center" layerFunction="DOCUMENT" side="INTERNAL" polarity="POSITIVE" />
      <Layer name="Bottom Assembly" layerFunction="DOCUMENT" side="INTERNAL" polarity="POSITIVE" />
      <Layer name="Bottom Courtyard" layerFunction="DOCUMENT" side="INTERNAL" polarity="POSITIVE" />
      <Layer name="Bottom 3D Body" layerFunction="DOCUMENT" side="INTERNAL" polarity="POSITIVE" />
      <Layer name="Bottom Component Center" layerFunction="DOCUMENT" side="INTERNAL" polarity="POSITIVE" />
      <Layer name="Drill Drawing (Top Layer - Bottom Layer)" layerFunction="DOCUMENT" side="INTERNAL" polarity="POSITIVE" />
      <Layer name="Drill Guide (Top Layer - Bottom Layer)" layerFunction="DRILL" side="INTERNAL" polarity="POSITIVE" />
      <Stackup name="Stackup" overallThickness="0.0162" tolPlus="0" tolMinus="0" whereMeasured="OTHER">
        <StackupGroup name="LiPoBattery_AllStackupLayers" thickness="0.0162" tolPlus="0" tolMinus="0">
          <StackupLayer layerOrGroupRef="Top Paste" thickness="0" tolPlus="0" tolMinus="0" sequence="1">
            <SpecRef id="Top Paste" />
          </StackupLayer>
          <StackupLayer layerOrGroupRef="Top Overlay" thickness="0" tolPlus="0" tolMinus="0" sequence="2">
            <SpecRef id="Top Overlay" />
          </StackupLayer>
          <StackupLayer layerOrGroupRef="Top Solder" thickness="0.0004" tolPlus="0" tolMinus="0" sequence="3">
            <SpecRef id="Top Solder" />
          </StackupLayer>
          <StackupLayer layerOrGroupRef="Top Layer" thickness="0.0014" tolPlus="0" tolMinus="0" sequence="4">
            <SpecRef id="Top Layer" />
          </StackupLayer>
          <StackupLayer layerOrGroupRef="Dielectric 1" thickness="0.0126" tolPlus="0" tolMinus="0" sequence="5">
            <SpecRef id="Dielectric 1" />
          </StackupLayer>
          <StackupLayer layerOrGroupRef="Bottom Layer" thickness="0.0014" tolPlus="0" tolMinus="0" sequence="6">
            <SpecRef id="Bottom Layer" />
          </StackupLayer>
          <StackupLayer layerOrGroupRef="Bottom Solder" thickness="0.0004" tolPlus="0" tolMinus="0" sequence="7">
            <SpecRef id="Bottom Solder" />
          </StackupLayer>
          <StackupLayer layerOrGroupRef="Bottom Overlay" thickness="0" tolPlus="0" tolMinus="0" sequence="8">
            <SpecRef id="Bottom Overlay" />
          </StackupLayer>
          <StackupLayer layerOrGroupRef="Bottom Paste" thickness="0" tolPlus="0" tolMinus="0" sequence="9">
            <SpecRef id="Bottom Paste" />
          </StackupLayer>
          <StackupLayer layerOrGroupRef="Keep-Out Layer" thickness="0" tolPlus="0" tolMinus="0" sequence="10">
            <SpecRef id="Keep-Out Layer" />
          </StackupLayer>
          <StackupLayer layerOrGroupRef="Mechanical 1" thickness="0" tolPlus="0" tolMinus="0" sequence="11">
            <SpecRef id="Mechanical 1" />
          </StackupLayer>
          <StackupLayer layerOrGroupRef="Top Assembly" thickness="0" tolPlus="0" tolMinus="0" sequence="12">
            <SpecRef id="Top Assembly" />
          </StackupLayer>
          <StackupLayer layerOrGroupRef="Top 3D Body" thickness="0" tolPlus="0" tolMinus="0" sequence="13">
            <SpecRef id="Top 3D Body" />
          </StackupLayer>
          <StackupLayer layerOrGroupRef="Top Courtyard" thickness="0" tolPlus="0" tolMinus="0" sequence="14">
            <SpecRef id="Top Courtyard" />
          </StackupLayer>
          <StackupLayer layerOrGroupRef="Top Component Center" thickness="0" tolPlus="0" tolMinus="0" sequence="15">
            <SpecRef id="Top Component Center" />
          </StackupLayer>
          <StackupLayer layerOrGroupRef="Bottom Assembly" thickness="0" tolPlus="0" tolMinus="0" sequence="16">
            <SpecRef id="Bottom Assembly" />
          </StackupLayer>
          <StackupLayer layerOrGroupRef="Bottom Courtyard" thickness="0" tolPlus="0" tolMinus="0" sequence="17">
            <SpecRef id="Bottom Courtyard" />
          </StackupLayer>
          <StackupLayer layerOrGroupRef="Bottom 3D Body" thickness="0" tolPlus="0" tolMinus="0" sequence="18">
            <SpecRef id="Bottom 3D Body" />
          </StackupLayer>
          <StackupLayer layerOrGroupRef="Bottom Component Center" thickness="0" tolPlus="0" tolMinus="0" sequence="19">
            <SpecRef id="Bottom Component Center" />
          </StackupLayer>
          <StackupLayer layerOrGroupRef="Drill Drawing (Top Layer - Bottom Layer)" thickness="0" tolPlus="0" tolMinus="0" sequence="20">
            <SpecRef id="Drill Drawing (Top Layer - Bottom Layer)" />
          </StackupLayer>
          <StackupLayer layerOrGroupRef="Drill Guide (Top Layer - Bottom Layer)" thickness="0" tolPlus="0" tolMinus="0" sequence="21">
            <SpecRef id="Drill Guide (Top Layer - Bottom Layer)" />
          </StackupLayer>
        </StackupGroup>
      </Stackup>
      <Step name="LiPoBattery">
        <Datum x="1" y="1" />
        <Profile>
          <Polygon>
            <PolyBegin x="1" y="1" />
            <PolyStepSegment x="1" y="3.3" />
            <PolyStepSegment x="3" y="3.3" />
            <PolyStepSegment x="3" y="1" />
            <PolyStepSegment x="1" y="1" />
          </Polygon>
        </Profile>
        <PadStack net="GND">
          <LayerHole name="Via_1" diameter="0.028" platingStatus="VIA" plusTol="0" minusTol="0" x="2.51" y="2.13">
            <Span fromLayer="Top Layer" toLayer="Bottom Layer" />
          </LayerHole>
          <LayerPad layerRef="Top Layer">
            <Location x="2.51" y="2.13" />
            <StandardPrimitiveRef id="CIRCLE_500000" />
          </LayerPad>
          <LayerPad layerRef="Bottom Layer">
            <Location x="2.51" y="2.13" />
            <StandardPrimitiveRef id="CIRCLE_500000" />
          </LayerPad>
          <LayerPad layerRef="Top Solder">
            <Location x="2.51" y="2.13" />
            <StandardPrimitiveRef id="CIRCLE_580000" />
          </LayerPad>
          <LayerPad layerRef="Bottom Solder">
            <Location x="2.51" y="2.13" />
            <StandardPrimitiveRef id="CIRCLE_580000" />
          </LayerPad>
        </PadStack>
        <PadStack net="GND">
          <LayerHole name="Via_2" diameter="0.028" platingStatus="VIA" plusTol="0" minusTol="0" x="2" y="1.78">
            <Span fromLayer="Top Layer" toLayer="Bottom Layer" />
          </LayerHole>
          <LayerPad layerRef="Top Layer">
            <Location x="2" y="1.78" />
            <StandardPrimitiveRef id="CIRCLE_500000" />
          </LayerPad>
          <LayerPad layerRef="Bottom Layer">
            <Location x="2" y="1.78" />
            <StandardPrimitiveRef id="CIRCLE_500000" />
          </LayerPad>
          <LayerPad layerRef="Top Solder">
            <Location x="2" y="1.78" />
            <StandardPrimitiveRef id="CIRCLE_580000" />
          </LayerPad>
          <LayerPad layerRef="Bottom Solder">
            <Location x="2" y="1.78" />
            <StandardPrimitiveRef id="CIRCLE_580000" />
          </LayerPad>
        </PadStack>
        <PadStack net="GND">
          <LayerHole name="Via_3" diameter="0.028" platingStatus="VIA" plusTol="0" minusTol="0" x="2.37" y="2.9">
            <Span fromLayer="Top Layer" toLayer="Bottom Layer" />
          </LayerHole>
          <LayerPad layerRef="Top Layer">
            <Location x="2.37" y="2.9" />
            <StandardPrimitiveRef id="CIRCLE_500000" />
          </LayerPad>
          <LayerPad layerRef="Bottom Layer">
            <Location x="2.37" y="2.9" />
            <StandardPrimitiveRef id="CIRCLE_500000" />
          </LayerPad>
          <LayerPad layerRef="Top Solder">
            <Location x="2.37" y="2.9" />
            <StandardPrimitiveRef id="CIRCLE_580000" />
          </LayerPad>
          <LayerPad layerRef="Bottom Solder">
            <Location x="2.37" y="2.9" />
            <StandardPrimitiveRef id="CIRCLE_580000" />
          </LayerPad>
        </PadStack>
        <PadStack net="GND">
          <LayerHole name="Via_4" diameter="0.028" platingStatus="VIA" plusTol="0" minusTol="0" x="2.45" y="2.9">
            <Span fromLayer="Top Layer" toLayer="Bottom Layer" />
          </LayerHole>
          <LayerPad layerRef="Top Layer">
            <Location x="2.45" y="2.9" />
            <StandardPrimitiveRef id="CIRCLE_500000" />
          </LayerPad>
          <LayerPad layerRef="Bottom Layer">
            <Location x="2.45" y="2.9" />
            <StandardPrimitiveRef id="CIRCLE_500000" />
          </LayerPad>
          <LayerPad layerRef="Top Solder">
            <Location x="2.45" y="2.9" />
            <StandardPrimitiveRef id="CIRCLE_580000" />
          </LayerPad>
          <LayerPad layerRef="Bottom Solder">
            <Location x="2.45" y="2.9" />
            <StandardPrimitiveRef id="CIRCLE_580000" />
          </LayerPad>
        </PadStack>
        <PadStack net="GND">
          <LayerHole name="Via_5" diameter="0.028" platingStatus="VIA" plusTol="0" minusTol="0" x="2.53" y="2.9">
            <Span fromLayer="Top Layer" toLayer="Bottom Layer" />
          </LayerHole>
          <LayerPad layerRef="Top Layer">
            <Location x="2.53" y="2.9" />
            <StandardPrimitiveRef id="CIRCLE_500000" />
          </LayerPad>
          <LayerPad layerRef="Bottom Layer">
            <Location x="2.53" y="2.9" />
            <StandardPrimitiveRef id="CIRCLE_500000" />
          </LayerPad>
          <LayerPad layerRef="Top Solder">
            <Location x="2.53" y="2.9" />
            <StandardPrimitiveRef id="CIRCLE_580000" />
          </LayerPad>
          <LayerPad layerRef="Bottom Solder">
            <Location x="2.53" y="2.9" />
            <StandardPrimitiveRef id="CIRCLE_580000" />
          </LayerPad>
        </PadStack>
        <PadStack net="GND">
          <LayerHole name="Via_6" diameter="0.028" platingStatus="VIA" plusTol="0" minusTol="0" x="2.53" y="2.82">
            <Span fromLayer="Top Layer" toLayer="Bottom Layer" />
          </LayerHole>
          <LayerPad layerRef="Top Layer">
            <Location x="2.53" y="2.82" />
            <StandardPrimitiveRef id="CIRCLE_500000" />
          </LayerPad>
          <LayerPad layerRef="Bottom Layer">
            <Location x="2.53" y="2.82" />
            <StandardPrimitiveRef id="CIRCLE_500000" />
          </LayerPad>
          <LayerPad layerRef="Top Solder">
            <Location x="2.53" y="2.82" />
            <StandardPrimitiveRef id="CIRCLE_580000" />
          </LayerPad>
          <LayerPad layerRef="Bottom Solder">
            <Location x="2.53" y="2.82" />
            <StandardPrimitiveRef id="CIRCLE_580000" />
          </LayerPad>
        </PadStack>
        <PadStack net="GND">
          <LayerHole name="Via_7" diameter="0.028" platingStatus="VIA" plusTol="0" minusTol="0" x="2.45" y="2.82">
            <Span fromLayer="Top Layer" toLayer="Bottom Layer" />
          </LayerHole>
          <LayerPad layerRef="Top Layer">
            <Location x="2.45" y="2.82" />
            <StandardPrimitiveRef id="CIRCLE_500000" />
          </LayerPad>
          <LayerPad layerRef="Bottom Layer">
            <Location x="2.45" y="2.82" />
            <StandardPrimitiveRef id="CIRCLE_500000" />
          </LayerPad>
          <LayerPad layerRef="Top Solder">
            <Location x="2.45" y="2.82" />
            <StandardPrimitiveRef id="CIRCLE_580000" />
          </LayerPad>
          <LayerPad layerRef="Bottom Solder">
            <Location x="2.45" y="2.82" />
            <StandardPrimitiveRef id="CIRCLE_580000" />
          </LayerPad>
        </PadStack>
        <PadStack net="GND">
          <LayerHole name="Via_8" diameter="0.028" platingStatus="VIA" plusTol="0" minusTol="0" x="2.37" y="2.82">
            <Span fromLayer="Top Layer" toLayer="Bottom Layer" />
          </LayerHole>
          <LayerPad layerRef="Top Layer">
            <Location x="2.37" y="2.82" />
            <StandardPrimitiveRef id="CIRCLE_500000" />
          </LayerPad>
          <LayerPad layerRef="Bottom Layer">
            <Location x="2.37" y="2.82" />
            <StandardPrimitiveRef id="CIRCLE_500000" />
          </LayerPad>
          <LayerPad layerRef="Top Solder">
            <Location x="2.37" y="2.82" />
            <StandardPrimitiveRef id="CIRCLE_580000" />
          </LayerPad>
          <LayerPad layerRef="Bottom Solder">
            <Location x="2.37" y="2.82" />
            <StandardPrimitiveRef id="CIRCLE_580000" />
          </LayerPad>
        </PadStack>
        <PadStack net="GND">
          <LayerHole name="Via_9" diameter="0.028" platingStatus="VIA" plusTol="0" minusTol="0" x="2.7" y="1.55">
            <Span fromLayer="Top Layer" toLayer="Bottom Layer" />
          </LayerHole>
          <LayerPad layerRef="Top Layer">
            <Location x="2.7" y="1.55" />
            <StandardPrimitiveRef id="CIRCLE_500000" />
          </LayerPad>
          <LayerPad layerRef="Bottom Layer">
            <Location x="2.7" y="1.55" />
            <StandardPrimitiveRef id="CIRCLE_500000" />
          </LayerPad>
          <LayerPad layerRef="Top Solder">
            <Location x="2.7" y="1.55" />
            <StandardPrimitiveRef id="CIRCLE_580000" />
          </LayerPad>
          <LayerPad layerRef="Bottom Solder">
            <Location x="2.7" y="1.55" />
            <StandardPrimitiveRef id="CIRCLE_580000" />
          </LayerPad>
        </PadStack>
        <PadStack net="GND">
          <LayerHole name="Via_10" diameter="0.028" platingStatus="VIA" plusTol="0" minusTol="0" x="2.195" y="1.54">
            <Span fromLayer="Top Layer" toLayer="Bottom Layer" />
          </LayerHole>
          <LayerPad layerRef="Top Layer">
            <Location x="2.195" y="1.54" />
            <StandardPrimitiveRef id="CIRCLE_500000" />
          </LayerPad>
          <LayerPad layerRef="Bottom Layer">
            <Location x="2.195" y="1.54" />
            <StandardPrimitiveRef id="CIRCLE_500000" />
          </LayerPad>
          <LayerPad layerRef="Top Solder">
            <Location x="2.195" y="1.54" />
            <StandardPrimitiveRef id="CIRCLE_580000" />
          </LayerPad>
          <LayerPad layerRef="Bottom Solder">
            <Location x="2.195" y="1.54" />
            <StandardPrimitiveRef id="CIRCLE_580000" />
          </LayerPad>
        </PadStack>
        <PadStack net="GND">
          <LayerHole name="Via_11" diameter="0.028" platingStatus="VIA" plusTol="0" minusTol="0" x="2.16" y="2.7">
            <Span fromLayer="Top Layer" toLayer="Bottom Layer" />
          </LayerHole>
          <LayerPad layerRef="Top Layer">
            <Location x="2.16" y="2.7" />
            <StandardPrimitiveRef id="CIRCLE_500000" />
          </LayerPad>
          <LayerPad layerRef="Bottom Layer">
            <Location x="2.16" y="2.7" />
            <StandardPrimitiveRef id="CIRCLE_500000" />
          </LayerPad>
          <LayerPad layerRef="Top Solder">
            <Location x="2.16" y="2.7" />
            <StandardPrimitiveRef id="CIRCLE_580000" />
          </LayerPad>
          <LayerPad layerRef="Bottom Solder">
            <Location x="2.16" y="2.7" />
            <StandardPrimitiveRef id="CIRCLE_580000" />
          </LayerPad>
        </PadStack>
        <PadStack net="GND">
          <LayerHole name="Via_12" diameter="0.028" platingStatus="VIA" plusTol="0" minusTol="0" x="1.96" y="2.7">
            <Span fromLayer="Top Layer" toLayer="Bottom Layer" />
          </LayerHole>
          <LayerPad layerRef="Top Layer">
            <Location x="1.96" y="2.7" />
            <StandardPrimitiveRef id="CIRCLE_500000" />
          </LayerPad>
          <LayerPad layerRef="Bottom Layer">
            <Location x="1.96" y="2.7" />
            <StandardPrimitiveRef id="CIRCLE_500000" />
          </LayerPad>
          <LayerPad layerRef="Top Solder">
            <Location x="1.96" y="2.7" />
            <StandardPrimitiveRef id="CIRCLE_580000" />
          </LayerPad>
          <LayerPad layerRef="Bottom Solder">
            <Location x="1.96" y="2.7" />
            <StandardPrimitiveRef id="CIRCLE_580000" />
          </LayerPad>
        </PadStack>
        <PadStack net="NetD2_2">
          <LayerPad layerRef="Top Paste">
            <Xform rotation="90" />
            <Location x="2.63374" y="1.67" />
            <StandardPrimitiveRef id="RECTANGLE_787402X787402" />
            <PinRef componentRef="D2" pin="2" />
          </LayerPad>
          <LayerPad layerRef="Top Solder">
            <Xform rotation="90" />
            <Location x="2.63374" y="1.67" />
            <StandardPrimitiveRef id="RECTANGLE_867402X867402" />
            <PinRef componentRef="D2" pin="2" />
          </LayerPad>
          <LayerPad layerRef="Top Layer">
            <Xform rotation="90" />
            <Location x="2.63374" y="1.67" />
            <StandardPrimitiveRef id="RECTANGLE_787402X787402" />
            <PinRef componentRef="D2" pin="2" />
          </LayerPad>
        </PadStack>
        <PadStack net="NetC1_1">
          <LayerPad layerRef="Top Paste">
            <Xform rotation="90" />
            <Location x="2.47626" y="1.67" />
            <StandardPrimitiveRef id="RECTANGLE_787402X787402" />
            <PinRef componentRef="D2" pin="1" />
          </LayerPad>
          <LayerPad layerRef="Top Solder">
            <Xform rotation="90" />
            <Location x="2.47626" y="1.67" />
            <StandardPrimitiveRef id="RECTANGLE_867402X867402" />
            <PinRef componentRef="D2" pin="1" />
          </LayerPad>
          <LayerPad layerRef="Top Layer">
            <Xform rotation="90" />
            <Location x="2.47626" y="1.67" />
            <StandardPrimitiveRef id="RECTANGLE_787402X787402" />
            <PinRef componentRef="D2" pin="1" />
          </LayerPad>
        </PadStack>
        <PadStack net="NetD1_2">
          <LayerPad layerRef="Top Paste">
            <Xform rotation="90" />
            <Location x="2.62874" y="1.45" />
            <StandardPrimitiveRef id="RECTANGLE_787402X787402" />
            <PinRef componentRef="D1" pin="2" />
          </LayerPad>
          <LayerPad layerRef="Top Solder">
            <Xform rotation="90" />
            <Location x="2.62874" y="1.45" />
            <StandardPrimitiveRef id="RECTANGLE_867402X867402" />
            <PinRef componentRef="D1" pin="2" />
          </LayerPad>
          <LayerPad layerRef="Top Layer">
            <Xform rotation="90" />
            <Location x="2.62874" y="1.45" />
            <StandardPrimitiveRef id="RECTANGLE_787402X787402" />
            <PinRef componentRef="D1" pin="2" />
          </LayerPad>
        </PadStack>
        <PadStack net="NetC1_1">
          <LayerPad layerRef="Top Paste">
            <Xform rotation="90" />
            <Location x="2.47126" y="1.45" />
            <StandardPrimitiveRef id="RECTANGLE_787402X787402" />
            <PinRef componentRef="D1" pin="1" />
          </LayerPad>
          <LayerPad layerRef="Top Solder">
            <Xform rotation="90" />
            <Location x="2.47126" y="1.45" />
            <StandardPrimitiveRef id="RECTANGLE_867402X867402" />
            <PinRef componentRef="D1" pin="1" />
          </LayerPad>
          <LayerPad layerRef="Top Layer">
            <Xform rotation="90" />
            <Location x="2.47126" y="1.45" />
            <StandardPrimitiveRef id="RECTANGLE_787402X787402" />
            <PinRef componentRef="D1" pin="1" />
          </LayerPad>
        </PadStack>
        <PadStack net="NetC1_1">
          <LayerPad layerRef="Top Paste">
            <Xform rotation="270" />
            <Location x="2.315" y="2.206417" />
            <StandardPrimitiveRef id="RECTANGLE_374016X551180" />
            <PinRef componentRef="C1" pin="1" />
          </LayerPad>
          <LayerPad layerRef="Top Solder">
            <Xform rotation="270" />
            <Location x="2.315" y="2.206417" />
            <StandardPrimitiveRef id="RECTANGLE_374016X551180" />
            <PinRef componentRef="C1" pin="1" />
          </LayerPad>
          <LayerPad layerRef="Top Layer">
            <Xform rotation="270" />
            <Location x="2.315" y="2.206417" />
            <StandardPrimitiveRef id="RECTANGLE_374016X551180" />
            <PinRef componentRef="C1" pin="1" />
          </LayerPad>
        </PadStack>
        <PadStack net="GND">
          <LayerPad layerRef="Top Paste">
            <Xform rotation="270" />
            <Location x="2.315" y="2.133583" />
            <StandardPrimitiveRef id="RECTANGLE_374016X551180" />
            <PinRef componentRef="C1" pin="2" />
          </LayerPad>
          <LayerPad layerRef="Top Solder">
            <Xform rotation="270" />
            <Location x="2.315" y="2.133583" />
            <StandardPrimitiveRef id="RECTANGLE_374016X551180" />
            <PinRef componentRef="C1" pin="2" />
          </LayerPad>
          <LayerPad layerRef="Top Layer">
            <Xform rotation="270" />
            <Location x="2.315" y="2.133583" />
            <StandardPrimitiveRef id="RECTANGLE_374016X551180" />
            <PinRef componentRef="C1" pin="2" />
          </LayerPad>
        </PadStack>
        <PadStack net="NetC2_1">
          <LayerPad layerRef="Top Paste">
            <Xform rotation="270" />
            <Location x="1.54" y="2.47" />
            <StandardPrimitiveRef id="CIRCLE_1574804" />
            <PinRef componentRef="J1" pin="2" />
          </LayerPad>
          <LayerPad layerRef="Top Solder">
            <Xform rotation="270" />
            <Location x="1.54" y="2.47" />
            <StandardPrimitiveRef id="CIRCLE_1654804" />
            <PinRef componentRef="J1" pin="2" />
          </LayerPad>
          <LayerPad layerRef="Top Layer">
            <Xform rotation="270" />
            <Location x="1.54" y="2.47" />
            <StandardPrimitiveRef id="CIRCLE_1574804" />
            <PinRef componentRef="J1" pin="2" />
          </LayerPad>
        </PadStack>
        <PadStack net="NetC2_1">
          <LayerPad layerRef="Top Paste">
            <Xform rotation="270" />
            <Location x="1.54" y="1.45" />
            <StandardPrimitiveRef id="CIRCLE_1574804" />
            <PinRef componentRef="J3" pin="2" />
          </LayerPad>
          <LayerPad layerRef="Top Solder">
            <Xform rotation="270" />
            <Location x="1.54" y="1.45" />
            <StandardPrimitiveRef id="CIRCLE_1654804" />
            <PinRef componentRef="J3" pin="2" />
          </LayerPad>
          <LayerPad layerRef="Top Layer">
            <Xform rotation="270" />
            <Location x="1.54" y="1.45" />
            <StandardPrimitiveRef id="CIRCLE_1574804" />
            <PinRef componentRef="J3" pin="2" />
          </LayerPad>
        </PadStack>
        <PadStack net="GND">
          <LayerPad layerRef="Top Paste">
            <Xform rotation="90" />
            <Location x="2.369449" y="2.639921" />
            <StandardPrimitiveRef id="RECTANGLE_1299212X1598424" />
            <PinRef componentRef="J6" pin="1" />
          </LayerPad>
          <LayerPad layerRef="Top Solder">
            <Xform rotation="90" />
            <Location x="2.369449" y="2.639921" />
            <StandardPrimitiveRef id="RECTANGLE_1299212X1598424" />
            <PinRef componentRef="J6" pin="1" />
          </LayerPad>
          <LayerPad layerRef="Top Layer">
            <Xform rotation="90" />
            <Location x="2.369449" y="2.639921" />
            <StandardPrimitiveRef id="RECTANGLE_1299212X1598424" />
            <PinRef componentRef="J6" pin="1" />
          </LayerPad>
        </PadStack>
        <PadStack net="NetD2_2">
          <LayerPad layerRef="Top Paste">
            <Xform rotation="90" />
            <Location x="2.729291" y="2.35685" />
            <StandardPrimitiveRef id="RECTANGLE_1500000X2500000" />
            <PinRef componentRef="J6" pin="2" />
          </LayerPad>
          <LayerPad layerRef="Top Solder">
            <Xform rotation="90" />
            <Location x="2.729291" y="2.35685" />
            <StandardPrimitiveRef id="RECTANGLE_1500000X2500000" />
            <PinRef componentRef="J6" pin="2" />
          </LayerPad>
          <LayerPad layerRef="Top Layer">
            <Xform rotation="90" />
            <Location x="2.729291" y="2.35685" />
            <StandardPrimitiveRef id="RECTANGLE_1500000X2500000" />
            <PinRef componentRef="J6" pin="2" />
          </LayerPad>
        </PadStack>
        <PadStack net="GND">
          <LayerPad layerRef="Top Paste">
            <Xform rotation="90" />
            <Location x="2.729291" y="2.880079" />
            <StandardPrimitiveRef id="RECTANGLE_1299212X2500000" />
            <PinRef componentRef="J6" pin="3" />
          </LayerPad>
          <LayerPad layerRef="Top Solder">
            <Xform rotation="90" />
            <Location x="2.729291" y="2.880079" />
            <StandardPrimitiveRef id="RECTANGLE_1299212X2500000" />
            <PinRef componentRef="J6" pin="3" />
          </LayerPad>
          <LayerPad layerRef="Top Layer">
            <Xform rotation="90" />
            <Location x="2.729291" y="2.880079" />
            <StandardPrimitiveRef id="RECTANGLE_1299212X2500000" />
            <PinRef componentRef="J6" pin="3" />
          </LayerPad>
        </PadStack>
        <PadStack net="NetC1_1">
          <LayerPad layerRef="Top Paste">
            <Xform rotation="180" />
            <Location x="2.368543" y="3.12" />
            <StandardPrimitiveRef id="RECTANGLE_236220X314960" />
            <PinRef componentRef="LED2" pin="1" />
          </LayerPad>
          <LayerPad layerRef="Top Solder">
            <Xform rotation="180" />
            <Location x="2.368543" y="3.12" />
            <StandardPrimitiveRef id="RECTANGLE_316220X394960" />
            <PinRef componentRef="LED2" pin="1" />
          </LayerPad>
          <LayerPad layerRef="Top Layer">
            <Xform rotation="180" />
            <Location x="2.368543" y="3.12" />
            <StandardPrimitiveRef id="RECTANGLE_236220X314960" />
            <PinRef componentRef="LED2" pin="1" />
          </LayerPad>
        </PadStack>
        <PadStack net="NetLED1_2">
          <LayerPad layerRef="Top Paste">
            <Xform rotation="180" />
            <Location x="2.311457" y="3.12" />
            <StandardPrimitiveRef id="RECTANGLE_236220X314960" />
            <PinRef componentRef="LED2" pin="2" />
          </LayerPad>
          <LayerPad layerRef="Top Solder">
            <Xform rotation="180" />
            <Location x="2.311457" y="3.12" />
            <StandardPrimitiveRef id="RECTANGLE_316220X394960" />
            <PinRef componentRef="LED2" pin="2" />
          </LayerPad>
          <LayerPad layerRef="Top Layer">
            <Xform rotation="180" />
            <Location x="2.311457" y="3.12" />
            <StandardPrimitiveRef id="RECTANGLE_236220X314960" />
            <PinRef componentRef="LED2" pin="2" />
          </LayerPad>
        </PadStack>
        <PadStack net="NetC1_1">
          <LayerPad layerRef="Top Paste">
            <Xform rotation="180" />
            <Location x="2.368543" y="3.06" />
            <StandardPrimitiveRef id="RECTANGLE_236220X314960" />
            <PinRef componentRef="LED1" pin="1" />
          </LayerPad>
          <LayerPad layerRef="Top Solder">
            <Xform rotation="180" />
            <Location x="2.368543" y="3.06" />
            <StandardPrimitiveRef id="RECTANGLE_316220X394960" />
            <PinRef componentRef="LED1" pin="1" />
          </LayerPad>
          <LayerPad layerRef="Top Layer">
            <Xform rotation="180" />
            <Location x="2.368543" y="3.06" />
            <StandardPrimitiveRef id="RECTANGLE_236220X314960" />
            <PinRef componentRef="LED1" pin="1" />
          </LayerPad>
        </PadStack>
        <PadStack net="NetLED1_2">
          <LayerPad layerRef="Top Paste">
            <Xform rotation="180" />
            <Location x="2.311457" y="3.06" />
            <StandardPrimitiveRef id="RECTANGLE_236220X314960" />
            <PinRef componentRef="LED1" pin="2" />
          </LayerPad>
          <LayerPad layerRef="Top Solder">
            <Xform rotation="180" />
            <Location x="2.311457" y="3.06" />
            <StandardPrimitiveRef id="RECTANGLE_316220X394960" />
            <PinRef componentRef="LED1" pin="2" />
          </LayerPad>
          <LayerPad layerRef="Top Layer">
            <Xform rotation="180" />
            <Location x="2.311457" y="3.06" />
            <StandardPrimitiveRef id="RECTANGLE_236220X314960" />
            <PinRef componentRef="LED1" pin="2" />
          </LayerPad>
        </PadStack>
        <PadStack net="NetD1_2">
          <LayerPad layerRef="Top Paste">
            <Xform rotation="270" />
            <Location x="2.83685" y="1.448819" />
            <StandardPrimitiveRef id="RECTANGLE_157480X531496" />
            <PinRef componentRef="J2" pin="1" />
          </LayerPad>
          <LayerPad layerRef="Top Solder">
            <Xform rotation="270" />
            <Location x="2.83685" y="1.448819" />
            <StandardPrimitiveRef id="RECTANGLE_237480X611496" />
            <PinRef componentRef="J2" pin="1" />
          </LayerPad>
          <LayerPad layerRef="Top Layer">
            <Xform rotation="270" />
            <Location x="2.83685" y="1.448819" />
            <StandardPrimitiveRef id="RECTANGLE_157480X531496" />
            <PinRef componentRef="J2" pin="1" />
          </LayerPad>
        </PadStack>
        <PadStack net="No Net">
          <LayerPad layerRef="Top Paste">
            <Xform rotation="270" />
            <Location x="2.83685" y="1.47441" />
            <StandardPrimitiveRef id="RECTANGLE_157480X531496" />
            <PinRef componentRef="J2" pin="2" />
          </LayerPad>
          <LayerPad layerRef="Top Solder">
            <Xform rotation="270" />
            <Location x="2.83685" y="1.47441" />
            <StandardPrimitiveRef id="RECTANGLE_237480X611496" />
            <PinRef componentRef="J2" pin="2" />
          </LayerPad>
          <LayerPad layerRef="Top Layer">
            <Xform rotation="270" />
            <Location x="2.83685" y="1.47441" />
            <StandardPrimitiveRef id="RECTANGLE_157480X531496" />
            <PinRef componentRef="J2" pin="2" />
          </LayerPad>
        </PadStack>
        <PadStack net="No Net">
          <LayerPad layerRef="Top Paste">
            <Xform rotation="270" />
            <Location x="2.83685" y="1.5" />
            <StandardPrimitiveRef id="RECTANGLE_157480X531496" />
            <PinRef componentRef="J2" pin="3" />
          </LayerPad>
          <LayerPad layerRef="Top Solder">
            <Xform rotation="270" />
            <Location x="2.83685" y="1.5" />
            <StandardPrimitiveRef id="RECTANGLE_237480X611496" />
            <PinRef componentRef="J2" pin="3" />
          </LayerPad>
          <LayerPad layerRef="Top Layer">
            <Xform rotation="270" />
            <Location x="2.83685" y="1.5" />
            <StandardPrimitiveRef id="RECTANGLE_157480X531496" />
            <PinRef componentRef="J2" pin="3" />
          </LayerPad>
        </PadStack>
        <PadStack net="No Net">
          <LayerPad layerRef="Top Paste">
            <Xform rotation="270" />
            <Location x="2.83685" y="1.525591" />
            <StandardPrimitiveRef id="RECTANGLE_157480X531496" />
            <PinRef componentRef="J2" pin="4" />
          </LayerPad>
          <LayerPad layerRef="Top Solder">
            <Xform rotation="270" />
            <Location x="2.83685" y="1.525591" />
            <StandardPrimitiveRef id="RECTANGLE_237480X611496" />
            <PinRef componentRef="J2" pin="4" />
          </LayerPad>
          <LayerPad layerRef="Top Layer">
            <Xform rotation="270" />
            <Location x="2.83685" y="1.525591" />
            <StandardPrimitiveRef id="RECTANGLE_157480X531496" />
            <PinRef componentRef="J2" pin="4" />
          </LayerPad>
        </PadStack>
        <PadStack net="GND">
          <LayerPad layerRef="Top Paste">
            <Xform rotation="270" />
            <Location x="2.83685" y="1.551181" />
            <StandardPrimitiveRef id="RECTANGLE_157480X531496" />
            <PinRef componentRef="J2" pin="5" />
          </LayerPad>
          <LayerPad layerRef="Top Solder">
            <Xform rotation="270" />
            <Location x="2.83685" y="1.551181" />
            <StandardPrimitiveRef id="RECTANGLE_237480X611496" />
            <PinRef componentRef="J2" pin="5" />
          </LayerPad>
          <LayerPad layerRef="Top Layer">
            <Xform rotation="270" />
            <Location x="2.83685" y="1.551181" />
            <StandardPrimitiveRef id="RECTANGLE_157480X531496" />
            <PinRef componentRef="J2" pin="5" />
          </LayerPad>
        </PadStack>
        <PadStack net="No Net">
          <LayerPad layerRef="Top Paste">
            <Xform rotation="270" />
            <Location x="2.94315" y="1.46063" />
            <StandardPrimitiveRef id="RECTANGLE_590552X748032" />
            <PinRef componentRef="J2" pin="9" />
          </LayerPad>
          <LayerPad layerRef="Top Solder">
            <Xform rotation="270" />
            <Location x="2.94315" y="1.46063" />
            <StandardPrimitiveRef id="RECTANGLE_670552X828032" />
            <PinRef componentRef="J2" pin="9" />
          </LayerPad>
          <LayerPad layerRef="Top Layer">
            <Xform rotation="270" />
            <Location x="2.94315" y="1.46063" />
            <StandardPrimitiveRef id="RECTANGLE_590552X748032" />
            <PinRef componentRef="J2" pin="9" />
          </LayerPad>
        </PadStack>
        <PadStack net="No Net">
          <LayerPad layerRef="Top Paste">
            <Xform rotation="270" />
            <Location x="2.94315" y="1.53937" />
            <StandardPrimitiveRef id="RECTANGLE_590552X748032" />
            <PinRef componentRef="J2" pin="10" />
          </LayerPad>
          <LayerPad layerRef="Top Solder">
            <Xform rotation="270" />
            <Location x="2.94315" y="1.53937" />
            <StandardPrimitiveRef id="RECTANGLE_670552X828032" />
            <PinRef componentRef="J2" pin="10" />
          </LayerPad>
          <LayerPad layerRef="Top Layer">
            <Xform rotation="270" />
            <Location x="2.94315" y="1.53937" />
            <StandardPrimitiveRef id="RECTANGLE_590552X748032" />
            <PinRef componentRef="J2" pin="10" />
          </LayerPad>
        </PadStack>
        <PadStack net="NetR1_2">
          <LayerPad layerRef="Top Paste">
            <Xform />
            <Location x="2.18" y="2.150472" />
            <StandardPrimitiveRef id="RECTANGLE_531496X393700" />
            <PinRef componentRef="R1" pin="2" />
          </LayerPad>
          <LayerPad layerRef="Top Solder">
            <Xform />
            <Location x="2.18" y="2.150472" />
            <StandardPrimitiveRef id="RECTANGLE_611496X473700" />
            <PinRef componentRef="R1" pin="2" />
          </LayerPad>
          <LayerPad layerRef="Top Layer">
            <Xform />
            <Location x="2.18" y="2.150472" />
            <StandardPrimitiveRef id="RECTANGLE_531496X393700" />
            <PinRef componentRef="R1" pin="2" />
          </LayerPad>
        </PadStack>
        <PadStack net="NetLED1_2">
          <LayerPad layerRef="Top Paste">
            <Xform />
            <Location x="2.18" y="2.209528" />
            <StandardPrimitiveRef id="RECTANGLE_531496X393700" />
            <PinRef componentRef="R1" pin="1" />
          </LayerPad>
          <LayerPad layerRef="Top Solder">
            <Xform />
            <Location x="2.18" y="2.209528" />
            <StandardPrimitiveRef id="RECTANGLE_611496X473700" />
            <PinRef componentRef="R1" pin="1" />
          </LayerPad>
          <LayerPad layerRef="Top Layer">
            <Xform />
            <Location x="2.18" y="2.209528" />
            <StandardPrimitiveRef id="RECTANGLE_531496X393700" />
            <PinRef componentRef="R1" pin="1" />
          </LayerPad>
        </PadStack>
        <PadStack net="GND">
          <LayerPad layerRef="Top Paste">
            <Xform rotation="90" />
            <Location x="1.96" y="2.872565" />
            <StandardPrimitiveRef id="RECTANGLE_396260X554416" />
            <PinRef componentRef="R3" pin="1" />
          </LayerPad>
          <LayerPad layerRef="Top Solder">
            <Xform rotation="90" />
            <Location x="1.96" y="2.872565" />
            <StandardPrimitiveRef id="RECTANGLE_396260X554416" />
            <PinRef componentRef="R3" pin="1" />
          </LayerPad>
          <LayerPad layerRef="Top Layer">
            <Xform rotation="90" />
            <Location x="1.96" y="2.872565" />
            <StandardPrimitiveRef id="RECTANGLE_396260X554416" />
            <PinRef componentRef="R3" pin="1" />
          </LayerPad>
        </PadStack>
        <PadStack net="NetR3_2">
          <LayerPad layerRef="Top Paste">
            <Xform rotation="90" />
            <Location x="1.96" y="2.947435" />
            <StandardPrimitiveRef id="RECTANGLE_396260X554416" />
            <PinRef componentRef="R3" pin="2" />
          </LayerPad>
          <LayerPad layerRef="Top Solder">
            <Xform rotation="90" />
            <Location x="1.96" y="2.947435" />
            <StandardPrimitiveRef id="RECTANGLE_396260X554416" />
            <PinRef componentRef="R3" pin="2" />
          </LayerPad>
          <LayerPad layerRef="Top Layer">
            <Xform rotation="90" />
            <Location x="1.96" y="2.947435" />
            <StandardPrimitiveRef id="RECTANGLE_396260X554416" />
            <PinRef componentRef="R3" pin="2" />
          </LayerPad>
        </PadStack>
        <PadStack net="GND">
          <LayerPad layerRef="Top Paste">
            <Xform rotation="90" />
            <Location x="2.16" y="2.865473" />
            <StandardPrimitiveRef id="RECTANGLE_416592X536272" />
            <PinRef componentRef="R4" pin="1" />
          </LayerPad>
          <LayerPad layerRef="Top Solder">
            <Xform rotation="90" />
            <Location x="2.16" y="2.865473" />
            <StandardPrimitiveRef id="RECTANGLE_416592X536272" />
            <PinRef componentRef="R4" pin="1" />
          </LayerPad>
          <LayerPad layerRef="Top Layer">
            <Xform rotation="90" />
            <Location x="2.16" y="2.865473" />
            <StandardPrimitiveRef id="RECTANGLE_416592X536272" />
            <PinRef componentRef="R4" pin="1" />
          </LayerPad>
        </PadStack>
        <PadStack net="NetR4_2">
          <LayerPad layerRef="Top Paste">
            <Xform rotation="90" />
            <Location x="2.16" y="2.934527" />
            <StandardPrimitiveRef id="RECTANGLE_416592X536272" />
            <PinRef componentRef="R4" pin="2" />
          </LayerPad>
          <LayerPad layerRef="Top Solder">
            <Xform rotation="90" />
            <Location x="2.16" y="2.934527" />
            <StandardPrimitiveRef id="RECTANGLE_416592X536272" />
            <PinRef componentRef="R4" pin="2" />
          </LayerPad>
          <LayerPad layerRef="Top Layer">
            <Xform rotation="90" />
            <Location x="2.16" y="2.934527" />
            <StandardPrimitiveRef id="RECTANGLE_416592X536272" />
            <PinRef componentRef="R4" pin="2" />
          </LayerPad>
        </PadStack>
        <PadStack net="NetR2_2">
          <LayerPad layerRef="Top Paste">
            <Xform rotation="180" />
            <Location x="2.102598" y="2.037244" />
            <StandardPrimitiveRef id="RECTANGLE_275592X511812" />
            <PinRef componentRef="U1" pin="5" />
          </LayerPad>
          <LayerPad layerRef="Top Solder">
            <Xform rotation="180" />
            <Location x="2.102598" y="2.037244" />
            <StandardPrimitiveRef id="RECTANGLE_355592X591812" />
            <PinRef componentRef="U1" pin="5" />
          </LayerPad>
          <LayerPad layerRef="Top Layer">
            <Xform rotation="180" />
            <Location x="2.102598" y="2.037244" />
            <StandardPrimitiveRef id="RECTANGLE_275592X511812" />
            <PinRef componentRef="U1" pin="5" />
          </LayerPad>
        </PadStack>
        <PadStack net="NetC1_1">
          <LayerPad layerRef="Top Paste">
            <Xform rotation="180" />
            <Location x="2.177402" y="2.037244" />
            <StandardPrimitiveRef id="RECTANGLE_275592X511812" />
            <PinRef componentRef="U1" pin="4" />
          </LayerPad>
          <LayerPad layerRef="Top Solder">
            <Xform rotation="180" />
            <Location x="2.177402" y="2.037244" />
            <StandardPrimitiveRef id="RECTANGLE_355592X591812" />
            <PinRef componentRef="U1" pin="4" />
          </LayerPad>
          <LayerPad layerRef="Top Layer">
            <Xform rotation="180" />
            <Location x="2.177402" y="2.037244" />
            <StandardPrimitiveRef id="RECTANGLE_275592X511812" />
            <PinRef componentRef="U1" pin="4" />
          </LayerPad>
        </PadStack>
        <PadStack net="NetC2_1">
          <LayerPad layerRef="Top Paste">
            <Xform rotation="180" />
            <Location x="2.177402" y="1.942756" />
            <StandardPrimitiveRef id="RECTANGLE_275592X511812" />
            <PinRef componentRef="U1" pin="3" />
          </LayerPad>
          <LayerPad layerRef="Top Solder">
            <Xform rotation="180" />
            <Location x="2.177402" y="1.942756" />
            <StandardPrimitiveRef id="RECTANGLE_355592X591812" />
            <PinRef componentRef="U1" pin="3" />
          </LayerPad>
          <LayerPad layerRef="Top Layer">
            <Xform rotation="180" />
            <Location x="2.177402" y="1.942756" />
            <StandardPrimitiveRef id="RECTANGLE_275592X511812" />
            <PinRef componentRef="U1" pin="3" />
          </LayerPad>
        </PadStack>
        <PadStack net="GND">
          <LayerPad layerRef="Top Paste">
            <Xform rotation="180" />
            <Location x="2.14" y="1.942756" />
            <StandardPrimitiveRef id="RECTANGLE_275592X511812" />
            <PinRef componentRef="U1" pin="2" />
          </LayerPad>
          <LayerPad layerRef="Top Solder">
            <Xform rotation="180" />
            <Location x="2.14" y="1.942756" />
            <StandardPrimitiveRef id="RECTANGLE_355592X591812" />
            <PinRef componentRef="U1" pin="2" />
          </LayerPad>
          <LayerPad layerRef="Top Layer">
            <Xform rotation="180" />
            <Location x="2.14" y="1.942756" />
            <StandardPrimitiveRef id="RECTANGLE_275592X511812" />
            <PinRef componentRef="U1" pin="2" />
          </LayerPad>
        </PadStack>
        <PadStack net="NetR1_2">
          <LayerPad layerRef="Top Paste">
            <Xform rotation="180" />
            <Location x="2.102598" y="1.942756" />
            <StandardPrimitiveRef id="RECTANGLE_275592X511812" />
            <PinRef componentRef="U1" pin="1" />
          </LayerPad>
          <LayerPad layerRef="Top Solder">
            <Xform rotation="180" />
            <Location x="2.102598" y="1.942756" />
            <StandardPrimitiveRef id="RECTANGLE_355592X591812" />
            <PinRef componentRef="U1" pin="1" />
          </LayerPad>
          <LayerPad layerRef="Top Layer">
            <Xform rotation="180" />
            <Location x="2.102598" y="1.942756" />
            <StandardPrimitiveRef id="RECTANGLE_275592X511812" />
            <PinRef componentRef="U1" pin="1" />
          </LayerPad>
        </PadStack>
        <PadStack net="NetC2_1">
          <LayerPad layerRef="Top Paste">
            <Xform rotation="270" />
            <Location x="2.195" y="1.706417" />
            <StandardPrimitiveRef id="RECTANGLE_374016X551180" />
            <PinRef componentRef="C2" pin="1" />
          </LayerPad>
          <LayerPad layerRef="Top Solder">
            <Xform rotation="270" />
            <Location x="2.195" y="1.706417" />
            <StandardPrimitiveRef id="RECTANGLE_374016X551180" />
            <PinRef componentRef="C2" pin="1" />
          </LayerPad>
          <LayerPad layerRef="Top Layer">
            <Xform rotation="270" />
            <Location x="2.195" y="1.706417" />
            <StandardPrimitiveRef id="RECTANGLE_374016X551180" />
            <PinRef componentRef="C2" pin="1" />
          </LayerPad>
        </PadStack>
        <PadStack net="GND">
          <LayerPad layerRef="Top Paste">
            <Xform rotation="270" />
            <Location x="2.195" y="1.633583" />
            <StandardPrimitiveRef id="RECTANGLE_374016X551180" />
            <PinRef componentRef="C2" pin="2" />
          </LayerPad>
          <LayerPad layerRef="Top Solder">
            <Xform rotation="270" />
            <Location x="2.195" y="1.633583" />
            <StandardPrimitiveRef id="RECTANGLE_374016X551180" />
            <PinRef componentRef="C2" pin="2" />
          </LayerPad>
          <LayerPad layerRef="Top Layer">
            <Xform rotation="270" />
            <Location x="2.195" y="1.633583" />
            <StandardPrimitiveRef id="RECTANGLE_374016X551180" />
            <PinRef componentRef="C2" pin="2" />
          </LayerPad>
        </PadStack>
        <PadStack net="NetR4_2">
          <LayerPad layerRef="Top Paste">
            <Xform />
            <Location x="2.085" y="3.16" />
            <StandardPrimitiveRef id="RECTANGLE_250000X500000" />
            <PinRef componentRef="SJ1" pin="3" />
          </LayerPad>
          <LayerPad layerRef="Top Solder">
            <Xform />
            <Location x="2.085" y="3.16" />
            <StandardPrimitiveRef id="RECTANGLE_330000X580000" />
            <PinRef componentRef="SJ1" pin="3" />
          </LayerPad>
          <LayerPad layerRef="Top Layer">
            <Xform />
            <Location x="2.085" y="3.16" />
            <StandardPrimitiveRef id="RECTANGLE_250000X500000" />
            <PinRef componentRef="SJ1" pin="3" />
          </LayerPad>
        </PadStack>
        <PadStack net="NetR2_2">
          <LayerPad layerRef="Top Paste">
            <Xform />
            <Location x="2.05" y="3.16" />
            <StandardPrimitiveRef id="RECTANGLE_250000X500000" />
            <PinRef componentRef="SJ1" pin="2" />
          </LayerPad>
          <LayerPad layerRef="Top Solder">
            <Xform />
            <Location x="2.05" y="3.16" />
            <StandardPrimitiveRef id="RECTANGLE_330000X580000" />
            <PinRef componentRef="SJ1" pin="2" />
          </LayerPad>
          <LayerPad layerRef="Top Layer">
            <Xform />
            <Location x="2.05" y="3.16" />
            <StandardPrimitiveRef id="RECTANGLE_250000X500000" />
            <PinRef componentRef="SJ1" pin="2" />
          </LayerPad>
        </PadStack>
        <PadStack net="NetR3_2">
          <LayerPad layerRef="Top Paste">
            <Xform />
            <Location x="2.015" y="3.16" />
            <StandardPrimitiveRef id="RECTANGLE_250000X500000" />
            <PinRef componentRef="SJ1" pin="1" />
          </LayerPad>
          <LayerPad layerRef="Top Solder">
            <Xform />
            <Location x="2.015" y="3.16" />
            <StandardPrimitiveRef id="RECTANGLE_330000X580000" />
            <PinRef componentRef="SJ1" pin="1" />
          </LayerPad>
          <LayerPad layerRef="Top Layer">
            <Xform />
            <Location x="2.015" y="3.16" />
            <StandardPrimitiveRef id="RECTANGLE_250000X500000" />
            <PinRef componentRef="SJ1" pin="1" />
          </LayerPad>
        </PadStack>
        <PadStack net="No Net">
          <LayerPad layerRef="Top Solder">
            <Xform rotation="90" />
            <Location x="2.877323" y="2.61" />
            <StandardPrimitiveRef id="CIRCLE_700788" />
            <PinRef componentRef="J6" pin="0" />
          </LayerPad>
          <LayerPad layerRef="Top Layer">
            <Xform rotation="90" />
            <Location x="2.877323" y="2.61" />
            <StandardPrimitiveRef id="CIRCLE_700788" />
            <PinRef componentRef="J6" pin="0" />
          </LayerPad>
          <LayerPad layerRef="Bottom Layer">
            <Xform rotation="90" />
            <Location x="2.877323" y="2.61" />
            <StandardPrimitiveRef id="CIRCLE_700788" />
            <PinRef componentRef="J6" pin="0" />
          </LayerPad>
          <LayerPad layerRef="Bottom Solder">
            <Xform rotation="90" />
            <Location x="2.877323" y="2.61" />
            <StandardPrimitiveRef id="CIRCLE_700788" />
            <PinRef componentRef="J6" pin="0" />
          </LayerPad>
        </PadStack>
        <PadStack net="No Net">
          <LayerPad layerRef="Top Solder">
            <Xform rotation="270" />
            <Location x="2.83685" y="1.598425" />
            <StandardPrimitiveRef id="CIRCLE_650866" />
            <PinRef componentRef="J2" pin="7" />
          </LayerPad>
          <LayerPad layerRef="Top Layer">
            <Xform rotation="270" />
            <Location x="2.83685" y="1.598425" />
            <StandardPrimitiveRef id="CIRCLE_570866" />
            <PinRef componentRef="J2" pin="7" />
          </LayerPad>
          <LayerPad layerRef="Bottom Layer">
            <Xform rotation="270" />
            <Location x="2.83685" y="1.598425" />
            <StandardPrimitiveRef id="CIRCLE_570866" />
            <PinRef componentRef="J2" pin="7" />
          </LayerPad>
          <LayerPad layerRef="Bottom Solder">
            <Xform rotation="270" />
            <Location x="2.83685" y="1.598425" />
            <StandardPrimitiveRef id="CIRCLE_650866" />
            <PinRef componentRef="J2" pin="7" />
          </LayerPad>
        </PadStack>
        <PadStack net="No Net">
          <LayerPad layerRef="Top Solder">
            <Xform rotation="270" />
            <Location x="2.83685" y="1.401575" />
            <StandardPrimitiveRef id="CIRCLE_650866" />
            <PinRef componentRef="J2" pin="6" />
          </LayerPad>
          <LayerPad layerRef="Top Layer">
            <Xform rotation="270" />
            <Location x="2.83685" y="1.401575" />
            <StandardPrimitiveRef id="CIRCLE_570866" />
            <PinRef componentRef="J2" pin="6" />
          </LayerPad>
          <LayerPad layerRef="Bottom Layer">
            <Xform rotation="270" />
            <Location x="2.83685" y="1.401575" />
            <StandardPrimitiveRef id="CIRCLE_570866" />
            <PinRef componentRef="J2" pin="6" />
          </LayerPad>
          <LayerPad layerRef="Bottom Solder">
            <Xform rotation="270" />
            <Location x="2.83685" y="1.401575" />
            <StandardPrimitiveRef id="CIRCLE_650866" />
            <PinRef componentRef="J2" pin="6" />
          </LayerPad>
        </PadStack>
        <PadStack net="No Net">
          <LayerPad layerRef="Top Layer">
            <Xform rotation="180" />
            <Location x="2.94315" y="1.637795" />
            <StandardPrimitiveRef id="POLYLINE_1" />
            <PinRef componentRef="J2" pin="11" />
          </LayerPad>
          <LayerPad layerRef="Bottom Layer">
            <Xform rotation="180" />
            <Location x="2.94315" y="1.637795" />
            <StandardPrimitiveRef id="POLYLINE_2" />
            <PinRef componentRef="J2" pin="11" />
          </LayerPad>
        </PadStack>
        <PadStack net="No Net">
          <LayerPad layerRef="Top Layer">
            <Xform rotation="180" />
            <Location x="2.94315" y="1.362205" />
            <StandardPrimitiveRef id="POLYLINE_3" />
            <PinRef componentRef="J2" pin="8" />
          </LayerPad>
          <LayerPad layerRef="Bottom Layer">
            <Xform rotation="180" />
            <Location x="2.94315" y="1.362205" />
            <StandardPrimitiveRef id="POLYLINE_4" />
            <PinRef componentRef="J2" pin="8" />
          </LayerPad>
        </PadStack>
        <PadStack net="GND">
          <LayerPad layerRef="Top Solder">
            <Xform />
            <Location x="1.23315" y="2.18" />
            <StandardPrimitiveRef id="RECTANGLE_492126X492126" />
            <PinRef componentRef="R2" pin="1" />
          </LayerPad>
          <LayerPad layerRef="Top Layer">
            <Xform />
            <Location x="1.23315" y="2.18" />
            <StandardPrimitiveRef id="RECTANGLE_492126X492126" />
            <PinRef componentRef="R2" pin="1" />
          </LayerPad>
          <LayerPad layerRef="Bottom Layer">
            <Xform />
            <Location x="1.23315" y="2.18" />
            <StandardPrimitiveRef id="RECTANGLE_492126X492126" />
            <PinRef componentRef="R2" pin="1" />
          </LayerPad>
          <LayerPad layerRef="Bottom Solder">
            <Xform />
            <Location x="1.23315" y="2.18" />
            <StandardPrimitiveRef id="RECTANGLE_492126X492126" />
            <PinRef componentRef="R2" pin="1" />
          </LayerPad>
        </PadStack>
        <PadStack net="NetR2_2">
          <LayerPad layerRef="Top Solder">
            <Xform />
            <Location x="1.62685" y="2.18" />
            <StandardPrimitiveRef id="CIRCLE_492126" />
            <PinRef componentRef="R2" pin="2" />
          </LayerPad>
          <LayerPad layerRef="Top Layer">
            <Xform />
            <Location x="1.62685" y="2.18" />
            <StandardPrimitiveRef id="CIRCLE_492126" />
            <PinRef componentRef="R2" pin="2" />
          </LayerPad>
          <LayerPad layerRef="Bottom Layer">
            <Xform />
            <Location x="1.62685" y="2.18" />
            <StandardPrimitiveRef id="CIRCLE_492126" />
            <PinRef componentRef="R2" pin="2" />
          </LayerPad>
          <LayerPad layerRef="Bottom Solder">
            <Xform />
            <Location x="1.62685" y="2.18" />
            <StandardPrimitiveRef id="CIRCLE_492126" />
            <PinRef componentRef="R2" pin="2" />
          </LayerPad>
        </PadStack>
        <PadStack net="NetC2_1">
          <LayerPad layerRef="Top Solder">
            <Xform rotation="180" />
            <Location x="1.97" y="2.39" />
            <StandardPrimitiveRef id="CIRCLE_600000" />
            <PinRef componentRef="J4" pin="2" />
          </LayerPad>
          <LayerPad layerRef="Top Layer">
            <Xform rotation="180" />
            <Location x="1.97" y="2.39" />
            <StandardPrimitiveRef id="CIRCLE_600000" />
            <PinRef componentRef="J4" pin="2" />
          </LayerPad>
          <LayerPad layerRef="Bottom Layer">
            <Xform rotation="180" />
            <Location x="1.97" y="2.39" />
            <StandardPrimitiveRef id="CIRCLE_600000" />
            <PinRef componentRef="J4" pin="2" />
          </LayerPad>
          <LayerPad layerRef="Bottom Solder">
            <Xform rotation="180" />
            <Location x="1.97" y="2.39" />
            <StandardPrimitiveRef id="CIRCLE_600000" />
            <PinRef componentRef="J4" pin="2" />
          </LayerPad>
        </PadStack>
        <PadStack net="GND">
          <LayerPad layerRef="Top Solder">
            <Xform rotation="180" />
            <Location x="1.97" y="2.49" />
            <StandardPrimitiveRef id="CIRCLE_600000" />
            <PinRef componentRef="J4" pin="1" />
          </LayerPad>
          <LayerPad layerRef="Top Layer">
            <Xform rotation="180" />
            <Location x="1.97" y="2.49" />
            <StandardPrimitiveRef id="CIRCLE_600000" />
            <PinRef componentRef="J4" pin="1" />
          </LayerPad>
          <LayerPad layerRef="Bottom Layer">
            <Xform rotation="180" />
            <Location x="1.97" y="2.49" />
            <StandardPrimitiveRef id="CIRCLE_600000" />
            <PinRef componentRef="J4" pin="1" />
          </LayerPad>
          <LayerPad layerRef="Bottom Solder">
            <Xform rotation="180" />
            <Location x="1.97" y="2.49" />
            <StandardPrimitiveRef id="CIRCLE_600000" />
            <PinRef componentRef="J4" pin="1" />
          </LayerPad>
        </PadStack>
        <PadStack net="NetC2_1">
          <LayerPad layerRef="Top Solder">
            <Xform rotation="180" />
            <Location x="1.97" y="1.38" />
            <StandardPrimitiveRef id="CIRCLE_600000" />
            <PinRef componentRef="J5" pin="2" />
          </LayerPad>
          <LayerPad layerRef="Top Layer">
            <Xform rotation="180" />
            <Location x="1.97" y="1.38" />
            <StandardPrimitiveRef id="CIRCLE_600000" />
            <PinRef componentRef="J5" pin="2" />
          </LayerPad>
          <LayerPad layerRef="Bottom Layer">
            <Xform rotation="180" />
            <Location x="1.97" y="1.38" />
            <StandardPrimitiveRef id="CIRCLE_600000" />
            <PinRef componentRef="J5" pin="2" />
          </LayerPad>
          <LayerPad layerRef="Bottom Solder">
            <Xform rotation="180" />
            <Location x="1.97" y="1.38" />
            <StandardPrimitiveRef id="CIRCLE_600000" />
            <PinRef componentRef="J5" pin="2" />
          </LayerPad>
        </PadStack>
        <PadStack net="GND">
          <LayerPad layerRef="Top Solder">
            <Xform rotation="180" />
            <Location x="1.97" y="1.48" />
            <StandardPrimitiveRef id="CIRCLE_600000" />
            <PinRef componentRef="J5" pin="1" />
          </LayerPad>
          <LayerPad layerRef="Top Layer">
            <Xform rotation="180" />
            <Location x="1.97" y="1.48" />
            <StandardPrimitiveRef id="CIRCLE_600000" />
            <PinRef componentRef="J5" pin="1" />
          </LayerPad>
          <LayerPad layerRef="Bottom Layer">
            <Xform rotation="180" />
            <Location x="1.97" y="1.48" />
            <StandardPrimitiveRef id="CIRCLE_600000" />
            <PinRef componentRef="J5" pin="1" />
          </LayerPad>
          <LayerPad layerRef="Bottom Solder">
            <Xform rotation="180" />
            <Location x="1.97" y="1.48" />
            <StandardPrimitiveRef id="CIRCLE_600000" />
            <PinRef componentRef="J5" pin="1" />
          </LayerPad>
        </PadStack>
        <PadStack net="GND">
          <LayerPad layerRef="Top Solder">
            <Xform rotation="270" />
            <Location x="1.54" y="2.97" />
            <StandardPrimitiveRef id="CIRCLE_1654804" />
            <PinRef componentRef="J1" pin="1" />
          </LayerPad>
          <LayerPad layerRef="Top Layer">
            <Xform rotation="270" />
            <Location x="1.54" y="2.97" />
            <StandardPrimitiveRef id="CIRCLE_1574804" />
            <PinRef componentRef="J1" pin="1" />
          </LayerPad>
          <LayerPad layerRef="Bottom Layer">
            <Xform rotation="270" />
            <Location x="1.54" y="2.97" />
            <StandardPrimitiveRef id="CIRCLE_1574804" />
            <PinRef componentRef="J1" pin="1" />
          </LayerPad>
          <LayerPad layerRef="Bottom Solder">
            <Xform rotation="270" />
            <Location x="1.54" y="2.97" />
            <StandardPrimitiveRef id="CIRCLE_1654804" />
            <PinRef componentRef="J1" pin="1" />
          </LayerPad>
        </PadStack>
        <PadStack net="No Net">
          <LayerPad layerRef="Top Solder">
            <Xform rotation="270" />
            <Location x="1.84" y="2.82" />
            <StandardPrimitiveRef id="CIRCLE_729606" />
            <PinRef componentRef="J1" pin="0" />
          </LayerPad>
          <LayerPad layerRef="Top Layer">
            <Xform rotation="270" />
            <Location x="1.84" y="2.82" />
            <StandardPrimitiveRef id="CIRCLE_649606" />
            <PinRef componentRef="J1" pin="0" />
          </LayerPad>
          <LayerPad layerRef="Bottom Layer">
            <Xform rotation="270" />
            <Location x="1.84" y="2.82" />
            <StandardPrimitiveRef id="CIRCLE_649606" />
            <PinRef componentRef="J1" pin="0" />
          </LayerPad>
          <LayerPad layerRef="Bottom Solder">
            <Xform rotation="270" />
            <Location x="1.84" y="2.82" />
            <StandardPrimitiveRef id="CIRCLE_729606" />
            <PinRef componentRef="J1" pin="0" />
          </LayerPad>
        </PadStack>
        <PadStack net="No Net">
          <LayerPad layerRef="Top Solder">
            <Xform rotation="270" />
            <Location x="1.84" y="2.62" />
            <StandardPrimitiveRef id="CIRCLE_729606" />
            <PinRef componentRef="J1" pin="0" />
          </LayerPad>
          <LayerPad layerRef="Top Layer">
            <Xform rotation="270" />
            <Location x="1.84" y="2.62" />
            <StandardPrimitiveRef id="CIRCLE_649606" />
            <PinRef componentRef="J1" pin="0" />
          </LayerPad>
          <LayerPad layerRef="Bottom Layer">
            <Xform rotation="270" />
            <Location x="1.84" y="2.62" />
            <StandardPrimitiveRef id="CIRCLE_649606" />
            <PinRef componentRef="J1" pin="0" />
          </LayerPad>
          <LayerPad layerRef="Bottom Solder">
            <Xform rotation="270" />
            <Location x="1.84" y="2.62" />
            <StandardPrimitiveRef id="CIRCLE_729606" />
            <PinRef componentRef="J1" pin="0" />
          </LayerPad>
        </PadStack>
        <PadStack net="GND">
          <LayerPad layerRef="Top Solder">
            <Xform rotation="270" />
            <Location x="1.54" y="1.95" />
            <StandardPrimitiveRef id="CIRCLE_1654804" />
            <PinRef componentRef="J3" pin="1" />
          </LayerPad>
          <LayerPad layerRef="Top Layer">
            <Xform rotation="270" />
            <Location x="1.54" y="1.95" />
            <StandardPrimitiveRef id="CIRCLE_1574804" />
            <PinRef componentRef="J3" pin="1" />
          </LayerPad>
          <LayerPad layerRef="Bottom Layer">
            <Xform rotation="270" />
            <Location x="1.54" y="1.95" />
            <StandardPrimitiveRef id="CIRCLE_1574804" />
            <PinRef componentRef="J3" pin="1" />
          </LayerPad>
          <LayerPad layerRef="Bottom Solder">
            <Xform rotation="270" />
            <Location x="1.54" y="1.95" />
            <StandardPrimitiveRef id="CIRCLE_1654804" />
            <PinRef componentRef="J3" pin="1" />
          </LayerPad>
        </PadStack>
        <PadStack net="No Net">
          <LayerPad layerRef="Top Solder">
            <Xform rotation="270" />
            <Location x="1.84" y="1.8" />
            <StandardPrimitiveRef id="CIRCLE_729606" />
            <PinRef componentRef="J3" pin="0" />
          </LayerPad>
          <LayerPad layerRef="Top Layer">
            <Xform rotation="270" />
            <Location x="1.84" y="1.8" />
            <StandardPrimitiveRef id="CIRCLE_649606" />
            <PinRef componentRef="J3" pin="0" />
          </LayerPad>
          <LayerPad layerRef="Bottom Layer">
            <Xform rotation="270" />
            <Location x="1.84" y="1.8" />
            <StandardPrimitiveRef id="CIRCLE_649606" />
            <PinRef componentRef="J3" pin="0" />
          </LayerPad>
          <LayerPad layerRef="Bottom Solder">
            <Xform rotation="270" />
            <Location x="1.84" y="1.8" />
            <StandardPrimitiveRef id="CIRCLE_729606" />
            <PinRef componentRef="J3" pin="0" />
          </LayerPad>
        </PadStack>
        <PadStack net="No Net">
          <LayerPad layerRef="Top Solder">
            <Xform rotation="270" />
            <Location x="1.84" y="1.6" />
            <StandardPrimitiveRef id="CIRCLE_729606" />
            <PinRef componentRef="J3" pin="0" />
          </LayerPad>
          <LayerPad layerRef="Top Layer">
            <Xform rotation="270" />
            <Location x="1.84" y="1.6" />
            <StandardPrimitiveRef id="CIRCLE_649606" />
            <PinRef componentRef="J3" pin="0" />
          </LayerPad>
          <LayerPad layerRef="Bottom Layer">
            <Xform rotation="270" />
            <Location x="1.84" y="1.6" />
            <StandardPrimitiveRef id="CIRCLE_649606" />
            <PinRef componentRef="J3" pin="0" />
          </LayerPad>
          <LayerPad layerRef="Bottom Solder">
            <Xform rotation="270" />
            <Location x="1.84" y="1.6" />
            <StandardPrimitiveRef id="CIRCLE_729606" />
            <PinRef componentRef="J3" pin="0" />
          </LayerPad>
        </PadStack>
        <PadStack net="No Net">
          <LayerPad layerRef="Top Solder">
            <Xform rotation="90" />
            <Location x="2.900067" y="3.199537" />
            <StandardPrimitiveRef id="CIRCLE_473700" />
            <PinRef componentRef="MHNP4" pin="0" />
          </LayerPad>
          <LayerPad layerRef="Top Layer">
            <Xform rotation="90" />
            <Location x="2.900067" y="3.199537" />
            <StandardPrimitiveRef id="CIRCLE_393700" />
            <PinRef componentRef="MHNP4" pin="0" />
          </LayerPad>
          <LayerPad layerRef="Bottom Layer">
            <Xform rotation="90" />
            <Location x="2.900067" y="3.199537" />
            <StandardPrimitiveRef id="CIRCLE_393700" />
            <PinRef componentRef="MHNP4" pin="0" />
          </LayerPad>
          <LayerPad layerRef="Bottom Solder">
            <Xform rotation="90" />
            <Location x="2.900067" y="3.199537" />
            <StandardPrimitiveRef id="CIRCLE_473700" />
            <PinRef componentRef="MHNP4" pin="0" />
          </LayerPad>
        </PadStack>
        <PadStack net="No Net">
          <LayerPad layerRef="Top Solder">
            <Xform rotation="90" />
            <Location x="1.090067" y="3.209537" />
            <StandardPrimitiveRef id="CIRCLE_473700" />
            <PinRef componentRef="MHNP3" pin="0" />
          </LayerPad>
          <LayerPad layerRef="Top Layer">
            <Xform rotation="90" />
            <Location x="1.090067" y="3.209537" />
            <StandardPrimitiveRef id="CIRCLE_393700" />
            <PinRef componentRef="MHNP3" pin="0" />
          </LayerPad>
          <LayerPad layerRef="Bottom Layer">
            <Xform rotation="90" />
            <Location x="1.090067" y="3.209537" />
            <StandardPrimitiveRef id="CIRCLE_393700" />
            <PinRef componentRef="MHNP3" pin="0" />
          </LayerPad>
          <LayerPad layerRef="Bottom Solder">
            <Xform rotation="90" />
            <Location x="1.090067" y="3.209537" />
            <StandardPrimitiveRef id="CIRCLE_473700" />
            <PinRef componentRef="MHNP3" pin="0" />
          </LayerPad>
        </PadStack>
        <PadStack net="No Net">
          <LayerPad layerRef="Top Solder">
            <Xform rotation="90" />
            <Location x="2.900067" y="1.099537" />
            <StandardPrimitiveRef id="CIRCLE_473700" />
            <PinRef componentRef="MHNP2" pin="0" />
          </LayerPad>
          <LayerPad layerRef="Top Layer">
            <Xform rotation="90" />
            <Location x="2.900067" y="1.099537" />
            <StandardPrimitiveRef id="CIRCLE_393700" />
            <PinRef componentRef="MHNP2" pin="0" />
          </LayerPad>
          <LayerPad layerRef="Bottom Layer">
            <Xform rotation="90" />
            <Location x="2.900067" y="1.099537" />
            <StandardPrimitiveRef id="CIRCLE_393700" />
            <PinRef componentRef="MHNP2" pin="0" />
          </LayerPad>
          <LayerPad layerRef="Bottom Solder">
            <Xform rotation="90" />
            <Location x="2.900067" y="1.099537" />
            <StandardPrimitiveRef id="CIRCLE_473700" />
            <PinRef componentRef="MHNP2" pin="0" />
          </LayerPad>
        </PadStack>
        <PadStack net="No Net">
          <LayerPad layerRef="Top Solder">
            <Xform rotation="90" />
            <Location x="1.100067" y="1.099537" />
            <StandardPrimitiveRef id="CIRCLE_473700" />
            <PinRef componentRef="MHNP1" pin="0" />
          </LayerPad>
          <LayerPad layerRef="Top Layer">
            <Xform rotation="90" />
            <Location x="1.100067" y="1.099537" />
            <StandardPrimitiveRef id="CIRCLE_393700" />
            <PinRef componentRef="MHNP1" pin="0" />
          </LayerPad>
          <LayerPad layerRef="Bottom Layer">
            <Xform rotation="90" />
            <Location x="1.100067" y="1.099537" />
            <StandardPrimitiveRef id="CIRCLE_393700" />
            <PinRef componentRef="MHNP1" pin="0" />
          </LayerPad>
          <LayerPad layerRef="Bottom Solder">
            <Xform rotation="90" />
            <Location x="1.100067" y="1.099537" />
            <StandardPrimitiveRef id="CIRCLE_473700" />
            <PinRef componentRef="MHNP1" pin="0" />
          </LayerPad>
        </PadStack>
        <Package name="USB-MICRO-B_V" type="OTHER" pinOneOrientation="LOWER_LEFT" height="0.105227">
          <Outline>
            <Polygon>
              <PolyBegin x="0.161408" y="0.059059" />
              <PolyStepSegment x="-0.161427" y="0.059059" />
              <PolyStepSegment x="-0.161427" y="-0.15354" />
              <PolyStepSegment x="0.161408" y="-0.15354" />
              <PolyStepSegment x="0.161408" y="0.059059" />
            </Polygon>
            <LineDesc lineEnd="NONE" lineWidth="0" lineProperty="SOLID" />
          </Outline>
          <Pin number="1" name="1" type="SURFACE" electricalType="ELECTRICAL" mountType="SURFACE_MOUNT_PIN">
            <Location x="-0.051181" y="0.05315" />
            <StandardPrimitiveRef id="RECTANGLE_237480X611496" />
          </Pin>
          <Pin number="2" name="2" type="SURFACE" electricalType="ELECTRICAL" mountType="SURFACE_MOUNT_PIN">
            <Location x="-0.02559" y="0.05315" />
            <StandardPrimitiveRef id="RECTANGLE_237480X611496" />
          </Pin>
          <Pin number="3" name="3" type="SURFACE" electricalType="ELECTRICAL" mountType="SURFACE_MOUNT_PIN">
            <Location x="0" y="0.05315" />
            <StandardPrimitiveRef id="RECTANGLE_237480X611496" />
          </Pin>
          <Pin number="4" name="4" type="SURFACE" electricalType="ELECTRICAL" mountType="SURFACE_MOUNT_PIN">
            <Location x="0.025591" y="0.05315" />
            <StandardPrimitiveRef id="RECTANGLE_237480X611496" />
          </Pin>
          <Pin number="5" name="5" type="SURFACE" electricalType="ELECTRICAL" mountType="SURFACE_MOUNT_PIN">
            <Location x="0.051181" y="0.05315" />
            <StandardPrimitiveRef id="RECTANGLE_237480X611496" />
          </Pin>
          <Pin number="9" name="9" type="SURFACE" electricalType="ELECTRICAL" mountType="SURFACE_MOUNT_PIN">
            <Location x="-0.03937" y="-0.05315" />
            <StandardPrimitiveRef id="RECTANGLE_670552X828032" />
          </Pin>
          <Pin number="10" name="10" type="SURFACE" electricalType="ELECTRICAL" mountType="SURFACE_MOUNT_PIN">
            <Location x="0.03937" y="-0.05315" />
            <StandardPrimitiveRef id="RECTANGLE_670552X828032" />
          </Pin>
          <Pin number="7" name="7" type="THRU" electricalType="ELECTRICAL" mountType="SURFACE_MOUNT_PIN">
            <Location x="0.098425" y="0.05315" />
            <StandardPrimitiveRef id="RECTANGLE_650866X650866" />
          </Pin>
          <Pin number="6" name="6" type="THRU" electricalType="ELECTRICAL" mountType="SURFACE_MOUNT_PIN">
            <Location x="-0.098425" y="0.05315" />
            <StandardPrimitiveRef id="RECTANGLE_650866X650866" />
          </Pin>
          <Pin number="11" name="11" type="THRU" electricalType="ELECTRICAL" mountType="SURFACE_MOUNT_PIN">
            <Location x="0.137795" y="-0.05315" />
            <StandardPrimitiveRef id="RECTANGLE_240848X516438" />
          </Pin>
          <Pin number="8" name="8" type="THRU" electricalType="ELECTRICAL" mountType="SURFACE_MOUNT_PIN">
            <Location x="-0.137795" y="-0.05315" />
            <StandardPrimitiveRef id="RECTANGLE_240848X516438" />
          </Pin>
        </Package>
        <Package name="SOT-23-OT5_M" type="OTHER" pinOneOrientation="LOWER_LEFT" height="0.057087">
          <Outline>
            <Polygon>
              <PolyBegin x="-0.035433" y="0.061024" />
              <PolyStepSegment x="-0.035433" y="-0.061024" />
              <PolyStepSegment x="0.035433" y="-0.061024" />
              <PolyStepSegment x="0.035433" y="0.061024" />
              <PolyStepSegment x="-0.035433" y="0.061024" />
            </Polygon>
            <LineDesc lineEnd="NONE" lineWidth="0" lineProperty="SOLID" />
          </Outline>
          <Pin number="5" name="5" type="SURFACE" electricalType="ELECTRICAL" mountType="SURFACE_MOUNT_PIN">
            <Location x="0.047244" y="0.037402" />
            <StandardPrimitiveRef id="RECTANGLE_591812X355592" />
          </Pin>
          <Pin number="4" name="4" type="SURFACE" electricalType="ELECTRICAL" mountType="SURFACE_MOUNT_PIN">
            <Location x="0.047244" y="-0.037402" />
            <StandardPrimitiveRef id="RECTANGLE_591812X355592" />
          </Pin>
          <Pin number="3" name="3" type="SURFACE" electricalType="ELECTRICAL" mountType="SURFACE_MOUNT_PIN">
            <Location x="-0.047244" y="-0.037402" />
            <StandardPrimitiveRef id="RECTANGLE_591812X355592" />
          </Pin>
          <Pin number="2" name="2" type="SURFACE" electricalType="ELECTRICAL" mountType="SURFACE_MOUNT_PIN">
            <Location x="-0.047244" y="0" />
            <StandardPrimitiveRef id="RECTANGLE_591812X355592" />
          </Pin>
          <Pin number="1" name="1" type="SURFACE" electricalType="ELECTRICAL" mountType="SURFACE_MOUNT_PIN">
            <Location x="-0.047244" y="0.037402" />
            <StandardPrimitiveRef id="RECTANGLE_591812X355592" />
          </Pin>
        </Package>
        <Package name="SJUMPER3POS-Footprint-1" type="OTHER" pinOneOrientation="LOWER_LEFT" height="0">
          <Outline>
            <Polygon>
              <PolyBegin x="-0.06" y="-0.04" />
              <PolyStepSegment x="-0.06" y="0.04" />
              <PolyStepSegment x="0.06" y="0.04" />
              <PolyStepSegment x="0.06" y="-0.04" />
              <PolyStepSegment x="-0.06" y="-0.04" />
            </Polygon>
            <LineDesc lineEnd="NONE" lineWidth="0" lineProperty="SOLID" />
          </Outline>
          <Pin number="3" name="3" type="SURFACE" electricalType="ELECTRICAL" mountType="SURFACE_MOUNT_PIN">
            <Location x="0.035" y="0" />
            <StandardPrimitiveRef id="RECTANGLE_330000X580000" />
          </Pin>
          <Pin number="2" name="2" type="SURFACE" electricalType="ELECTRICAL" mountType="SURFACE_MOUNT_PIN">
            <Location x="0" y="0" />
            <StandardPrimitiveRef id="RECTANGLE_330000X580000" />
          </Pin>
          <Pin number="1" name="1" type="SURFACE" electricalType="ELECTRICAL" mountType="SURFACE_MOUNT_PIN">
            <Location x="-0.035" y="0" />
            <StandardPrimitiveRef id="RECTANGLE_330000X580000" />
          </Pin>
        </Package>
        <Package name="FP-CR0805-IPC_B" type="OTHER" pinOneOrientation="LOWER_LEFT" height="0.01">
          <Outline>
            <Polygon>
              <PolyBegin x="-0.065198999999999993" y="0.036656" />
              <PolyStepSegment x="0.065198999999999993" y="0.036656" />
              <PolyStepSegment x="0.065198999999999993" y="-0.036656" />
              <PolyStepSegment x="-0.065198999999999993" y="-0.036656" />
              <PolyStepSegment x="-0.065198999999999993" y="0.036656" />
            </Polygon>
            <LineDesc lineEnd="NONE" lineWidth="0" lineProperty="SOLID" />
          </Outline>
          <Pin number="1" name="1" type="SURFACE" electricalType="ELECTRICAL" mountType="SURFACE_MOUNT_PIN">
            <Location x="-0.034527" y="0" />
            <StandardPrimitiveRef id="RECTANGLE_416592X536272" />
          </Pin>
          <Pin number="2" name="2" type="SURFACE" electricalType="ELECTRICAL" mountType="SURFACE_MOUNT_PIN">
            <Location x="0.034527" y="0" />
            <StandardPrimitiveRef id="RECTANGLE_416592X536272" />
          </Pin>
        </Package>
        <Package name="FP-CRCW0805-e3-IPC_B" type="OTHER" pinOneOrientation="LOWER_LEFT" height="0.01">
          <Outline>
            <Polygon>
              <PolyBegin x="-0.067091" y="0.037563" />
              <PolyStepSegment x="0.067091" y="0.037563" />
              <PolyStepSegment x="0.067091" y="-0.037563" />
              <PolyStepSegment x="-0.067091" y="-0.037563" />
              <PolyStepSegment x="-0.067091" y="0.037563" />
            </Polygon>
            <LineDesc lineEnd="NONE" lineWidth="0" lineProperty="SOLID" />
          </Outline>
          <Pin number="1" name="1" type="SURFACE" electricalType="ELECTRICAL" mountType="SURFACE_MOUNT_PIN">
            <Location x="-0.037435" y="0" />
            <StandardPrimitiveRef id="RECTANGLE_396260X554416" />
          </Pin>
          <Pin number="2" name="2" type="SURFACE" electricalType="ELECTRICAL" mountType="SURFACE_MOUNT_PIN">
            <Location x="0.037435" y="0" />
            <StandardPrimitiveRef id="RECTANGLE_396260X554416" />
          </Pin>
        </Package>
        <Package name="FP-MRS25-MFG" type="OTHER" pinOneOrientation="LOWER_LEFT" height="0.01">
          <Outline>
            <Polygon>
              <PolyBegin x="-0.225394" y="0.05315" />
              <PolyStepSegment x="0.225394" y="0.05315" />
              <PolyStepSegment x="0.225394" y="-0.05315" />
              <PolyStepSegment x="-0.225394" y="-0.05315" />
              <PolyStepSegment x="-0.225394" y="0.05315" />
            </Polygon>
            <LineDesc lineEnd="NONE" lineWidth="0" lineProperty="SOLID" />
          </Outline>
          <Pin number="1" name="1" type="THRU" electricalType="ELECTRICAL" mountType="SURFACE_MOUNT_PIN">
            <Location x="-0.19685" y="0" />
            <StandardPrimitiveRef id="RECTANGLE_492126X492126" />
          </Pin>
          <Pin number="2" name="2" type="THRU" electricalType="ELECTRICAL" mountType="SURFACE_MOUNT_PIN">
            <Location x="0.19685" y="0" />
            <StandardPrimitiveRef id="RECTANGLE_492126X492126" />
          </Pin>
        </Package>
        <Package name="RESC2013X60X40LL20T25" type="OTHER" pinOneOrientation="LOWER_LEFT" height="0.023622">
          <Outline>
            <Polygon>
              <PolyBegin x="-0.043307" y="-0.028543" />
              <PolyStepSegment x="-0.043307" y="0.028543" />
              <PolyStepSegment x="0.043307" y="0.028543" />
              <PolyStepSegment x="0.043307" y="-0.028543" />
              <PolyStepSegment x="-0.043307" y="-0.028543" />
            </Polygon>
            <LineDesc lineEnd="NONE" lineWidth="0" lineProperty="SOLID" />
          </Outline>
          <Pin number="2" name="2" type="SURFACE" electricalType="ELECTRICAL" mountType="SURFACE_MOUNT_PIN">
            <Location x="0.029528" y="0" />
            <StandardPrimitiveRef id="RECTANGLE_473700X611496" />
          </Pin>
          <Pin number="1" name="1" type="SURFACE" electricalType="ELECTRICAL" mountType="SURFACE_MOUNT_PIN">
            <Location x="-0.029528" y="0" />
            <StandardPrimitiveRef id="RECTANGLE_473700X611496" />
          </Pin>
        </Package>
        <Package name="MTHNP3P2MM" type="OTHER" pinOneOrientation="LOWER_LEFT" height="0">
          <Outline>
            <Polygon>
              <PolyBegin x="-0.07874" y="-0.07874" />
              <PolyStepSegment x="-0.07874" y="0.07874" />
              <PolyStepSegment x="0.07874" y="0.07874" />
              <PolyStepSegment x="0.07874" y="-0.07874" />
              <PolyStepSegment x="-0.07874" y="-0.07874" />
            </Polygon>
            <LineDesc lineEnd="NONE" lineWidth="0" lineProperty="SOLID" />
          </Outline>
          <Pin number="0" name="0" type="THRU" electricalType="ELECTRICAL" mountType="SURFACE_MOUNT_PIN">
            <Location x="-0.000463" y="-6.7E-05" />
            <StandardPrimitiveRef id="RECTANGLE_473700X473700" />
          </Pin>
        </Package>
        <Package name="VISH-TLMS1000_V" type="OTHER" pinOneOrientation="LOWER_LEFT" height="0.025591">
          <Outline>
            <Polygon>
              <PolyBegin x="-0.031496" y="0.015748" />
              <PolyStepSegment x="-0.031496" y="-0.015748" />
              <PolyStepSegment x="0.031496" y="-0.015748" />
              <PolyStepSegment x="0.031496" y="0.015748" />
              <PolyStepSegment x="-0.031496" y="0.015748" />
            </Polygon>
            <LineDesc lineEnd="NONE" lineWidth="0" lineProperty="SOLID" />
          </Outline>
          <Pin number="1" name="1" type="SURFACE" electricalType="ELECTRICAL" mountType="SURFACE_MOUNT_PIN">
            <Location x="-0.028543" y="0" />
            <StandardPrimitiveRef id="RECTANGLE_316220X394960" />
          </Pin>
          <Pin number="2" name="2" type="SURFACE" electricalType="ELECTRICAL" mountType="SURFACE_MOUNT_PIN">
            <Location x="0.028543" y="0" />
            <StandardPrimitiveRef id="RECTANGLE_316220X394960" />
          </Pin>
        </Package>
        <Package name="FP-RASM722PTR13X-MFG" type="OTHER" pinOneOrientation="LOWER_LEFT" height="0.01">
          <Outline>
            <Polygon>
              <PolyBegin x="-0.332087" y="0.424409" />
              <PolyStepSegment x="0.338976" y="0.424409" />
              <PolyStepSegment x="0.338976" y="-0.29437" />
              <PolyStepSegment x="-0.332087" y="-0.29437" />
              <PolyStepSegment x="-0.332087" y="0.424409" />
            </Polygon>
            <LineDesc lineEnd="NONE" lineWidth="0" lineProperty="SOLID" />
          </Outline>
          <Pin number="1" name="1" type="SURFACE" electricalType="ELECTRICAL" mountType="SURFACE_MOUNT_PIN">
            <Location x="0.029921" y="0.340551" />
            <StandardPrimitiveRef id="RECTANGLE_1299212X1598424" />
          </Pin>
          <Pin number="2" name="2" type="SURFACE" electricalType="ELECTRICAL" mountType="SURFACE_MOUNT_PIN">
            <Location x="-0.25315" y="-0.019291" />
            <StandardPrimitiveRef id="RECTANGLE_1500000X2500000" />
          </Pin>
          <Pin number="3" name="3" type="SURFACE" electricalType="ELECTRICAL" mountType="SURFACE_MOUNT_PIN">
            <Location x="0.270079" y="-0.019291" />
            <StandardPrimitiveRef id="RECTANGLE_1299212X2500000" />
          </Pin>
          <Pin number="0" name="0" type="THRU" electricalType="ELECTRICAL" mountType="SURFACE_MOUNT_PIN">
            <Location x="0" y="-0.167323" />
            <StandardPrimitiveRef id="RECTANGLE_700788X700788" />
          </Pin>
        </Package>
        <Package name="2Pins_AMP" type="OTHER" pinOneOrientation="LOWER_LEFT" height="0">
          <Outline>
            <Polygon>
              <PolyBegin x="-0.055" y="-0.05" />
              <PolyStepSegment x="-0.055" y="0.15" />
              <PolyStepSegment x="0.055" y="0.15" />
              <PolyStepSegment x="0.055" y="-0.05" />
              <PolyStepSegment x="-0.055" y="-0.05" />
            </Polygon>
            <LineDesc lineEnd="NONE" lineWidth="0" lineProperty="SOLID" />
          </Outline>
          <Pin number="2" name="2" type="THRU" electricalType="ELECTRICAL" mountType="SURFACE_MOUNT_PIN">
            <Location x="0" y="0.1" />
            <StandardPrimitiveRef id="RECTANGLE_600000X600000" />
          </Pin>
          <Pin number="1" name="1" type="THRU" electricalType="ELECTRICAL" mountType="SURFACE_MOUNT_PIN">
            <Location x="0" y="0" />
            <StandardPrimitiveRef id="RECTANGLE_600000X600000" />
          </Pin>
        </Package>
        <Package name="1-179276-2" type="OTHER" pinOneOrientation="LOWER_LEFT" height="0.427662">
          <Outline>
            <Polygon>
              <PolyBegin x="0.621654" y="0.331693" />
              <PolyStepSegment x="-0.129528" y="0.331693" />
              <PolyStepSegment x="-0.129528" y="-0.538386" />
              <PolyStepSegment x="0.621654" y="-0.538386" />
              <PolyStepSegment x="0.621654" y="0.331693" />
            </Polygon>
            <LineDesc lineEnd="NONE" lineWidth="0" lineProperty="SOLID" />
          </Outline>
          <Pin number="2" name="2" type="SURFACE" electricalType="ELECTRICAL" mountType="SURFACE_MOUNT_PIN">
            <Location x="0.5" y="0" />
            <StandardPrimitiveRef id="RECTANGLE_1654804X1654804" />
          </Pin>
          <Pin number="1" name="1" type="THRU" electricalType="ELECTRICAL" mountType="SURFACE_MOUNT_PIN">
            <Location x="0" y="0" />
            <StandardPrimitiveRef id="RECTANGLE_1654804X1654804" />
          </Pin>
          <Pin number="0" name="0" type="THRU" electricalType="ELECTRICAL" mountType="SURFACE_MOUNT_PIN">
            <Location x="0.15" y="0.3" />
            <StandardPrimitiveRef id="RECTANGLE_729606X729606" />
          </Pin>
          <Pin number="0" name="0" type="THRU" electricalType="ELECTRICAL" mountType="SURFACE_MOUNT_PIN">
            <Location x="0.35" y="0.3" />
            <StandardPrimitiveRef id="RECTANGLE_729606X729606" />
          </Pin>
        </Package>
        <Package name="ONSC-SMA-2-403D-02_V" type="OTHER" pinOneOrientation="LOWER_LEFT" height="0.086614">
          <Outline>
            <Polygon>
              <PolyBegin x="-0.085039" y="0.051181" />
              <PolyStepSegment x="-0.085039" y="-0.051181" />
              <PolyStepSegment x="0.085039" y="-0.051181" />
              <PolyStepSegment x="0.085039" y="0.051181" />
              <PolyStepSegment x="-0.085039" y="0.051181" />
            </Polygon>
            <LineDesc lineEnd="NONE" lineWidth="0" lineProperty="SOLID" />
          </Outline>
          <Pin number="1" name="1" type="SURFACE" electricalType="ELECTRICAL" mountType="SURFACE_MOUNT_PIN">
            <Location x="-0.07874" y="0" />
            <StandardPrimitiveRef id="RECTANGLE_867402X867402" />
          </Pin>
          <Pin number="2" name="2" type="SURFACE" electricalType="ELECTRICAL" mountType="SURFACE_MOUNT_PIN">
            <Location x="0.07874" y="0" />
            <StandardPrimitiveRef id="RECTANGLE_867402X867402" />
          </Pin>
        </Package>
        <Package name="FP-CC0805-0_85-MFG" type="OTHER" pinOneOrientation="LOWER_LEFT" height="0.01">
          <Outline>
            <Polygon>
              <PolyBegin x="-0.062992" y="0.041339" />
              <PolyStepSegment x="0.062992" y="0.041339" />
              <PolyStepSegment x="0.062992" y="-0.041339" />
              <PolyStepSegment x="-0.062992" y="-0.041339" />
              <PolyStepSegment x="-0.062992" y="0.041339" />
            </Polygon>
            <LineDesc lineEnd="NONE" lineWidth="0" lineProperty="SOLID" />
          </Outline>
          <Pin number="1" name="1" type="SURFACE" electricalType="ELECTRICAL" mountType="SURFACE_MOUNT_PIN">
            <Location x="-0.036417" y="0" />
            <StandardPrimitiveRef id="RECTANGLE_374016X551180" />
          </Pin>
          <Pin number="2" name="2" type="SURFACE" electricalType="ELECTRICAL" mountType="SURFACE_MOUNT_PIN">
            <Location x="0.036417" y="0" />
            <StandardPrimitiveRef id="RECTANGLE_374016X551180" />
          </Pin>
        </Package>
        <Component refDes="J2" packageRef="USB-MICRO-B_V" part="USB-MICRO-B_V" layerRef="Top Layer" mountType="OTHER" weight="0" height="0.105227" standoff="-0.024694">
          <Xform rotation="90" />
          <Location x="2.89" y="1.5" />
        </Component>
        <Component refDes="U1" packageRef="SOT-23-OT5_M" part="SOT-23-OT5_M" layerRef="Top Layer" mountType="OTHER" weight="0" height="0.057087" standoff="0">
          <Xform rotation="90" />
          <Location x="2.14" y="1.99" />
        </Component>
        <Component refDes="SJ1" packageRef="SJUMPER3POS-Footprint-1" part="SJUMPER3POS-Footprint-1" layerRef="Top Layer" mountType="OTHER" weight="0" height="0" standoff="0">
          <Xform />
          <Location x="2.05" y="3.16" />
        </Component>
        <Component refDes="R4" packageRef="FP-CR0805-IPC_B" part="FP-CR0805-IPC_B" layerRef="Top Layer" mountType="OTHER" weight="0" height="0.01" standoff="0">
          <Xform rotation="90" />
          <Location x="2.16" y="2.9" />
        </Component>
        <Component refDes="R3" packageRef="FP-CRCW0805-e3-IPC_B" part="FP-CRCW0805-e3-IPC_B" layerRef="Top Layer" mountType="OTHER" weight="0" height="0.01" standoff="0">
          <Xform rotation="90" />
          <Location x="1.96" y="2.91" />
        </Component>
        <Component refDes="R2" packageRef="FP-MRS25-MFG" part="FP-MRS25-MFG" layerRef="Top Layer" mountType="OTHER" weight="0" height="0.01" standoff="0">
          <Xform />
          <Location x="1.43" y="2.18" />
        </Component>
        <Component refDes="R1" packageRef="RESC2013X60X40LL20T25" part="RESC2013X60X40LL20T25" layerRef="Top Layer" mountType="OTHER" weight="0" height="0.023622" standoff="0">
          <Xform rotation="270" />
          <Location x="2.18" y="2.18" />
        </Component>
        <Component refDes="MHNP4" packageRef="MTHNP3P2MM" part="MTHNP3P2MM" layerRef="Top Layer" mountType="OTHER" weight="0" height="0" standoff="0">
          <Xform rotation="90" />
          <Location x="2.9" y="3.2" />
        </Component>
        <Component refDes="MHNP3" packageRef="MTHNP3P2MM" part="MTHNP3P2MM" layerRef="Top Layer" mountType="OTHER" weight="0" height="0" standoff="0">
          <Xform rotation="90" />
          <Location x="1.09" y="3.21" />
        </Component>
        <Component refDes="MHNP2" packageRef="MTHNP3P2MM" part="MTHNP3P2MM" layerRef="Top Layer" mountType="OTHER" weight="0" height="0" standoff="0">
          <Xform rotation="90" />
          <Location x="2.9" y="1.1" />
        </Component>
        <Component refDes="MHNP1" packageRef="MTHNP3P2MM" part="MTHNP3P2MM" layerRef="Top Layer" mountType="OTHER" weight="0" height="0" standoff="0">
          <Xform rotation="90" />
          <Location x="1.1" y="1.1" />
        </Component>
        <Component refDes="LED2" packageRef="VISH-TLMS1000_V" part="VISH-TLMS1000_V" layerRef="Top Layer" mountType="OTHER" weight="0" height="0.025591" standoff="0">
          <Xform rotation="180" />
          <Location x="2.34" y="3.12" />
        </Component>
        <Component refDes="LED1" packageRef="VISH-TLMS1000_V" part="VISH-TLMS1000_V" layerRef="Top Layer" mountType="OTHER" weight="0" height="0.025591" standoff="0">
          <Xform rotation="180" />
          <Location x="2.34" y="3.06" />
        </Component>
        <Component refDes="J6" packageRef="FP-RASM722PTR13X-MFG" part="FP-RASM722PTR13X-MFG" layerRef="Top Layer" mountType="OTHER" weight="0" height="0.01" standoff="0">
          <Xform rotation="90" />
          <Location x="2.71" y="2.61" />
        </Component>
        <Component refDes="J5" packageRef="2Pins_AMP" part="2Pins_AMP" layerRef="Top Layer" mountType="OTHER" weight="0" height="0" standoff="0">
          <Xform rotation="180" />
          <Location x="1.97" y="1.48" />
        </Component>
        <Component refDes="J4" packageRef="2Pins_AMP" part="2Pins_AMP" layerRef="Top Layer" mountType="OTHER" weight="0" height="0" standoff="0">
          <Xform rotation="180" />
          <Location x="1.97" y="2.49" />
        </Component>
        <Component refDes="J3" packageRef="1-179276-2" part="1-179276-2" layerRef="Top Layer" mountType="OTHER" weight="0" height="0.427662" standoff="-0.149109">
          <Xform rotation="270" />
          <Location x="1.54" y="1.95" />
        </Component>
        <Component refDes="J1" packageRef="1-179276-2" part="1-179276-2" layerRef="Top Layer" mountType="OTHER" weight="0" height="0.427662" standoff="-0.149109">
          <Xform rotation="270" />
          <Location x="1.54" y="2.97" />
        </Component>
        <Component refDes="D2" packageRef="ONSC-SMA-2-403D-02_V" part="ONSC-SMA-2-403D-02_V" layerRef="Top Layer" mountType="OTHER" weight="0" height="0.086614" standoff="0.001969">
          <Xform />
          <Location x="2.555" y="1.67" />
        </Component>
        <Component refDes="D1" packageRef="ONSC-SMA-2-403D-02_V" part="ONSC-SMA-2-403D-02_V" layerRef="Top Layer" mountType="OTHER" weight="0" height="0.086614" standoff="0.001969">
          <Xform />
          <Location x="2.55" y="1.45" />
        </Component>
        <Component refDes="C2" packageRef="FP-CC0805-0_85-MFG" part="FP-CC0805-0_85-MFG" layerRef="Top Layer" mountType="OTHER" weight="0" height="0.01" standoff="0">
          <Xform rotation="270" />
          <Location x="2.195" y="1.67" />
        </Component>
        <Component refDes="C1" packageRef="FP-CC0805-0_85-MFG" part="FP-CC0805-0_85-MFG" layerRef="Top Layer" mountType="OTHER" weight="0" height="0.01" standoff="0">
          <Xform rotation="270" />
          <Location x="2.315" y="2.17" />
        </Component>
        <LayerFeature layerRef="Top Paste">
          <Set>
            <ColorRef id="LAYER_COLOR_Top Paste" />
          </Set>
          <Set net="No Net">
            <Features>
              <UserSpecial>
                <Arc startX="2.970709" startY="1.358268" endX="2.970709" endY="1.358268" centerX="2.960866" centerY="1.358268" clockwise="false">
                  <LineDesc lineEnd="ROUND" lineWidth="0.019685" lineProperty="SOLID" />
                </Arc>
                <Arc startX="2.935276" startY="1.358268" endX="2.935276" endY="1.358268" centerX="2.925433" centerY="1.358268" clockwise="false">
                  <LineDesc lineEnd="ROUND" lineWidth="0.019685" lineProperty="SOLID" />
                </Arc>
                <Arc startX="2.970709" startY="1.641732" endX="2.970709" endY="1.641732" centerX="2.960866" centerY="1.641732" clockwise="false">
                  <LineDesc lineEnd="ROUND" lineWidth="0.019685" lineProperty="SOLID" />
                </Arc>
                <Arc startX="2.935276" startY="1.641732" endX="2.935276" endY="1.641732" centerX="2.925433" centerY="1.641732" clockwise="false">
                  <LineDesc lineEnd="ROUND" lineWidth="0.019685" lineProperty="SOLID" />
                </Arc>
              </UserSpecial>
            </Features>
            <Features>
              <Contour>
                <Polygon>
                  <PolyBegin x="2.960867" y="1.358268" />
                  <PolyStepSegment x="2.925433" y="1.358268" />
                  <PolyStepSegment x="2.925433" y="1.338583" />
                  <PolyStepSegment x="2.960867" y="1.338584" />
                  <PolyStepSegment x="2.960867" y="1.358268" />
                </Polygon>
              </Contour>
            </Features>
            <Features>
              <Contour>
                <Polygon>
                  <PolyBegin x="2.925432" y="1.641733" />
                  <PolyStepSegment x="2.960866" y="1.641733" />
                  <PolyStepSegment x="2.960866" y="1.661418" />
                  <PolyStepSegment x="2.925432" y="1.661417" />
                  <PolyStepSegment x="2.925432" y="1.641733" />
                </Polygon>
              </Contour>
            </Features>
            <Features>
              <Contour>
                <Polygon>
                  <PolyBegin x="2.905748" y="1.590551" />
                  <PolyStepSegment x="2.980551" y="1.590551" />
                  <PolyStepSegment x="2.980551" y="1.641732" />
                  <PolyStepSegment x="2.905748" y="1.641732" />
                  <PolyStepSegment x="2.905748" y="1.590551" />
                </Polygon>
              </Contour>
            </Features>
            <Features>
              <Contour>
                <Polygon>
                  <PolyBegin x="2.980551" y="1.409449" />
                  <PolyStepSegment x="2.905748" y="1.409449" />
                  <PolyStepSegment x="2.905748" y="1.358268" />
                  <PolyStepSegment x="2.980551" y="1.358268" />
                  <PolyStepSegment x="2.980551" y="1.409449" />
                </Polygon>
              </Contour>
            </Features>
          </Set>
        </LayerFeature>
        <LayerFeature layerRef="Top Overlay">
          <Set>
            <ColorRef id="LAYER_COLOR_Top Overlay" />
          </Set>
          <Set net="No Net">
            <Features>
              <UserSpecial>
                <Arc startX="2.420158" startY="1.67" endX="2.420158" endY="1.67" centerX="2.415236" centerY="1.67" clockwise="false">
                  <LineDesc lineEnd="ROUND" lineWidth="0.009842" lineProperty="SOLID" />
                </Arc>
                <Arc startX="2.415158" startY="1.45" endX="2.415158" endY="1.45" centerX="2.410236" centerY="1.45" clockwise="false">
                  <LineDesc lineEnd="ROUND" lineWidth="0.009842" lineProperty="SOLID" />
                </Arc>
                <Arc startX="2.793543" startY="1.448819" endX="2.793543" endY="1.448819" centerX="2.788622" centerY="1.448819" clockwise="false">
                  <LineDesc lineEnd="ROUND" lineWidth="0.009842" lineProperty="SOLID" />
                </Arc>
                <Arc startX="2.072087" startY="1.942756" endX="2.072087" endY="1.942756" centerX="2.067165" centerY="1.942756" clockwise="false">
                  <LineDesc lineEnd="ROUND" lineWidth="0.009842" lineProperty="SOLID" />
                </Arc>
                <Arc startX="2.11" startY="2.49" endX="2.11" endY="2.49" centerX="2.095" centerY="2.49" clockwise="false">
                  <LineDesc lineEnd="ROUND" lineWidth="0.02" lineProperty="SOLID" />
                </Arc>
                <Arc startX="2.11" startY="1.48" endX="2.11" endY="1.48" centerX="2.095" centerY="1.48" clockwise="false">
                  <LineDesc lineEnd="ROUND" lineWidth="0.02" lineProperty="SOLID" />
                </Arc>
                <Line startX="2.531378" startY="1.721181" endX="2.583937" endY="1.721181">
                  <LineDesc lineEnd="ROUND" lineWidth="0.007874" lineProperty="SOLID" />
                </Line>
                <Line startX="2.531378" startY="1.618819" endX="2.531378" endY="1.721181">
                  <LineDesc lineEnd="ROUND" lineWidth="0.007874" lineProperty="SOLID" />
                </Line>
                <Line startX="2.531378" startY="1.618819" endX="2.583937" endY="1.618819">
                  <LineDesc lineEnd="ROUND" lineWidth="0.007874" lineProperty="SOLID" />
                </Line>
                <Line startX="2.526378" startY="1.501181" endX="2.578937" endY="1.501181">
                  <LineDesc lineEnd="ROUND" lineWidth="0.007874" lineProperty="SOLID" />
                </Line>
                <Line startX="2.526378" startY="1.398819" endX="2.526378" endY="1.501181">
                  <LineDesc lineEnd="ROUND" lineWidth="0.007874" lineProperty="SOLID" />
                </Line>
                <Line startX="2.526378" startY="1.398819" endX="2.578937" endY="1.398819">
                  <LineDesc lineEnd="ROUND" lineWidth="0.007874" lineProperty="SOLID" />
                </Line>
                <Line startX="2.343543" startY="2.167047" endX="2.343543" endY="2.172953">
                  <LineDesc lineEnd="ROUND" lineWidth="0.007874" lineProperty="SOLID" />
                </Line>
                <Line startX="2.286457" startY="2.167047" endX="2.286457" endY="2.172953">
                  <LineDesc lineEnd="ROUND" lineWidth="0.007874" lineProperty="SOLID" />
                </Line>
                <Line startX="2.419567" startY="2.427835" endX="2.419567" endY="2.560197">
                  <LineDesc lineEnd="ROUND" lineWidth="0.007874" lineProperty="SOLID" />
                </Line>
                <Line startX="2.419567" startY="2.719646" endX="2.419567" endY="2.792165">
                  <LineDesc lineEnd="ROUND" lineWidth="0.007874" lineProperty="SOLID" />
                </Line>
                <Line startX="2.419567" startY="2.427835" endX="2.59189" endY="2.427835">
                  <LineDesc lineEnd="ROUND" lineWidth="0.007874" lineProperty="SOLID" />
                </Line>
                <Line startX="2.419567" startY="2.792165" endX="2.965906" endY="2.792165">
                  <LineDesc lineEnd="ROUND" lineWidth="0.007874" lineProperty="SOLID" />
                </Line>
                <Line startX="2.871417" startY="2.427835" endX="2.965906" endY="2.427835">
                  <LineDesc lineEnd="ROUND" lineWidth="0.007874" lineProperty="SOLID" />
                </Line>
                <Line startX="2.279961" startY="3.104252" endX="2.279961" endY="3.135748">
                  <LineDesc lineEnd="ROUND" lineWidth="0.015748" lineProperty="SOLID" />
                </Line>
                <Line startX="2.279961" startY="3.044252" endX="2.279961" endY="3.075748">
                  <LineDesc lineEnd="ROUND" lineWidth="0.015748" lineProperty="SOLID" />
                </Line>
                <Line startX="2.995827" startY="1.352559" endX="3.027792" endY="1.352559">
                  <LineDesc lineEnd="ROUND" lineWidth="0.007874" lineProperty="SOLID" />
                </Line>
                <Line startX="2.842941" startY="1.352547" endX="2.890472" endY="1.352547">
                  <LineDesc lineEnd="ROUND" lineWidth="0.007874" lineProperty="SOLID" />
                </Line>
                <Line startX="2.842941" startY="1.352547" endX="2.842941" endY="1.357717">
                  <LineDesc lineEnd="ROUND" lineWidth="0.007874" lineProperty="SOLID" />
                </Line>
                <Line startX="2.842755" startY="1.642323" endX="2.842755" endY="1.647453">
                  <LineDesc lineEnd="ROUND" lineWidth="0.007874" lineProperty="SOLID" />
                </Line>
                <Line startX="2.842756" startY="1.647453" endX="2.890472" endY="1.647453">
                  <LineDesc lineEnd="ROUND" lineWidth="0.007874" lineProperty="SOLID" />
                </Line>
                <Line startX="2.995827" startY="1.647453" endX="3.027795" endY="1.647453">
                  <LineDesc lineEnd="ROUND" lineWidth="0.007874" lineProperty="SOLID" />
                </Line>
                <Line startX="3.027792" startY="1.352559" endX="3.027792" endY="1.647441">
                  <LineDesc lineEnd="ROUND" lineWidth="0.007874" lineProperty="SOLID" />
                </Line>
                <Line startX="1.935394" startY="2.907142" endX="1.935394" endY="2.912858">
                  <LineDesc lineEnd="ROUND" lineWidth="0.007874" lineProperty="SOLID" />
                </Line>
                <Line startX="1.984606" startY="2.907142" endX="1.984606" endY="2.912858">
                  <LineDesc lineEnd="ROUND" lineWidth="0.007874" lineProperty="SOLID" />
                </Line>
                <Line startX="2.202562" startY="2.844643" endX="2.202562" endY="2.955357">
                  <LineDesc lineEnd="ROUND" lineWidth="0.007874" lineProperty="SOLID" />
                </Line>
                <Line startX="2.117438" startY="2.844643" endX="2.117438" endY="2.955357">
                  <LineDesc lineEnd="ROUND" lineWidth="0.007874" lineProperty="SOLID" />
                </Line>
                <Line startX="2.078976" startY="1.995906" endX="2.201024" endY="1.995906">
                  <LineDesc lineEnd="ROUND" lineWidth="0.007874" lineProperty="SOLID" />
                </Line>
                <Line startX="2.078976" startY="1.984094" endX="2.201024" endY="1.984094">
                  <LineDesc lineEnd="ROUND" lineWidth="0.007874" lineProperty="SOLID" />
                </Line>
                <Line startX="2.201024" startY="1.984094" endX="2.201024" endY="1.995906">
                  <LineDesc lineEnd="ROUND" lineWidth="0.007874" lineProperty="SOLID" />
                </Line>
                <Line startX="2.078976" startY="1.984094" endX="2.078976" endY="1.995906">
                  <LineDesc lineEnd="ROUND" lineWidth="0.007874" lineProperty="SOLID" />
                </Line>
                <Line startX="1.302047" startY="2.229213" endX="1.557953" endY="2.229213">
                  <LineDesc lineEnd="ROUND" lineWidth="0.007874" lineProperty="SOLID" />
                </Line>
                <Line startX="1.557953" startY="2.130787" endX="1.557953" endY="2.229213">
                  <LineDesc lineEnd="ROUND" lineWidth="0.007874" lineProperty="SOLID" />
                </Line>
                <Line startX="1.302047" startY="2.130787" endX="1.557953" endY="2.130787">
                  <LineDesc lineEnd="ROUND" lineWidth="0.007874" lineProperty="SOLID" />
                </Line>
                <Line startX="1.302047" startY="2.130787" endX="1.302047" endY="2.229213">
                  <LineDesc lineEnd="ROUND" lineWidth="0.007874" lineProperty="SOLID" />
                </Line>
                <Line startX="1.273504" startY="2.18" endX="1.302047" endY="2.18">
                  <LineDesc lineEnd="ROUND" lineWidth="0.007874" lineProperty="SOLID" />
                </Line>
                <Line startX="1.557953" startY="2.18" endX="1.586496" endY="2.18">
                  <LineDesc lineEnd="ROUND" lineWidth="0.007874" lineProperty="SOLID" />
                </Line>
                <Line startX="2.025" startY="2.34" endX="2.025" endY="2.54">
                  <LineDesc lineEnd="ROUND" lineWidth="0.006" lineProperty="SOLID" />
                </Line>
                <Line startX="1.915" startY="2.34" endX="2.025" endY="2.34">
                  <LineDesc lineEnd="ROUND" lineWidth="0.006" lineProperty="SOLID" />
                </Line>
                <Line startX="1.915" startY="2.34" endX="1.915" endY="2.54">
                  <LineDesc lineEnd="ROUND" lineWidth="0.006" lineProperty="SOLID" />
                </Line>
                <Line startX="1.915" startY="2.54" endX="2.025" endY="2.54">
                  <LineDesc lineEnd="ROUND" lineWidth="0.006" lineProperty="SOLID" />
                </Line>
                <Line startX="2.223543" startY="1.667047" endX="2.223543" endY="1.672953">
                  <LineDesc lineEnd="ROUND" lineWidth="0.007874" lineProperty="SOLID" />
                </Line>
                <Line startX="2.166457" startY="1.667047" endX="2.166457" endY="1.672953">
                  <LineDesc lineEnd="ROUND" lineWidth="0.007874" lineProperty="SOLID" />
                </Line>
                <Line startX="2.025" startY="1.33" endX="2.025" endY="1.53">
                  <LineDesc lineEnd="ROUND" lineWidth="0.006" lineProperty="SOLID" />
                </Line>
                <Line startX="1.915" startY="1.33" endX="2.025" endY="1.33">
                  <LineDesc lineEnd="ROUND" lineWidth="0.006" lineProperty="SOLID" />
                </Line>
                <Line startX="1.915" startY="1.33" endX="1.915" endY="1.53">
                  <LineDesc lineEnd="ROUND" lineWidth="0.006" lineProperty="SOLID" />
                </Line>
                <Line startX="1.915" startY="1.53" endX="2.025" endY="1.53">
                  <LineDesc lineEnd="ROUND" lineWidth="0.006" lineProperty="SOLID" />
                </Line>
                <Line startX="1.99" startY="3.12" endX="1.99" endY="3.17">
                  <LineDesc lineEnd="ROUND" lineWidth="0.01" lineProperty="SOLID" />
                </Line>
                <Line startX="1.99" startY="3.12" endX="2.11" endY="3.12">
                  <LineDesc lineEnd="ROUND" lineWidth="0.01" lineProperty="SOLID" />
                </Line>
                <Line startX="2.11" startY="3.12" endX="2.11" endY="3.2">
                  <LineDesc lineEnd="ROUND" lineWidth="0.01" lineProperty="SOLID" />
                </Line>
                <Line startX="1.99" startY="3.2" endX="2.11" endY="3.2">
                  <LineDesc lineEnd="ROUND" lineWidth="0.01" lineProperty="SOLID" />
                </Line>
                <Line startX="1.99" startY="3.17" endX="1.99" endY="3.2">
                  <LineDesc lineEnd="ROUND" lineWidth="0.01" lineProperty="SOLID" />
                </Line>
                <Line startX="1" startY="1" endX="1" endY="3.3">
                  <LineDesc lineEnd="ROUND" lineWidth="0.01" lineProperty="SOLID" />
                </Line>
                <Line startX="1" startY="3.3" endX="3" endY="3.3">
                  <LineDesc lineEnd="ROUND" lineWidth="0.01" lineProperty="SOLID" />
                </Line>
                <Line startX="3" startY="1" endX="3" endY="3.3">
                  <LineDesc lineEnd="ROUND" lineWidth="0.01" lineProperty="SOLID" />
                </Line>
                <Line startX="1" startY="1" endX="3" endY="1">
                  <LineDesc lineEnd="ROUND" lineWidth="0.01" lineProperty="SOLID" />
                </Line>
                <Line startX="1.00752" startY="3.094016" endX="1.444528" endY="3.094016">
                  <LineDesc lineEnd="ROUND" lineWidth="0.01" lineProperty="SOLID" />
                </Line>
                <Line startX="1.00752" startY="2.342047" endX="1.00752" endY="3.094016">
                  <LineDesc lineEnd="ROUND" lineWidth="0.01" lineProperty="SOLID" />
                </Line>
                <Line startX="1.00752" startY="2.342047" endX="1.881535" endY="2.342047">
                  <LineDesc lineEnd="ROUND" lineWidth="0.01" lineProperty="SOLID" />
                </Line>
                <Line startX="1.881535" startY="2.342047" endX="1.881535" endY="3.094016">
                  <LineDesc lineEnd="ROUND" lineWidth="0.01" lineProperty="SOLID" />
                </Line>
                <Line startX="1.444528" startY="3.094016" endX="1.881535" endY="3.094016">
                  <LineDesc lineEnd="ROUND" lineWidth="0.01" lineProperty="SOLID" />
                </Line>
                <Line startX="1.00752" startY="2.074016" endX="1.444528" endY="2.074016">
                  <LineDesc lineEnd="ROUND" lineWidth="0.01" lineProperty="SOLID" />
                </Line>
                <Line startX="1.00752" startY="1.322047" endX="1.00752" endY="2.074016">
                  <LineDesc lineEnd="ROUND" lineWidth="0.01" lineProperty="SOLID" />
                </Line>
                <Line startX="1.00752" startY="1.322047" endX="1.881535" endY="1.322047">
                  <LineDesc lineEnd="ROUND" lineWidth="0.01" lineProperty="SOLID" />
                </Line>
                <Line startX="1.881535" startY="1.322047" endX="1.881535" endY="2.074016">
                  <LineDesc lineEnd="ROUND" lineWidth="0.01" lineProperty="SOLID" />
                </Line>
                <Line startX="1.444528" startY="2.074016" endX="1.881535" endY="2.074016">
                  <LineDesc lineEnd="ROUND" lineWidth="0.01" lineProperty="SOLID" />
                </Line>
                <Line startX="2.82126" startY="3.12126" endX="2.97874" endY="3.12126">
                  <LineDesc lineEnd="ROUND" lineWidth="0.01" lineProperty="SOLID" />
                </Line>
                <Line startX="2.82126" startY="3.12126" endX="2.82126" endY="3.27874">
                  <LineDesc lineEnd="ROUND" lineWidth="0.01" lineProperty="SOLID" />
                </Line>
                <Line startX="2.97874" startY="3.12126" endX="2.97874" endY="3.27874">
                  <LineDesc lineEnd="ROUND" lineWidth="0.01" lineProperty="SOLID" />
                </Line>
                <Line startX="2.82126" startY="3.27874" endX="2.97874" endY="3.27874">
                  <LineDesc lineEnd="ROUND" lineWidth="0.01" lineProperty="SOLID" />
                </Line>
                <Line startX="1.01126" startY="3.13126" endX="1.16874" endY="3.13126">
                  <LineDesc lineEnd="ROUND" lineWidth="0.01" lineProperty="SOLID" />
                </Line>
                <Line startX="1.01126" startY="3.13126" endX="1.01126" endY="3.28874">
                  <LineDesc lineEnd="ROUND" lineWidth="0.01" lineProperty="SOLID" />
                </Line>
                <Line startX="1.16874" startY="3.13126" endX="1.16874" endY="3.28874">
                  <LineDesc lineEnd="ROUND" lineWidth="0.01" lineProperty="SOLID" />
                </Line>
                <Line startX="1.01126" startY="3.28874" endX="1.16874" endY="3.28874">
                  <LineDesc lineEnd="ROUND" lineWidth="0.01" lineProperty="SOLID" />
                </Line>
                <Line startX="2.82126" startY="1.02126" endX="2.97874" endY="1.02126">
                  <LineDesc lineEnd="ROUND" lineWidth="0.01" lineProperty="SOLID" />
                </Line>
                <Line startX="2.82126" startY="1.02126" endX="2.82126" endY="1.17874">
                  <LineDesc lineEnd="ROUND" lineWidth="0.01" lineProperty="SOLID" />
                </Line>
                <Line startX="2.97874" startY="1.02126" endX="2.97874" endY="1.17874">
                  <LineDesc lineEnd="ROUND" lineWidth="0.01" lineProperty="SOLID" />
                </Line>
                <Line startX="2.82126" startY="1.17874" endX="2.97874" endY="1.17874">
                  <LineDesc lineEnd="ROUND" lineWidth="0.01" lineProperty="SOLID" />
                </Line>
                <Line startX="1.02126" startY="1.02126" endX="1.17874" endY="1.02126">
                  <LineDesc lineEnd="ROUND" lineWidth="0.01" lineProperty="SOLID" />
                </Line>
                <Line startX="1.02126" startY="1.02126" endX="1.02126" endY="1.17874">
                  <LineDesc lineEnd="ROUND" lineWidth="0.01" lineProperty="SOLID" />
                </Line>
                <Line startX="1.17874" startY="1.02126" endX="1.17874" endY="1.17874">
                  <LineDesc lineEnd="ROUND" lineWidth="0.01" lineProperty="SOLID" />
                </Line>
                <Line startX="1.02126" startY="1.17874" endX="1.17874" endY="1.17874">
                  <LineDesc lineEnd="ROUND" lineWidth="0.01" lineProperty="SOLID" />
                </Line>
                <Line startX="2.473355" startY="3.059994" endX="2.473355" endY="3.020006">
                  <LineDesc lineEnd="ROUND" lineWidth="0.006" lineProperty="SOLID" />
                </Line>
                <Line startX="2.473355" startY="3.020006" endX="2.500013" endY="3.020006">
                  <LineDesc lineEnd="ROUND" lineWidth="0.006" lineProperty="SOLID" />
                </Line>
                <Line startX="2.54" startY="3.059994" endX="2.513342" endY="3.059994">
                  <LineDesc lineEnd="ROUND" lineWidth="0.006" lineProperty="SOLID" />
                </Line>
                <Line startX="2.513342" startY="3.059994" endX="2.513342" endY="3.020006">
                  <LineDesc lineEnd="ROUND" lineWidth="0.006" lineProperty="SOLID" />
                </Line>
                <Line startX="2.513342" startY="3.020006" endX="2.54" endY="3.020006">
                  <LineDesc lineEnd="ROUND" lineWidth="0.006" lineProperty="SOLID" />
                </Line>
                <Line startX="2.513342" startY="3.04" endX="2.526671" endY="3.04">
                  <LineDesc lineEnd="ROUND" lineWidth="0.006" lineProperty="SOLID" />
                </Line>
                <Line startX="2.553329" startY="3.059994" endX="2.553329" endY="3.020006">
                  <LineDesc lineEnd="ROUND" lineWidth="0.006" lineProperty="SOLID" />
                </Line>
                <Line startX="2.553329" startY="3.020006" endX="2.573323" endY="3.020006">
                  <LineDesc lineEnd="ROUND" lineWidth="0.006" lineProperty="SOLID" />
                </Line>
                <Line startX="2.573323" startY="3.020006" endX="2.579987" endY="3.026671">
                  <LineDesc lineEnd="ROUND" lineWidth="0.006" lineProperty="SOLID" />
                </Line>
                <Line startX="2.579987" startY="3.026671" endX="2.579987" endY="3.053329">
                  <LineDesc lineEnd="ROUND" lineWidth="0.006" lineProperty="SOLID" />
                </Line>
                <Line startX="2.579987" startY="3.053329" endX="2.573323" endY="3.059994">
                  <LineDesc lineEnd="ROUND" lineWidth="0.006" lineProperty="SOLID" />
                </Line>
                <Line startX="2.573323" startY="3.059994" endX="2.553329" endY="3.059994">
                  <LineDesc lineEnd="ROUND" lineWidth="0.006" lineProperty="SOLID" />
                </Line>
                <Line startX="2.593316" startY="3.020006" endX="2.606645" endY="3.020006">
                  <LineDesc lineEnd="ROUND" lineWidth="0.006" lineProperty="SOLID" />
                </Line>
                <Line startX="2.606645" startY="3.020006" endX="2.599981" endY="3.020006">
                  <LineDesc lineEnd="ROUND" lineWidth="0.006" lineProperty="SOLID" />
                </Line>
                <Line startX="2.599981" startY="3.020006" endX="2.599981" endY="3.059994">
                  <LineDesc lineEnd="ROUND" lineWidth="0.006" lineProperty="SOLID" />
                </Line>
                <Line startX="2.599981" startY="3.059994" endX="2.599981" endY="3.059994">
                  <LineDesc lineEnd="ROUND" lineWidth="0.006" lineProperty="SOLID" />
                </Line>
                <Line startX="2.599981" startY="3.059994" endX="2.593316" endY="3.053329">
                  <LineDesc lineEnd="ROUND" lineWidth="0.006" lineProperty="SOLID" />
                </Line>
                <Line startX="2.346658" startY="3.256652" endX="2.339994" endY="3.263316">
                  <LineDesc lineEnd="ROUND" lineWidth="0.01" lineProperty="SOLID" />
                </Line>
                <Line startX="2.339994" startY="3.263316" endX="2.326664" endY="3.263316">
                  <LineDesc lineEnd="ROUND" lineWidth="0.01" lineProperty="SOLID" />
                </Line>
                <Line startX="2.326664" startY="3.263316" endX="2.32" endY="3.256652">
                  <LineDesc lineEnd="ROUND" lineWidth="0.01" lineProperty="SOLID" />
                </Line>
                <Line startX="2.32" startY="3.256652" endX="2.32" endY="3.229994">
                  <LineDesc lineEnd="ROUND" lineWidth="0.01" lineProperty="SOLID" />
                </Line>
                <Line startX="2.32" startY="3.229994" endX="2.326664" endY="3.223329">
                  <LineDesc lineEnd="ROUND" lineWidth="0.01" lineProperty="SOLID" />
                </Line>
                <Line startX="2.326664" startY="3.223329" endX="2.339994" endY="3.223329">
                  <LineDesc lineEnd="ROUND" lineWidth="0.01" lineProperty="SOLID" />
                </Line>
                <Line startX="2.339994" startY="3.223329" endX="2.346658" endY="3.229994">
                  <LineDesc lineEnd="ROUND" lineWidth="0.01" lineProperty="SOLID" />
                </Line>
                <Line startX="2.359987" startY="3.263316" endX="2.359987" endY="3.223329">
                  <LineDesc lineEnd="ROUND" lineWidth="0.01" lineProperty="SOLID" />
                </Line>
                <Line startX="2.359987" startY="3.223329" endX="2.359987" endY="3.243322">
                  <LineDesc lineEnd="ROUND" lineWidth="0.01" lineProperty="SOLID" />
                </Line>
                <Line startX="2.359987" startY="3.243322" endX="2.366652" endY="3.249987">
                  <LineDesc lineEnd="ROUND" lineWidth="0.01" lineProperty="SOLID" />
                </Line>
                <Line startX="2.366652" startY="3.249987" endX="2.379981" endY="3.249987">
                  <LineDesc lineEnd="ROUND" lineWidth="0.01" lineProperty="SOLID" />
                </Line>
                <Line startX="2.379981" startY="3.249987" endX="2.386645" endY="3.243322">
                  <LineDesc lineEnd="ROUND" lineWidth="0.01" lineProperty="SOLID" />
                </Line>
                <Line startX="2.386645" startY="3.243322" endX="2.386645" endY="3.223329">
                  <LineDesc lineEnd="ROUND" lineWidth="0.01" lineProperty="SOLID" />
                </Line>
                <Line startX="2.406639" startY="3.249987" endX="2.419968" endY="3.249987">
                  <LineDesc lineEnd="ROUND" lineWidth="0.01" lineProperty="SOLID" />
                </Line>
                <Line startX="2.419968" startY="3.249987" endX="2.426632" endY="3.243322">
                  <LineDesc lineEnd="ROUND" lineWidth="0.01" lineProperty="SOLID" />
                </Line>
                <Line startX="2.426632" startY="3.243322" endX="2.426632" endY="3.223329">
                  <LineDesc lineEnd="ROUND" lineWidth="0.01" lineProperty="SOLID" />
                </Line>
                <Line startX="2.426632" startY="3.223329" endX="2.406639" endY="3.223329">
                  <LineDesc lineEnd="ROUND" lineWidth="0.01" lineProperty="SOLID" />
                </Line>
                <Line startX="2.406639" startY="3.223329" endX="2.399974" endY="3.229994">
                  <LineDesc lineEnd="ROUND" lineWidth="0.01" lineProperty="SOLID" />
                </Line>
                <Line startX="2.399974" startY="3.229994" endX="2.406639" endY="3.236658">
                  <LineDesc lineEnd="ROUND" lineWidth="0.01" lineProperty="SOLID" />
                </Line>
                <Line startX="2.406639" startY="3.236658" endX="2.426632" endY="3.236658">
                  <LineDesc lineEnd="ROUND" lineWidth="0.01" lineProperty="SOLID" />
                </Line>
                <Line startX="2.439961" startY="3.249987" endX="2.439961" endY="3.223329">
                  <LineDesc lineEnd="ROUND" lineWidth="0.01" lineProperty="SOLID" />
                </Line>
                <Line startX="2.439961" startY="3.223329" endX="2.439961" endY="3.236658">
                  <LineDesc lineEnd="ROUND" lineWidth="0.01" lineProperty="SOLID" />
                </Line>
                <Line startX="2.439961" startY="3.236658" endX="2.446626" endY="3.243322">
                  <LineDesc lineEnd="ROUND" lineWidth="0.01" lineProperty="SOLID" />
                </Line>
                <Line startX="2.446626" startY="3.243322" endX="2.45329" endY="3.249987">
                  <LineDesc lineEnd="ROUND" lineWidth="0.01" lineProperty="SOLID" />
                </Line>
                <Line startX="2.45329" startY="3.249987" endX="2.459955" endY="3.249987">
                  <LineDesc lineEnd="ROUND" lineWidth="0.01" lineProperty="SOLID" />
                </Line>
                <Line startX="2.493277" startY="3.21" endX="2.499942" endY="3.21">
                  <LineDesc lineEnd="ROUND" lineWidth="0.01" lineProperty="SOLID" />
                </Line>
                <Line startX="2.499942" startY="3.21" endX="2.506606" endY="3.216664">
                  <LineDesc lineEnd="ROUND" lineWidth="0.01" lineProperty="SOLID" />
                </Line>
                <Line startX="2.506606" startY="3.216664" endX="2.506606" endY="3.249987">
                  <LineDesc lineEnd="ROUND" lineWidth="0.01" lineProperty="SOLID" />
                </Line>
                <Line startX="2.506606" startY="3.249987" endX="2.486613" endY="3.249987">
                  <LineDesc lineEnd="ROUND" lineWidth="0.01" lineProperty="SOLID" />
                </Line>
                <Line startX="2.486613" startY="3.249987" endX="2.479948" endY="3.243322">
                  <LineDesc lineEnd="ROUND" lineWidth="0.01" lineProperty="SOLID" />
                </Line>
                <Line startX="2.479948" startY="3.243322" endX="2.479948" endY="3.229994">
                  <LineDesc lineEnd="ROUND" lineWidth="0.01" lineProperty="SOLID" />
                </Line>
                <Line startX="2.479948" startY="3.229994" endX="2.486613" endY="3.223329">
                  <LineDesc lineEnd="ROUND" lineWidth="0.01" lineProperty="SOLID" />
                </Line>
                <Line startX="2.486613" startY="3.223329" endX="2.506606" endY="3.223329">
                  <LineDesc lineEnd="ROUND" lineWidth="0.01" lineProperty="SOLID" />
                </Line>
                <Line startX="2.519936" startY="3.223329" endX="2.533264" endY="3.223329">
                  <LineDesc lineEnd="ROUND" lineWidth="0.01" lineProperty="SOLID" />
                </Line>
                <Line startX="2.533264" startY="3.223329" endX="2.5266" endY="3.223329">
                  <LineDesc lineEnd="ROUND" lineWidth="0.01" lineProperty="SOLID" />
                </Line>
                <Line startX="2.5266" startY="3.223329" endX="2.5266" endY="3.249987">
                  <LineDesc lineEnd="ROUND" lineWidth="0.01" lineProperty="SOLID" />
                </Line>
                <Line startX="2.5266" startY="3.249987" endX="2.519936" endY="3.249987">
                  <LineDesc lineEnd="ROUND" lineWidth="0.01" lineProperty="SOLID" />
                </Line>
                <Line startX="2.5266" startY="3.263316" endX="2.5266" endY="3.263316">
                  <LineDesc lineEnd="ROUND" lineWidth="0.01" lineProperty="SOLID" />
                </Line>
                <Line startX="2.553258" startY="3.223329" endX="2.553258" endY="3.249987">
                  <LineDesc lineEnd="ROUND" lineWidth="0.01" lineProperty="SOLID" />
                </Line>
                <Line startX="2.553258" startY="3.249987" endX="2.573252" endY="3.249987">
                  <LineDesc lineEnd="ROUND" lineWidth="0.01" lineProperty="SOLID" />
                </Line>
                <Line startX="2.573252" startY="3.249987" endX="2.579916" endY="3.243322">
                  <LineDesc lineEnd="ROUND" lineWidth="0.01" lineProperty="SOLID" />
                </Line>
                <Line startX="2.579916" startY="3.243322" endX="2.579916" endY="3.223329">
                  <LineDesc lineEnd="ROUND" lineWidth="0.01" lineProperty="SOLID" />
                </Line>
                <Line startX="2.606574" startY="3.21" endX="2.613239" endY="3.21">
                  <LineDesc lineEnd="ROUND" lineWidth="0.01" lineProperty="SOLID" />
                </Line>
                <Line startX="2.613239" startY="3.21" endX="2.619903" endY="3.216664">
                  <LineDesc lineEnd="ROUND" lineWidth="0.01" lineProperty="SOLID" />
                </Line>
                <Line startX="2.619903" startY="3.216664" endX="2.619903" endY="3.249987">
                  <LineDesc lineEnd="ROUND" lineWidth="0.01" lineProperty="SOLID" />
                </Line>
                <Line startX="2.619903" startY="3.249987" endX="2.59991" endY="3.249987">
                  <LineDesc lineEnd="ROUND" lineWidth="0.01" lineProperty="SOLID" />
                </Line>
                <Line startX="2.59991" startY="3.249987" endX="2.593245" endY="3.243322">
                  <LineDesc lineEnd="ROUND" lineWidth="0.01" lineProperty="SOLID" />
                </Line>
                <Line startX="2.593245" startY="3.243322" endX="2.593245" endY="3.229994">
                  <LineDesc lineEnd="ROUND" lineWidth="0.01" lineProperty="SOLID" />
                </Line>
                <Line startX="2.593245" startY="3.229994" endX="2.59991" endY="3.223329">
                  <LineDesc lineEnd="ROUND" lineWidth="0.01" lineProperty="SOLID" />
                </Line>
                <Line startX="2.59991" startY="3.223329" endX="2.619903" endY="3.223329">
                  <LineDesc lineEnd="ROUND" lineWidth="0.01" lineProperty="SOLID" />
                </Line>
                <Line startX="2.171658" startY="3.214972" endX="2.145" endY="3.214972">
                  <LineDesc lineEnd="ROUND" lineWidth="0.005" lineProperty="SOLID" />
                </Line>
                <Line startX="2.145" startY="3.214972" endX="2.145" endY="3.194978">
                  <LineDesc lineEnd="ROUND" lineWidth="0.005" lineProperty="SOLID" />
                </Line>
                <Line startX="2.145" startY="3.194978" endX="2.158329" endY="3.201642">
                  <LineDesc lineEnd="ROUND" lineWidth="0.005" lineProperty="SOLID" />
                </Line>
                <Line startX="2.158329" startY="3.201642" endX="2.164994" endY="3.201642">
                  <LineDesc lineEnd="ROUND" lineWidth="0.005" lineProperty="SOLID" />
                </Line>
                <Line startX="2.164994" startY="3.201642" endX="2.171658" endY="3.194978">
                  <LineDesc lineEnd="ROUND" lineWidth="0.005" lineProperty="SOLID" />
                </Line>
                <Line startX="2.171658" startY="3.194978" endX="2.171658" endY="3.181649">
                  <LineDesc lineEnd="ROUND" lineWidth="0.005" lineProperty="SOLID" />
                </Line>
                <Line startX="2.171658" startY="3.181649" endX="2.164994" endY="3.174984">
                  <LineDesc lineEnd="ROUND" lineWidth="0.005" lineProperty="SOLID" />
                </Line>
                <Line startX="2.164994" startY="3.174984" endX="2.151664" endY="3.174984">
                  <LineDesc lineEnd="ROUND" lineWidth="0.005" lineProperty="SOLID" />
                </Line>
                <Line startX="2.151664" startY="3.174984" endX="2.145" endY="3.181649">
                  <LineDesc lineEnd="ROUND" lineWidth="0.005" lineProperty="SOLID" />
                </Line>
                <Line startX="2.184987" startY="3.208307" endX="2.191652" endY="3.214972">
                  <LineDesc lineEnd="ROUND" lineWidth="0.005" lineProperty="SOLID" />
                </Line>
                <Line startX="2.191652" startY="3.214972" endX="2.204981" endY="3.214972">
                  <LineDesc lineEnd="ROUND" lineWidth="0.005" lineProperty="SOLID" />
                </Line>
                <Line startX="2.204981" startY="3.214972" endX="2.211645" endY="3.208307">
                  <LineDesc lineEnd="ROUND" lineWidth="0.005" lineProperty="SOLID" />
                </Line>
                <Line startX="2.211645" startY="3.208307" endX="2.211645" endY="3.181649">
                  <LineDesc lineEnd="ROUND" lineWidth="0.005" lineProperty="SOLID" />
                </Line>
                <Line startX="2.211645" startY="3.181649" endX="2.204981" endY="3.174984">
                  <LineDesc lineEnd="ROUND" lineWidth="0.005" lineProperty="SOLID" />
                </Line>
                <Line startX="2.204981" startY="3.174984" endX="2.191652" endY="3.174984">
                  <LineDesc lineEnd="ROUND" lineWidth="0.005" lineProperty="SOLID" />
                </Line>
                <Line startX="2.191652" startY="3.174984" endX="2.184987" endY="3.181649">
                  <LineDesc lineEnd="ROUND" lineWidth="0.005" lineProperty="SOLID" />
                </Line>
                <Line startX="2.184987" startY="3.181649" endX="2.184987" endY="3.208307">
                  <LineDesc lineEnd="ROUND" lineWidth="0.005" lineProperty="SOLID" />
                </Line>
                <Line startX="2.224974" startY="3.208307" endX="2.231639" endY="3.214972">
                  <LineDesc lineEnd="ROUND" lineWidth="0.005" lineProperty="SOLID" />
                </Line>
                <Line startX="2.231639" startY="3.214972" endX="2.244968" endY="3.214972">
                  <LineDesc lineEnd="ROUND" lineWidth="0.005" lineProperty="SOLID" />
                </Line>
                <Line startX="2.244968" startY="3.214972" endX="2.251632" endY="3.208307">
                  <LineDesc lineEnd="ROUND" lineWidth="0.005" lineProperty="SOLID" />
                </Line>
                <Line startX="2.251632" startY="3.208307" endX="2.251632" endY="3.181649">
                  <LineDesc lineEnd="ROUND" lineWidth="0.005" lineProperty="SOLID" />
                </Line>
                <Line startX="2.251632" startY="3.181649" endX="2.244968" endY="3.174984">
                  <LineDesc lineEnd="ROUND" lineWidth="0.005" lineProperty="SOLID" />
                </Line>
                <Line startX="2.244968" startY="3.174984" endX="2.231639" endY="3.174984">
                  <LineDesc lineEnd="ROUND" lineWidth="0.005" lineProperty="SOLID" />
                </Line>
                <Line startX="2.231639" startY="3.174984" endX="2.224974" endY="3.181649">
                  <LineDesc lineEnd="ROUND" lineWidth="0.005" lineProperty="SOLID" />
                </Line>
                <Line startX="2.224974" startY="3.181649" endX="2.224974" endY="3.208307">
                  <LineDesc lineEnd="ROUND" lineWidth="0.005" lineProperty="SOLID" />
                </Line>
                <Line startX="2.145" startY="3.115" endX="2.145" endY="3.141658">
                  <LineDesc lineEnd="ROUND" lineWidth="0.005" lineProperty="SOLID" />
                </Line>
                <Line startX="2.145" startY="3.141658" endX="2.151664" endY="3.141658">
                  <LineDesc lineEnd="ROUND" lineWidth="0.005" lineProperty="SOLID" />
                </Line>
                <Line startX="2.151664" startY="3.141658" endX="2.158329" endY="3.134994">
                  <LineDesc lineEnd="ROUND" lineWidth="0.005" lineProperty="SOLID" />
                </Line>
                <Line startX="2.158329" startY="3.134994" endX="2.158329" endY="3.115">
                  <LineDesc lineEnd="ROUND" lineWidth="0.005" lineProperty="SOLID" />
                </Line>
                <Line startX="2.158329" startY="3.115" endX="2.158329" endY="3.134994">
                  <LineDesc lineEnd="ROUND" lineWidth="0.005" lineProperty="SOLID" />
                </Line>
                <Line startX="2.158329" startY="3.134994" endX="2.164994" endY="3.141658">
                  <LineDesc lineEnd="ROUND" lineWidth="0.005" lineProperty="SOLID" />
                </Line>
                <Line startX="2.164994" startY="3.141658" endX="2.171658" endY="3.134994">
                  <LineDesc lineEnd="ROUND" lineWidth="0.005" lineProperty="SOLID" />
                </Line>
                <Line startX="2.171658" startY="3.134994" endX="2.171658" endY="3.115">
                  <LineDesc lineEnd="ROUND" lineWidth="0.005" lineProperty="SOLID" />
                </Line>
                <Line startX="2.184987" startY="3.115" endX="2.184987" endY="3.141658">
                  <LineDesc lineEnd="ROUND" lineWidth="0.005" lineProperty="SOLID" />
                </Line>
                <Line startX="2.184987" startY="3.141658" endX="2.198316" endY="3.154987">
                  <LineDesc lineEnd="ROUND" lineWidth="0.005" lineProperty="SOLID" />
                </Line>
                <Line startX="2.198316" startY="3.154987" endX="2.211645" endY="3.141658">
                  <LineDesc lineEnd="ROUND" lineWidth="0.005" lineProperty="SOLID" />
                </Line>
                <Line startX="2.211645" startY="3.141658" endX="2.211645" endY="3.115">
                  <LineDesc lineEnd="ROUND" lineWidth="0.005" lineProperty="SOLID" />
                </Line>
                <Line startX="2.211645" startY="3.115" endX="2.211645" endY="3.134994">
                  <LineDesc lineEnd="ROUND" lineWidth="0.005" lineProperty="SOLID" />
                </Line>
                <Line startX="2.211645" startY="3.134994" endX="2.184987" endY="3.134994">
                  <LineDesc lineEnd="ROUND" lineWidth="0.005" lineProperty="SOLID" />
                </Line>
                <Line startX="2.08" startY="1.208642" endX="2.08" endY="1.24863">
                  <LineDesc lineEnd="ROUND" lineWidth="0.01" lineProperty="SOLID" />
                </Line>
                <Line startX="2.08" startY="1.24863" endX="2.093329" endY="1.2353">
                  <LineDesc lineEnd="ROUND" lineWidth="0.01" lineProperty="SOLID" />
                </Line>
                <Line startX="2.093329" startY="1.2353" endX="2.106658" endY="1.24863">
                  <LineDesc lineEnd="ROUND" lineWidth="0.01" lineProperty="SOLID" />
                </Line>
                <Line startX="2.106658" startY="1.24863" endX="2.106658" endY="1.208642">
                  <LineDesc lineEnd="ROUND" lineWidth="0.01" lineProperty="SOLID" />
                </Line>
                <Line startX="2.119987" startY="1.2353" endX="2.119987" endY="1.215307">
                  <LineDesc lineEnd="ROUND" lineWidth="0.01" lineProperty="SOLID" />
                </Line>
                <Line startX="2.119987" startY="1.215307" endX="2.126652" endY="1.208642">
                  <LineDesc lineEnd="ROUND" lineWidth="0.01" lineProperty="SOLID" />
                </Line>
                <Line startX="2.126652" startY="1.208642" endX="2.146645" endY="1.208642">
                  <LineDesc lineEnd="ROUND" lineWidth="0.01" lineProperty="SOLID" />
                </Line>
                <Line startX="2.146645" startY="1.208642" endX="2.146645" endY="1.201978">
                  <LineDesc lineEnd="ROUND" lineWidth="0.01" lineProperty="SOLID" />
                </Line>
                <Line startX="2.146645" startY="1.201978" endX="2.139981" endY="1.195314">
                  <LineDesc lineEnd="ROUND" lineWidth="0.01" lineProperty="SOLID" />
                </Line>
                <Line startX="2.139981" startY="1.195314" endX="2.133316" endY="1.195314">
                  <LineDesc lineEnd="ROUND" lineWidth="0.01" lineProperty="SOLID" />
                </Line>
                <Line startX="2.146645" startY="1.208642" endX="2.146645" endY="1.2353">
                  <LineDesc lineEnd="ROUND" lineWidth="0.01" lineProperty="SOLID" />
                </Line>
                <Line startX="2.226619" startY="1.241965" endX="2.219955" endY="1.24863">
                  <LineDesc lineEnd="ROUND" lineWidth="0.01" lineProperty="SOLID" />
                </Line>
                <Line startX="2.219955" startY="1.24863" endX="2.206626" endY="1.24863">
                  <LineDesc lineEnd="ROUND" lineWidth="0.01" lineProperty="SOLID" />
                </Line>
                <Line startX="2.206626" startY="1.24863" endX="2.199961" endY="1.241965">
                  <LineDesc lineEnd="ROUND" lineWidth="0.01" lineProperty="SOLID" />
                </Line>
                <Line startX="2.199961" startY="1.241965" endX="2.199961" endY="1.215307">
                  <LineDesc lineEnd="ROUND" lineWidth="0.01" lineProperty="SOLID" />
                </Line>
                <Line startX="2.199961" startY="1.215307" endX="2.206626" endY="1.208642">
                  <LineDesc lineEnd="ROUND" lineWidth="0.01" lineProperty="SOLID" />
                </Line>
                <Line startX="2.206626" startY="1.208642" endX="2.219955" endY="1.208642">
                  <LineDesc lineEnd="ROUND" lineWidth="0.01" lineProperty="SOLID" />
                </Line>
                <Line startX="2.219955" startY="1.208642" endX="2.226619" endY="1.215307">
                  <LineDesc lineEnd="ROUND" lineWidth="0.01" lineProperty="SOLID" />
                </Line>
                <Line startX="2.246613" startY="1.208642" endX="2.259942" endY="1.208642">
                  <LineDesc lineEnd="ROUND" lineWidth="0.01" lineProperty="SOLID" />
                </Line>
                <Line startX="2.259942" startY="1.208642" endX="2.266606" endY="1.215307">
                  <LineDesc lineEnd="ROUND" lineWidth="0.01" lineProperty="SOLID" />
                </Line>
                <Line startX="2.266606" startY="1.215307" endX="2.266606" endY="1.228636">
                  <LineDesc lineEnd="ROUND" lineWidth="0.01" lineProperty="SOLID" />
                </Line>
                <Line startX="2.266606" startY="1.228636" endX="2.259942" endY="1.2353">
                  <LineDesc lineEnd="ROUND" lineWidth="0.01" lineProperty="SOLID" />
                </Line>
                <Line startX="2.259942" startY="1.2353" endX="2.246613" endY="1.2353">
                  <LineDesc lineEnd="ROUND" lineWidth="0.01" lineProperty="SOLID" />
                </Line>
                <Line startX="2.246613" startY="1.2353" endX="2.239948" endY="1.228636">
                  <LineDesc lineEnd="ROUND" lineWidth="0.01" lineProperty="SOLID" />
                </Line>
                <Line startX="2.239948" startY="1.228636" endX="2.239948" endY="1.215307">
                  <LineDesc lineEnd="ROUND" lineWidth="0.01" lineProperty="SOLID" />
                </Line>
                <Line startX="2.239948" startY="1.215307" endX="2.246613" endY="1.208642">
                  <LineDesc lineEnd="ROUND" lineWidth="0.01" lineProperty="SOLID" />
                </Line>
                <Line startX="2.279936" startY="1.208642" endX="2.279936" endY="1.2353">
                  <LineDesc lineEnd="ROUND" lineWidth="0.01" lineProperty="SOLID" />
                </Line>
                <Line startX="2.279936" startY="1.2353" endX="2.2866" endY="1.2353">
                  <LineDesc lineEnd="ROUND" lineWidth="0.01" lineProperty="SOLID" />
                </Line>
                <Line startX="2.2866" startY="1.2353" endX="2.293264" endY="1.228636">
                  <LineDesc lineEnd="ROUND" lineWidth="0.01" lineProperty="SOLID" />
                </Line>
                <Line startX="2.293264" startY="1.228636" endX="2.293264" endY="1.208642">
                  <LineDesc lineEnd="ROUND" lineWidth="0.01" lineProperty="SOLID" />
                </Line>
                <Line startX="2.293264" startY="1.208642" endX="2.293264" endY="1.228636">
                  <LineDesc lineEnd="ROUND" lineWidth="0.01" lineProperty="SOLID" />
                </Line>
                <Line startX="2.293264" startY="1.228636" endX="2.299929" endY="1.2353">
                  <LineDesc lineEnd="ROUND" lineWidth="0.01" lineProperty="SOLID" />
                </Line>
                <Line startX="2.299929" startY="1.2353" endX="2.306594" endY="1.228636">
                  <LineDesc lineEnd="ROUND" lineWidth="0.01" lineProperty="SOLID" />
                </Line>
                <Line startX="2.306594" startY="1.228636" endX="2.306594" endY="1.208642">
                  <LineDesc lineEnd="ROUND" lineWidth="0.01" lineProperty="SOLID" />
                </Line>
                <Line startX="2.319923" startY="1.195314" endX="2.319923" endY="1.2353">
                  <LineDesc lineEnd="ROUND" lineWidth="0.01" lineProperty="SOLID" />
                </Line>
                <Line startX="2.319923" startY="1.2353" endX="2.339916" endY="1.2353">
                  <LineDesc lineEnd="ROUND" lineWidth="0.01" lineProperty="SOLID" />
                </Line>
                <Line startX="2.339916" startY="1.2353" endX="2.346581" endY="1.228636">
                  <LineDesc lineEnd="ROUND" lineWidth="0.01" lineProperty="SOLID" />
                </Line>
                <Line startX="2.346581" startY="1.228636" endX="2.346581" endY="1.215307">
                  <LineDesc lineEnd="ROUND" lineWidth="0.01" lineProperty="SOLID" />
                </Line>
                <Line startX="2.346581" startY="1.215307" endX="2.339916" endY="1.208642">
                  <LineDesc lineEnd="ROUND" lineWidth="0.01" lineProperty="SOLID" />
                </Line>
                <Line startX="2.339916" startY="1.208642" endX="2.319923" endY="1.208642">
                  <LineDesc lineEnd="ROUND" lineWidth="0.01" lineProperty="SOLID" />
                </Line>
                <Line startX="2.366574" startY="1.2353" endX="2.379903" endY="1.2353">
                  <LineDesc lineEnd="ROUND" lineWidth="0.01" lineProperty="SOLID" />
                </Line>
                <Line startX="2.379903" startY="1.2353" endX="2.386568" endY="1.228636">
                  <LineDesc lineEnd="ROUND" lineWidth="0.01" lineProperty="SOLID" />
                </Line>
                <Line startX="2.386568" startY="1.228636" endX="2.386568" endY="1.208642">
                  <LineDesc lineEnd="ROUND" lineWidth="0.01" lineProperty="SOLID" />
                </Line>
                <Line startX="2.386568" startY="1.208642" endX="2.366574" endY="1.208642">
                  <LineDesc lineEnd="ROUND" lineWidth="0.01" lineProperty="SOLID" />
                </Line>
                <Line startX="2.366574" startY="1.208642" endX="2.35991" endY="1.215307">
                  <LineDesc lineEnd="ROUND" lineWidth="0.01" lineProperty="SOLID" />
                </Line>
                <Line startX="2.35991" startY="1.215307" endX="2.366574" endY="1.221972">
                  <LineDesc lineEnd="ROUND" lineWidth="0.01" lineProperty="SOLID" />
                </Line>
                <Line startX="2.366574" startY="1.221972" endX="2.386568" endY="1.221972">
                  <LineDesc lineEnd="ROUND" lineWidth="0.01" lineProperty="SOLID" />
                </Line>
                <Line startX="2.399897" startY="1.208642" endX="2.399897" endY="1.2353">
                  <LineDesc lineEnd="ROUND" lineWidth="0.01" lineProperty="SOLID" />
                </Line>
                <Line startX="2.399897" startY="1.2353" endX="2.41989" endY="1.2353">
                  <LineDesc lineEnd="ROUND" lineWidth="0.01" lineProperty="SOLID" />
                </Line>
                <Line startX="2.41989" startY="1.2353" endX="2.426555" endY="1.228636">
                  <LineDesc lineEnd="ROUND" lineWidth="0.01" lineProperty="SOLID" />
                </Line>
                <Line startX="2.426555" startY="1.228636" endX="2.426555" endY="1.208642">
                  <LineDesc lineEnd="ROUND" lineWidth="0.01" lineProperty="SOLID" />
                </Line>
                <Line startX="2.439884" startY="1.2353" endX="2.439884" endY="1.215307">
                  <LineDesc lineEnd="ROUND" lineWidth="0.01" lineProperty="SOLID" />
                </Line>
                <Line startX="2.439884" startY="1.215307" endX="2.446548" endY="1.208642">
                  <LineDesc lineEnd="ROUND" lineWidth="0.01" lineProperty="SOLID" />
                </Line>
                <Line startX="2.446548" startY="1.208642" endX="2.466542" endY="1.208642">
                  <LineDesc lineEnd="ROUND" lineWidth="0.01" lineProperty="SOLID" />
                </Line>
                <Line startX="2.466542" startY="1.208642" endX="2.466542" endY="1.201978">
                  <LineDesc lineEnd="ROUND" lineWidth="0.01" lineProperty="SOLID" />
                </Line>
                <Line startX="2.466542" startY="1.201978" endX="2.459877" endY="1.195314">
                  <LineDesc lineEnd="ROUND" lineWidth="0.01" lineProperty="SOLID" />
                </Line>
                <Line startX="2.459877" startY="1.195314" endX="2.453213" endY="1.195314">
                  <LineDesc lineEnd="ROUND" lineWidth="0.01" lineProperty="SOLID" />
                </Line>
                <Line startX="2.466542" startY="1.208642" endX="2.466542" endY="1.2353">
                  <LineDesc lineEnd="ROUND" lineWidth="0.01" lineProperty="SOLID" />
                </Line>
                <Line startX="2.08" startY="1.163316" endX="2.08" endY="1.123329">
                  <LineDesc lineEnd="ROUND" lineWidth="0.01" lineProperty="SOLID" />
                </Line>
                <Line startX="2.08" startY="1.123329" endX="2.106658" endY="1.123329">
                  <LineDesc lineEnd="ROUND" lineWidth="0.01" lineProperty="SOLID" />
                </Line>
                <Line startX="2.119987" startY="1.123329" endX="2.133316" endY="1.123329">
                  <LineDesc lineEnd="ROUND" lineWidth="0.01" lineProperty="SOLID" />
                </Line>
                <Line startX="2.133316" startY="1.123329" endX="2.126652" endY="1.123329">
                  <LineDesc lineEnd="ROUND" lineWidth="0.01" lineProperty="SOLID" />
                </Line>
                <Line startX="2.126652" startY="1.123329" endX="2.126652" endY="1.149987">
                  <LineDesc lineEnd="ROUND" lineWidth="0.01" lineProperty="SOLID" />
                </Line>
                <Line startX="2.126652" startY="1.149987" endX="2.119987" endY="1.149987">
                  <LineDesc lineEnd="ROUND" lineWidth="0.01" lineProperty="SOLID" />
                </Line>
                <Line startX="2.126652" startY="1.163316" endX="2.126652" endY="1.163316">
                  <LineDesc lineEnd="ROUND" lineWidth="0.01" lineProperty="SOLID" />
                </Line>
                <Line startX="2.15331" startY="1.123329" endX="2.15331" endY="1.163316">
                  <LineDesc lineEnd="ROUND" lineWidth="0.01" lineProperty="SOLID" />
                </Line>
                <Line startX="2.15331" startY="1.163316" endX="2.173303" endY="1.163316">
                  <LineDesc lineEnd="ROUND" lineWidth="0.01" lineProperty="SOLID" />
                </Line>
                <Line startX="2.173303" startY="1.163316" endX="2.179968" endY="1.156652">
                  <LineDesc lineEnd="ROUND" lineWidth="0.01" lineProperty="SOLID" />
                </Line>
                <Line startX="2.179968" startY="1.156652" endX="2.179968" endY="1.143322">
                  <LineDesc lineEnd="ROUND" lineWidth="0.01" lineProperty="SOLID" />
                </Line>
                <Line startX="2.179968" startY="1.143322" endX="2.173303" endY="1.136658">
                  <LineDesc lineEnd="ROUND" lineWidth="0.01" lineProperty="SOLID" />
                </Line>
                <Line startX="2.173303" startY="1.136658" endX="2.15331" endY="1.136658">
                  <LineDesc lineEnd="ROUND" lineWidth="0.01" lineProperty="SOLID" />
                </Line>
                <Line startX="2.199961" startY="1.123329" endX="2.21329" endY="1.123329">
                  <LineDesc lineEnd="ROUND" lineWidth="0.01" lineProperty="SOLID" />
                </Line>
                <Line startX="2.21329" startY="1.123329" endX="2.219955" endY="1.129994">
                  <LineDesc lineEnd="ROUND" lineWidth="0.01" lineProperty="SOLID" />
                </Line>
                <Line startX="2.219955" startY="1.129994" endX="2.219955" endY="1.143322">
                  <LineDesc lineEnd="ROUND" lineWidth="0.01" lineProperty="SOLID" />
                </Line>
                <Line startX="2.219955" startY="1.143322" endX="2.21329" endY="1.149987">
                  <LineDesc lineEnd="ROUND" lineWidth="0.01" lineProperty="SOLID" />
                </Line>
                <Line startX="2.21329" startY="1.149987" endX="2.199961" endY="1.149987">
                  <LineDesc lineEnd="ROUND" lineWidth="0.01" lineProperty="SOLID" />
                </Line>
                <Line startX="2.199961" startY="1.149987" endX="2.193297" endY="1.143322">
                  <LineDesc lineEnd="ROUND" lineWidth="0.01" lineProperty="SOLID" />
                </Line>
                <Line startX="2.193297" startY="1.143322" endX="2.193297" endY="1.129994">
                  <LineDesc lineEnd="ROUND" lineWidth="0.01" lineProperty="SOLID" />
                </Line>
                <Line startX="2.193297" startY="1.129994" endX="2.199961" endY="1.123329">
                  <LineDesc lineEnd="ROUND" lineWidth="0.01" lineProperty="SOLID" />
                </Line>
                <Line startX="2.273271" startY="1.163316" endX="2.273271" endY="1.129994">
                  <LineDesc lineEnd="ROUND" lineWidth="0.01" lineProperty="SOLID" />
                </Line>
                <Line startX="2.273271" startY="1.129994" endX="2.279936" endY="1.123329">
                  <LineDesc lineEnd="ROUND" lineWidth="0.01" lineProperty="SOLID" />
                </Line>
                <Line startX="2.279936" startY="1.123329" endX="2.293264" endY="1.123329">
                  <LineDesc lineEnd="ROUND" lineWidth="0.01" lineProperty="SOLID" />
                </Line>
                <Line startX="2.293264" startY="1.123329" endX="2.299929" endY="1.129994">
                  <LineDesc lineEnd="ROUND" lineWidth="0.01" lineProperty="SOLID" />
                </Line>
                <Line startX="2.299929" startY="1.129994" endX="2.299929" endY="1.163316">
                  <LineDesc lineEnd="ROUND" lineWidth="0.01" lineProperty="SOLID" />
                </Line>
                <Line startX="2.339916" startY="1.156652" endX="2.333252" endY="1.163316">
                  <LineDesc lineEnd="ROUND" lineWidth="0.01" lineProperty="SOLID" />
                </Line>
                <Line startX="2.333252" startY="1.163316" endX="2.319923" endY="1.163316">
                  <LineDesc lineEnd="ROUND" lineWidth="0.01" lineProperty="SOLID" />
                </Line>
                <Line startX="2.319923" startY="1.163316" endX="2.313258" endY="1.156652">
                  <LineDesc lineEnd="ROUND" lineWidth="0.01" lineProperty="SOLID" />
                </Line>
                <Line startX="2.313258" startY="1.156652" endX="2.313258" endY="1.149987">
                  <LineDesc lineEnd="ROUND" lineWidth="0.01" lineProperty="SOLID" />
                </Line>
                <Line startX="2.313258" startY="1.149987" endX="2.319923" endY="1.143322">
                  <LineDesc lineEnd="ROUND" lineWidth="0.01" lineProperty="SOLID" />
                </Line>
                <Line startX="2.319923" startY="1.143322" endX="2.333252" endY="1.143322">
                  <LineDesc lineEnd="ROUND" lineWidth="0.01" lineProperty="SOLID" />
                </Line>
                <Line startX="2.333252" startY="1.143322" endX="2.339916" endY="1.136658">
                  <LineDesc lineEnd="ROUND" lineWidth="0.01" lineProperty="SOLID" />
                </Line>
                <Line startX="2.339916" startY="1.136658" endX="2.339916" endY="1.129994">
                  <LineDesc lineEnd="ROUND" lineWidth="0.01" lineProperty="SOLID" />
                </Line>
                <Line startX="2.339916" startY="1.129994" endX="2.333252" endY="1.123329">
                  <LineDesc lineEnd="ROUND" lineWidth="0.01" lineProperty="SOLID" />
                </Line>
                <Line startX="2.333252" startY="1.123329" endX="2.319923" endY="1.123329">
                  <LineDesc lineEnd="ROUND" lineWidth="0.01" lineProperty="SOLID" />
                </Line>
                <Line startX="2.319923" startY="1.123329" endX="2.313258" endY="1.129994">
                  <LineDesc lineEnd="ROUND" lineWidth="0.01" lineProperty="SOLID" />
                </Line>
                <Line startX="2.353245" startY="1.163316" endX="2.353245" endY="1.123329">
                  <LineDesc lineEnd="ROUND" lineWidth="0.01" lineProperty="SOLID" />
                </Line>
                <Line startX="2.353245" startY="1.123329" endX="2.373239" endY="1.123329">
                  <LineDesc lineEnd="ROUND" lineWidth="0.01" lineProperty="SOLID" />
                </Line>
                <Line startX="2.373239" startY="1.123329" endX="2.379903" endY="1.129994">
                  <LineDesc lineEnd="ROUND" lineWidth="0.01" lineProperty="SOLID" />
                </Line>
                <Line startX="2.379903" startY="1.129994" endX="2.379903" endY="1.136658">
                  <LineDesc lineEnd="ROUND" lineWidth="0.01" lineProperty="SOLID" />
                </Line>
                <Line startX="2.379903" startY="1.136658" endX="2.373239" endY="1.143322">
                  <LineDesc lineEnd="ROUND" lineWidth="0.01" lineProperty="SOLID" />
                </Line>
                <Line startX="2.373239" startY="1.143322" endX="2.353245" endY="1.143322">
                  <LineDesc lineEnd="ROUND" lineWidth="0.01" lineProperty="SOLID" />
                </Line>
                <Line startX="2.353245" startY="1.143322" endX="2.353245" endY="1.143322">
                  <LineDesc lineEnd="ROUND" lineWidth="0.01" lineProperty="SOLID" />
                </Line>
                <Line startX="2.353245" startY="1.143322" endX="2.353245" endY="1.143322">
                  <LineDesc lineEnd="ROUND" lineWidth="0.01" lineProperty="SOLID" />
                </Line>
                <Line startX="2.353245" startY="1.143322" endX="2.353245" endY="1.143322">
                  <LineDesc lineEnd="ROUND" lineWidth="0.01" lineProperty="SOLID" />
                </Line>
                <Line startX="2.353245" startY="1.143322" endX="2.373239" endY="1.143322">
                  <LineDesc lineEnd="ROUND" lineWidth="0.01" lineProperty="SOLID" />
                </Line>
                <Line startX="2.373239" startY="1.143322" endX="2.379903" endY="1.149987">
                  <LineDesc lineEnd="ROUND" lineWidth="0.01" lineProperty="SOLID" />
                </Line>
                <Line startX="2.379903" startY="1.149987" endX="2.379903" endY="1.156652">
                  <LineDesc lineEnd="ROUND" lineWidth="0.01" lineProperty="SOLID" />
                </Line>
                <Line startX="2.379903" startY="1.156652" endX="2.373239" endY="1.163316">
                  <LineDesc lineEnd="ROUND" lineWidth="0.01" lineProperty="SOLID" />
                </Line>
                <Line startX="2.373239" startY="1.163316" endX="2.353245" endY="1.163316">
                  <LineDesc lineEnd="ROUND" lineWidth="0.01" lineProperty="SOLID" />
                </Line>
                <Line startX="2.459877" startY="1.156652" endX="2.453213" endY="1.163316">
                  <LineDesc lineEnd="ROUND" lineWidth="0.01" lineProperty="SOLID" />
                </Line>
                <Line startX="2.453213" startY="1.163316" endX="2.439884" endY="1.163316">
                  <LineDesc lineEnd="ROUND" lineWidth="0.01" lineProperty="SOLID" />
                </Line>
                <Line startX="2.439884" startY="1.163316" endX="2.433219" endY="1.156652">
                  <LineDesc lineEnd="ROUND" lineWidth="0.01" lineProperty="SOLID" />
                </Line>
                <Line startX="2.433219" startY="1.156652" endX="2.433219" endY="1.129994">
                  <LineDesc lineEnd="ROUND" lineWidth="0.01" lineProperty="SOLID" />
                </Line>
                <Line startX="2.433219" startY="1.129994" endX="2.439884" endY="1.123329">
                  <LineDesc lineEnd="ROUND" lineWidth="0.01" lineProperty="SOLID" />
                </Line>
                <Line startX="2.439884" startY="1.123329" endX="2.453213" endY="1.123329">
                  <LineDesc lineEnd="ROUND" lineWidth="0.01" lineProperty="SOLID" />
                </Line>
                <Line startX="2.453213" startY="1.123329" endX="2.459877" endY="1.129994">
                  <LineDesc lineEnd="ROUND" lineWidth="0.01" lineProperty="SOLID" />
                </Line>
                <Line startX="2.473206" startY="1.163316" endX="2.473206" endY="1.123329">
                  <LineDesc lineEnd="ROUND" lineWidth="0.01" lineProperty="SOLID" />
                </Line>
                <Line startX="2.473206" startY="1.123329" endX="2.473206" endY="1.143322">
                  <LineDesc lineEnd="ROUND" lineWidth="0.01" lineProperty="SOLID" />
                </Line>
                <Line startX="2.473206" startY="1.143322" endX="2.479871" endY="1.149987">
                  <LineDesc lineEnd="ROUND" lineWidth="0.01" lineProperty="SOLID" />
                </Line>
                <Line startX="2.479871" startY="1.149987" endX="2.4932" endY="1.149987">
                  <LineDesc lineEnd="ROUND" lineWidth="0.01" lineProperty="SOLID" />
                </Line>
                <Line startX="2.4932" startY="1.149987" endX="2.499864" endY="1.143322">
                  <LineDesc lineEnd="ROUND" lineWidth="0.01" lineProperty="SOLID" />
                </Line>
                <Line startX="2.499864" startY="1.143322" endX="2.499864" endY="1.123329">
                  <LineDesc lineEnd="ROUND" lineWidth="0.01" lineProperty="SOLID" />
                </Line>
                <Line startX="2.519858" startY="1.149987" endX="2.533187" endY="1.149987">
                  <LineDesc lineEnd="ROUND" lineWidth="0.01" lineProperty="SOLID" />
                </Line>
                <Line startX="2.533187" startY="1.149987" endX="2.539852" endY="1.143322">
                  <LineDesc lineEnd="ROUND" lineWidth="0.01" lineProperty="SOLID" />
                </Line>
                <Line startX="2.539852" startY="1.143322" endX="2.539852" endY="1.123329">
                  <LineDesc lineEnd="ROUND" lineWidth="0.01" lineProperty="SOLID" />
                </Line>
                <Line startX="2.539852" startY="1.123329" endX="2.519858" endY="1.123329">
                  <LineDesc lineEnd="ROUND" lineWidth="0.01" lineProperty="SOLID" />
                </Line>
                <Line startX="2.519858" startY="1.123329" endX="2.513194" endY="1.129994">
                  <LineDesc lineEnd="ROUND" lineWidth="0.01" lineProperty="SOLID" />
                </Line>
                <Line startX="2.513194" startY="1.129994" endX="2.519858" endY="1.136658">
                  <LineDesc lineEnd="ROUND" lineWidth="0.01" lineProperty="SOLID" />
                </Line>
                <Line startX="2.519858" startY="1.136658" endX="2.539852" endY="1.136658">
                  <LineDesc lineEnd="ROUND" lineWidth="0.01" lineProperty="SOLID" />
                </Line>
                <Line startX="2.553181" startY="1.149987" endX="2.553181" endY="1.123329">
                  <LineDesc lineEnd="ROUND" lineWidth="0.01" lineProperty="SOLID" />
                </Line>
                <Line startX="2.553181" startY="1.123329" endX="2.553181" endY="1.136658">
                  <LineDesc lineEnd="ROUND" lineWidth="0.01" lineProperty="SOLID" />
                </Line>
                <Line startX="2.553181" startY="1.136658" endX="2.559845" endY="1.143322">
                  <LineDesc lineEnd="ROUND" lineWidth="0.01" lineProperty="SOLID" />
                </Line>
                <Line startX="2.559845" startY="1.143322" endX="2.56651" endY="1.149987">
                  <LineDesc lineEnd="ROUND" lineWidth="0.01" lineProperty="SOLID" />
                </Line>
                <Line startX="2.56651" startY="1.149987" endX="2.573174" endY="1.149987">
                  <LineDesc lineEnd="ROUND" lineWidth="0.01" lineProperty="SOLID" />
                </Line>
                <Line startX="2.606497" startY="1.11" endX="2.613161" endY="1.11">
                  <LineDesc lineEnd="ROUND" lineWidth="0.01" lineProperty="SOLID" />
                </Line>
                <Line startX="2.613161" startY="1.11" endX="2.619826" endY="1.116664">
                  <LineDesc lineEnd="ROUND" lineWidth="0.01" lineProperty="SOLID" />
                </Line>
                <Line startX="2.619826" startY="1.116664" endX="2.619826" endY="1.149987">
                  <LineDesc lineEnd="ROUND" lineWidth="0.01" lineProperty="SOLID" />
                </Line>
                <Line startX="2.619826" startY="1.149987" endX="2.599832" endY="1.149987">
                  <LineDesc lineEnd="ROUND" lineWidth="0.01" lineProperty="SOLID" />
                </Line>
                <Line startX="2.599832" startY="1.149987" endX="2.593168" endY="1.143322">
                  <LineDesc lineEnd="ROUND" lineWidth="0.01" lineProperty="SOLID" />
                </Line>
                <Line startX="2.593168" startY="1.143322" endX="2.593168" endY="1.129994">
                  <LineDesc lineEnd="ROUND" lineWidth="0.01" lineProperty="SOLID" />
                </Line>
                <Line startX="2.593168" startY="1.129994" endX="2.599832" endY="1.123329">
                  <LineDesc lineEnd="ROUND" lineWidth="0.01" lineProperty="SOLID" />
                </Line>
                <Line startX="2.599832" startY="1.123329" endX="2.619826" endY="1.123329">
                  <LineDesc lineEnd="ROUND" lineWidth="0.01" lineProperty="SOLID" />
                </Line>
                <Line startX="2.653148" startY="1.123329" endX="2.639819" endY="1.123329">
                  <LineDesc lineEnd="ROUND" lineWidth="0.01" lineProperty="SOLID" />
                </Line>
                <Line startX="2.639819" startY="1.123329" endX="2.633155" endY="1.129994">
                  <LineDesc lineEnd="ROUND" lineWidth="0.01" lineProperty="SOLID" />
                </Line>
                <Line startX="2.633155" startY="1.129994" endX="2.633155" endY="1.143322">
                  <LineDesc lineEnd="ROUND" lineWidth="0.01" lineProperty="SOLID" />
                </Line>
                <Line startX="2.633155" startY="1.143322" endX="2.639819" endY="1.149987">
                  <LineDesc lineEnd="ROUND" lineWidth="0.01" lineProperty="SOLID" />
                </Line>
                <Line startX="2.639819" startY="1.149987" endX="2.653148" endY="1.149987">
                  <LineDesc lineEnd="ROUND" lineWidth="0.01" lineProperty="SOLID" />
                </Line>
                <Line startX="2.653148" startY="1.149987" endX="2.659813" endY="1.143322">
                  <LineDesc lineEnd="ROUND" lineWidth="0.01" lineProperty="SOLID" />
                </Line>
                <Line startX="2.659813" startY="1.143322" endX="2.659813" endY="1.136658">
                  <LineDesc lineEnd="ROUND" lineWidth="0.01" lineProperty="SOLID" />
                </Line>
                <Line startX="2.659813" startY="1.136658" endX="2.633155" endY="1.136658">
                  <LineDesc lineEnd="ROUND" lineWidth="0.01" lineProperty="SOLID" />
                </Line>
                <Line startX="2.673142" startY="1.149987" endX="2.673142" endY="1.123329">
                  <LineDesc lineEnd="ROUND" lineWidth="0.01" lineProperty="SOLID" />
                </Line>
                <Line startX="2.673142" startY="1.123329" endX="2.673142" endY="1.136658">
                  <LineDesc lineEnd="ROUND" lineWidth="0.01" lineProperty="SOLID" />
                </Line>
                <Line startX="2.673142" startY="1.136658" endX="2.679806" endY="1.143322">
                  <LineDesc lineEnd="ROUND" lineWidth="0.01" lineProperty="SOLID" />
                </Line>
                <Line startX="2.679806" startY="1.143322" endX="2.686471" endY="1.149987">
                  <LineDesc lineEnd="ROUND" lineWidth="0.01" lineProperty="SOLID" />
                </Line>
                <Line startX="2.686471" startY="1.149987" endX="2.693136" endY="1.149987">
                  <LineDesc lineEnd="ROUND" lineWidth="0.01" lineProperty="SOLID" />
                </Line>
                <Line startX="2.726658" startY="3.091972" endX="2.713329" endY="3.085307">
                  <LineDesc lineEnd="ROUND" lineWidth="0.01" lineProperty="SOLID" />
                </Line>
                <Line startX="2.713329" startY="3.085307" endX="2.7" endY="3.071978">
                  <LineDesc lineEnd="ROUND" lineWidth="0.01" lineProperty="SOLID" />
                </Line>
                <Line startX="2.7" startY="3.071978" endX="2.7" endY="3.058649">
                  <LineDesc lineEnd="ROUND" lineWidth="0.01" lineProperty="SOLID" />
                </Line>
                <Line startX="2.7" startY="3.058649" endX="2.706664" endY="3.051984">
                  <LineDesc lineEnd="ROUND" lineWidth="0.01" lineProperty="SOLID" />
                </Line>
                <Line startX="2.706664" startY="3.051984" endX="2.719994" endY="3.051984">
                  <LineDesc lineEnd="ROUND" lineWidth="0.01" lineProperty="SOLID" />
                </Line>
                <Line startX="2.719994" startY="3.051984" endX="2.726658" endY="3.058649">
                  <LineDesc lineEnd="ROUND" lineWidth="0.01" lineProperty="SOLID" />
                </Line>
                <Line startX="2.726658" startY="3.058649" endX="2.726658" endY="3.065314">
                  <LineDesc lineEnd="ROUND" lineWidth="0.01" lineProperty="SOLID" />
                </Line>
                <Line startX="2.726658" startY="3.065314" endX="2.719994" endY="3.071978">
                  <LineDesc lineEnd="ROUND" lineWidth="0.01" lineProperty="SOLID" />
                </Line>
                <Line startX="2.719994" startY="3.071978" endX="2.7" endY="3.071978">
                  <LineDesc lineEnd="ROUND" lineWidth="0.01" lineProperty="SOLID" />
                </Line>
                <Line startX="2.779974" startY="3.091972" endX="2.779974" endY="3.065314">
                  <LineDesc lineEnd="ROUND" lineWidth="0.01" lineProperty="SOLID" />
                </Line>
                <Line startX="2.779974" startY="3.065314" endX="2.793303" endY="3.051984">
                  <LineDesc lineEnd="ROUND" lineWidth="0.01" lineProperty="SOLID" />
                </Line>
                <Line startX="2.793303" startY="3.051984" endX="2.806632" endY="3.065314">
                  <LineDesc lineEnd="ROUND" lineWidth="0.01" lineProperty="SOLID" />
                </Line>
                <Line startX="2.806632" startY="3.065314" endX="2.806632" endY="3.091972">
                  <LineDesc lineEnd="ROUND" lineWidth="0.01" lineProperty="SOLID" />
                </Line>
                <Line startX="2.7" startY="2.98" endX="2.7" endY="3.019987">
                  <LineDesc lineEnd="ROUND" lineWidth="0.01" lineProperty="SOLID" />
                </Line>
                <Line startX="2.7" startY="3.019987" endX="2.713329" endY="3.006658">
                  <LineDesc lineEnd="ROUND" lineWidth="0.01" lineProperty="SOLID" />
                </Line>
                <Line startX="2.713329" startY="3.006658" endX="2.726658" endY="3.019987">
                  <LineDesc lineEnd="ROUND" lineWidth="0.01" lineProperty="SOLID" />
                </Line>
                <Line startX="2.726658" startY="3.019987" endX="2.726658" endY="2.98">
                  <LineDesc lineEnd="ROUND" lineWidth="0.01" lineProperty="SOLID" />
                </Line>
                <Line startX="2.739987" startY="2.98" endX="2.739987" endY="3.006658">
                  <LineDesc lineEnd="ROUND" lineWidth="0.01" lineProperty="SOLID" />
                </Line>
                <Line startX="2.739987" startY="3.006658" endX="2.753316" endY="3.019987">
                  <LineDesc lineEnd="ROUND" lineWidth="0.01" lineProperty="SOLID" />
                </Line>
                <Line startX="2.753316" startY="3.019987" endX="2.766645" endY="3.006658">
                  <LineDesc lineEnd="ROUND" lineWidth="0.01" lineProperty="SOLID" />
                </Line>
                <Line startX="2.766645" startY="3.006658" endX="2.766645" endY="2.98">
                  <LineDesc lineEnd="ROUND" lineWidth="0.01" lineProperty="SOLID" />
                </Line>
                <Line startX="2.766645" startY="2.98" endX="2.766645" endY="2.999994">
                  <LineDesc lineEnd="ROUND" lineWidth="0.01" lineProperty="SOLID" />
                </Line>
                <Line startX="2.766645" startY="2.999994" endX="2.739987" endY="2.999994">
                  <LineDesc lineEnd="ROUND" lineWidth="0.01" lineProperty="SOLID" />
                </Line>
                <Line startX="2.779974" startY="3.019987" endX="2.806632" endY="2.98">
                  <LineDesc lineEnd="ROUND" lineWidth="0.01" lineProperty="SOLID" />
                </Line>
                <Line startX="2.806632" startY="3.019987" endX="2.779974" endY="2.98">
                  <LineDesc lineEnd="ROUND" lineWidth="0.01" lineProperty="SOLID" />
                </Line>
                <Line startX="2.060006" startY="1.38" endX="2.060006" endY="1.406658">
                  <LineDesc lineEnd="ROUND" lineWidth="0.01" lineProperty="SOLID" />
                </Line>
                <Line startX="2.046677" startY="1.393329" endX="2.073336" endY="1.393329">
                  <LineDesc lineEnd="ROUND" lineWidth="0.01" lineProperty="SOLID" />
                </Line>
                <Line startX="2.060006" startY="1.459974" endX="2.060006" endY="1.486632">
                  <LineDesc lineEnd="ROUND" lineWidth="0.01" lineProperty="SOLID" />
                </Line>
                <Line startX="2.060006" startY="2.38" endX="2.060006" endY="2.406658">
                  <LineDesc lineEnd="ROUND" lineWidth="0.01" lineProperty="SOLID" />
                </Line>
                <Line startX="2.046677" startY="2.393329" endX="2.073336" endY="2.393329">
                  <LineDesc lineEnd="ROUND" lineWidth="0.01" lineProperty="SOLID" />
                </Line>
                <Line startX="2.060006" startY="2.459974" endX="2.060006" endY="2.486632">
                  <LineDesc lineEnd="ROUND" lineWidth="0.01" lineProperty="SOLID" />
                </Line>
                <Line startX="1.855" startY="3.174984" endX="1.868329" endY="3.174984">
                  <LineDesc lineEnd="ROUND" lineWidth="0.005" lineProperty="SOLID" />
                </Line>
                <Line startX="1.868329" startY="3.174984" endX="1.861664" endY="3.174984">
                  <LineDesc lineEnd="ROUND" lineWidth="0.005" lineProperty="SOLID" />
                </Line>
                <Line startX="1.861664" startY="3.174984" endX="1.861664" endY="3.214972">
                  <LineDesc lineEnd="ROUND" lineWidth="0.005" lineProperty="SOLID" />
                </Line>
                <Line startX="1.861664" startY="3.214972" endX="1.861664" endY="3.214972">
                  <LineDesc lineEnd="ROUND" lineWidth="0.005" lineProperty="SOLID" />
                </Line>
                <Line startX="1.861664" startY="3.214972" endX="1.855" endY="3.208307">
                  <LineDesc lineEnd="ROUND" lineWidth="0.005" lineProperty="SOLID" />
                </Line>
                <Line startX="1.888323" startY="3.208307" endX="1.894987" endY="3.214972">
                  <LineDesc lineEnd="ROUND" lineWidth="0.005" lineProperty="SOLID" />
                </Line>
                <Line startX="1.894987" startY="3.214972" endX="1.908316" endY="3.214972">
                  <LineDesc lineEnd="ROUND" lineWidth="0.005" lineProperty="SOLID" />
                </Line>
                <Line startX="1.908316" startY="3.214972" endX="1.914981" endY="3.208307">
                  <LineDesc lineEnd="ROUND" lineWidth="0.005" lineProperty="SOLID" />
                </Line>
                <Line startX="1.914981" startY="3.208307" endX="1.914981" endY="3.181649">
                  <LineDesc lineEnd="ROUND" lineWidth="0.005" lineProperty="SOLID" />
                </Line>
                <Line startX="1.914981" startY="3.181649" endX="1.908316" endY="3.174984">
                  <LineDesc lineEnd="ROUND" lineWidth="0.005" lineProperty="SOLID" />
                </Line>
                <Line startX="1.908316" startY="3.174984" endX="1.894987" endY="3.174984">
                  <LineDesc lineEnd="ROUND" lineWidth="0.005" lineProperty="SOLID" />
                </Line>
                <Line startX="1.894987" startY="3.174984" endX="1.888323" endY="3.181649">
                  <LineDesc lineEnd="ROUND" lineWidth="0.005" lineProperty="SOLID" />
                </Line>
                <Line startX="1.888323" startY="3.181649" endX="1.888323" endY="3.208307">
                  <LineDesc lineEnd="ROUND" lineWidth="0.005" lineProperty="SOLID" />
                </Line>
                <Line startX="1.92831" startY="3.208307" endX="1.934974" endY="3.214972">
                  <LineDesc lineEnd="ROUND" lineWidth="0.005" lineProperty="SOLID" />
                </Line>
                <Line startX="1.934974" startY="3.214972" endX="1.948303" endY="3.214972">
                  <LineDesc lineEnd="ROUND" lineWidth="0.005" lineProperty="SOLID" />
                </Line>
                <Line startX="1.948303" startY="3.214972" endX="1.954968" endY="3.208307">
                  <LineDesc lineEnd="ROUND" lineWidth="0.005" lineProperty="SOLID" />
                </Line>
                <Line startX="1.954968" startY="3.208307" endX="1.954968" endY="3.181649">
                  <LineDesc lineEnd="ROUND" lineWidth="0.005" lineProperty="SOLID" />
                </Line>
                <Line startX="1.954968" startY="3.181649" endX="1.948303" endY="3.174984">
                  <LineDesc lineEnd="ROUND" lineWidth="0.005" lineProperty="SOLID" />
                </Line>
                <Line startX="1.948303" startY="3.174984" endX="1.934974" endY="3.174984">
                  <LineDesc lineEnd="ROUND" lineWidth="0.005" lineProperty="SOLID" />
                </Line>
                <Line startX="1.934974" startY="3.174984" endX="1.92831" endY="3.181649">
                  <LineDesc lineEnd="ROUND" lineWidth="0.005" lineProperty="SOLID" />
                </Line>
                <Line startX="1.92831" startY="3.181649" endX="1.92831" endY="3.208307">
                  <LineDesc lineEnd="ROUND" lineWidth="0.005" lineProperty="SOLID" />
                </Line>
                <Line startX="1.855" startY="3.115" endX="1.855" endY="3.141658">
                  <LineDesc lineEnd="ROUND" lineWidth="0.005" lineProperty="SOLID" />
                </Line>
                <Line startX="1.855" startY="3.141658" endX="1.861664" endY="3.141658">
                  <LineDesc lineEnd="ROUND" lineWidth="0.005" lineProperty="SOLID" />
                </Line>
                <Line startX="1.861664" startY="3.141658" endX="1.868329" endY="3.134994">
                  <LineDesc lineEnd="ROUND" lineWidth="0.005" lineProperty="SOLID" />
                </Line>
                <Line startX="1.868329" startY="3.134994" endX="1.868329" endY="3.115">
                  <LineDesc lineEnd="ROUND" lineWidth="0.005" lineProperty="SOLID" />
                </Line>
                <Line startX="1.868329" startY="3.115" endX="1.868329" endY="3.134994">
                  <LineDesc lineEnd="ROUND" lineWidth="0.005" lineProperty="SOLID" />
                </Line>
                <Line startX="1.868329" startY="3.134994" endX="1.874994" endY="3.141658">
                  <LineDesc lineEnd="ROUND" lineWidth="0.005" lineProperty="SOLID" />
                </Line>
                <Line startX="1.874994" startY="3.141658" endX="1.881658" endY="3.134994">
                  <LineDesc lineEnd="ROUND" lineWidth="0.005" lineProperty="SOLID" />
                </Line>
                <Line startX="1.881658" startY="3.134994" endX="1.881658" endY="3.115">
                  <LineDesc lineEnd="ROUND" lineWidth="0.005" lineProperty="SOLID" />
                </Line>
                <Line startX="1.894987" startY="3.115" endX="1.894987" endY="3.141658">
                  <LineDesc lineEnd="ROUND" lineWidth="0.005" lineProperty="SOLID" />
                </Line>
                <Line startX="1.894987" startY="3.141658" endX="1.908316" endY="3.154987">
                  <LineDesc lineEnd="ROUND" lineWidth="0.005" lineProperty="SOLID" />
                </Line>
                <Line startX="1.908316" startY="3.154987" endX="1.921645" endY="3.141658">
                  <LineDesc lineEnd="ROUND" lineWidth="0.005" lineProperty="SOLID" />
                </Line>
                <Line startX="1.921645" startY="3.141658" endX="1.921645" endY="3.115">
                  <LineDesc lineEnd="ROUND" lineWidth="0.005" lineProperty="SOLID" />
                </Line>
                <Line startX="1.921645" startY="3.115" endX="1.921645" endY="3.134994">
                  <LineDesc lineEnd="ROUND" lineWidth="0.005" lineProperty="SOLID" />
                </Line>
                <Line startX="1.921645" startY="3.134994" endX="1.894987" endY="3.134994">
                  <LineDesc lineEnd="ROUND" lineWidth="0.005" lineProperty="SOLID" />
                </Line>
                <Line startX="1.35" startY="2.16" endX="1.35" endY="2.199987">
                  <LineDesc lineEnd="ROUND" lineWidth="0.01" lineProperty="SOLID" />
                </Line>
                <Line startX="1.35" startY="2.199987" endX="1.369994" endY="2.199987">
                  <LineDesc lineEnd="ROUND" lineWidth="0.01" lineProperty="SOLID" />
                </Line>
                <Line startX="1.369994" startY="2.199987" endX="1.376658" endY="2.193323">
                  <LineDesc lineEnd="ROUND" lineWidth="0.01" lineProperty="SOLID" />
                </Line>
                <Line startX="1.376658" startY="2.193323" endX="1.376658" endY="2.179994">
                  <LineDesc lineEnd="ROUND" lineWidth="0.01" lineProperty="SOLID" />
                </Line>
                <Line startX="1.376658" startY="2.179994" endX="1.369994" endY="2.173329">
                  <LineDesc lineEnd="ROUND" lineWidth="0.01" lineProperty="SOLID" />
                </Line>
                <Line startX="1.369994" startY="2.173329" endX="1.35" endY="2.173329">
                  <LineDesc lineEnd="ROUND" lineWidth="0.01" lineProperty="SOLID" />
                </Line>
                <Line startX="1.389987" startY="2.16" endX="1.389987" endY="2.199987">
                  <LineDesc lineEnd="ROUND" lineWidth="0.01" lineProperty="SOLID" />
                </Line>
                <Line startX="1.389987" startY="2.199987" endX="1.409981" endY="2.199987">
                  <LineDesc lineEnd="ROUND" lineWidth="0.01" lineProperty="SOLID" />
                </Line>
                <Line startX="1.409981" startY="2.199987" endX="1.416645" endY="2.193323">
                  <LineDesc lineEnd="ROUND" lineWidth="0.01" lineProperty="SOLID" />
                </Line>
                <Line startX="1.416645" startY="2.193323" endX="1.416645" endY="2.179994">
                  <LineDesc lineEnd="ROUND" lineWidth="0.01" lineProperty="SOLID" />
                </Line>
                <Line startX="1.416645" startY="2.179994" endX="1.409981" endY="2.173329">
                  <LineDesc lineEnd="ROUND" lineWidth="0.01" lineProperty="SOLID" />
                </Line>
                <Line startX="1.409981" startY="2.173329" endX="1.389987" endY="2.173329">
                  <LineDesc lineEnd="ROUND" lineWidth="0.01" lineProperty="SOLID" />
                </Line>
                <Line startX="1.403316" startY="2.173329" endX="1.416645" endY="2.16">
                  <LineDesc lineEnd="ROUND" lineWidth="0.01" lineProperty="SOLID" />
                </Line>
                <Line startX="1.449968" startY="2.199987" endX="1.436639" endY="2.199987">
                  <LineDesc lineEnd="ROUND" lineWidth="0.01" lineProperty="SOLID" />
                </Line>
                <Line startX="1.436639" startY="2.199987" endX="1.429974" endY="2.193323">
                  <LineDesc lineEnd="ROUND" lineWidth="0.01" lineProperty="SOLID" />
                </Line>
                <Line startX="1.429974" startY="2.193323" endX="1.429974" endY="2.166664">
                  <LineDesc lineEnd="ROUND" lineWidth="0.01" lineProperty="SOLID" />
                </Line>
                <Line startX="1.429974" startY="2.166664" endX="1.436639" endY="2.16">
                  <LineDesc lineEnd="ROUND" lineWidth="0.01" lineProperty="SOLID" />
                </Line>
                <Line startX="1.436639" startY="2.16" endX="1.449968" endY="2.16">
                  <LineDesc lineEnd="ROUND" lineWidth="0.01" lineProperty="SOLID" />
                </Line>
                <Line startX="1.449968" startY="2.16" endX="1.456632" endY="2.166664">
                  <LineDesc lineEnd="ROUND" lineWidth="0.01" lineProperty="SOLID" />
                </Line>
                <Line startX="1.456632" startY="2.166664" endX="1.456632" endY="2.193323">
                  <LineDesc lineEnd="ROUND" lineWidth="0.01" lineProperty="SOLID" />
                </Line>
                <Line startX="1.456632" startY="2.193323" endX="1.449968" endY="2.199987">
                  <LineDesc lineEnd="ROUND" lineWidth="0.01" lineProperty="SOLID" />
                </Line>
                <Line startX="1.496619" startY="2.193323" endX="1.489955" endY="2.199987">
                  <LineDesc lineEnd="ROUND" lineWidth="0.01" lineProperty="SOLID" />
                </Line>
                <Line startX="1.489955" startY="2.199987" endX="1.476626" endY="2.199987">
                  <LineDesc lineEnd="ROUND" lineWidth="0.01" lineProperty="SOLID" />
                </Line>
                <Line startX="1.476626" startY="2.199987" endX="1.469961" endY="2.193323">
                  <LineDesc lineEnd="ROUND" lineWidth="0.01" lineProperty="SOLID" />
                </Line>
                <Line startX="1.469961" startY="2.193323" endX="1.469961" endY="2.166664">
                  <LineDesc lineEnd="ROUND" lineWidth="0.01" lineProperty="SOLID" />
                </Line>
                <Line startX="1.469961" startY="2.166664" endX="1.476626" endY="2.16">
                  <LineDesc lineEnd="ROUND" lineWidth="0.01" lineProperty="SOLID" />
                </Line>
                <Line startX="1.476626" startY="2.16" endX="1.489955" endY="2.16">
                  <LineDesc lineEnd="ROUND" lineWidth="0.01" lineProperty="SOLID" />
                </Line>
                <Line startX="1.489955" startY="2.16" endX="1.496619" endY="2.166664">
                  <LineDesc lineEnd="ROUND" lineWidth="0.01" lineProperty="SOLID" />
                </Line>
                <Line startX="1.496619" startY="2.166664" endX="1.496619" endY="2.179994">
                  <LineDesc lineEnd="ROUND" lineWidth="0.01" lineProperty="SOLID" />
                </Line>
                <Line startX="1.496619" startY="2.179994" endX="1.48329" endY="2.179994">
                  <LineDesc lineEnd="ROUND" lineWidth="0.01" lineProperty="SOLID" />
                </Line>
                <Line startX="1.319994" startY="3.13" endX="1.3" endY="3.149994">
                  <LineDesc lineEnd="ROUND" lineWidth="0.01" lineProperty="SOLID" />
                </Line>
                <Line startX="1.3" startY="3.149994" endX="1.319994" endY="3.169987">
                  <LineDesc lineEnd="ROUND" lineWidth="0.01" lineProperty="SOLID" />
                </Line>
                <Line startX="1.339987" startY="3.149994" endX="1.366645" endY="3.149994">
                  <LineDesc lineEnd="ROUND" lineWidth="0.01" lineProperty="SOLID" />
                </Line>
                <Line startX="1.446619" startY="3.163323" endX="1.439955" endY="3.169987">
                  <LineDesc lineEnd="ROUND" lineWidth="0.01" lineProperty="SOLID" />
                </Line>
                <Line startX="1.439955" startY="3.169987" endX="1.426626" endY="3.169987">
                  <LineDesc lineEnd="ROUND" lineWidth="0.01" lineProperty="SOLID" />
                </Line>
                <Line startX="1.426626" startY="3.169987" endX="1.419961" endY="3.163323">
                  <LineDesc lineEnd="ROUND" lineWidth="0.01" lineProperty="SOLID" />
                </Line>
                <Line startX="1.419961" startY="3.163323" endX="1.419961" endY="3.156658">
                  <LineDesc lineEnd="ROUND" lineWidth="0.01" lineProperty="SOLID" />
                </Line>
                <Line startX="1.419961" startY="3.156658" endX="1.426626" endY="3.149994">
                  <LineDesc lineEnd="ROUND" lineWidth="0.01" lineProperty="SOLID" />
                </Line>
                <Line startX="1.426626" startY="3.149994" endX="1.439955" endY="3.149994">
                  <LineDesc lineEnd="ROUND" lineWidth="0.01" lineProperty="SOLID" />
                </Line>
                <Line startX="1.439955" startY="3.149994" endX="1.446619" endY="3.143329">
                  <LineDesc lineEnd="ROUND" lineWidth="0.01" lineProperty="SOLID" />
                </Line>
                <Line startX="1.446619" startY="3.143329" endX="1.446619" endY="3.136664">
                  <LineDesc lineEnd="ROUND" lineWidth="0.01" lineProperty="SOLID" />
                </Line>
                <Line startX="1.446619" startY="3.136664" endX="1.439955" endY="3.13">
                  <LineDesc lineEnd="ROUND" lineWidth="0.01" lineProperty="SOLID" />
                </Line>
                <Line startX="1.439955" startY="3.13" endX="1.426626" endY="3.13">
                  <LineDesc lineEnd="ROUND" lineWidth="0.01" lineProperty="SOLID" />
                </Line>
                <Line startX="1.426626" startY="3.13" endX="1.419961" endY="3.136664">
                  <LineDesc lineEnd="ROUND" lineWidth="0.01" lineProperty="SOLID" />
                </Line>
                <Line startX="1.459948" startY="3.169987" endX="1.459948" endY="3.163323">
                  <LineDesc lineEnd="ROUND" lineWidth="0.01" lineProperty="SOLID" />
                </Line>
                <Line startX="1.459948" startY="3.163323" endX="1.473277" endY="3.149994">
                  <LineDesc lineEnd="ROUND" lineWidth="0.01" lineProperty="SOLID" />
                </Line>
                <Line startX="1.473277" startY="3.149994" endX="1.486606" endY="3.163323">
                  <LineDesc lineEnd="ROUND" lineWidth="0.01" lineProperty="SOLID" />
                </Line>
                <Line startX="1.486606" startY="3.163323" endX="1.486606" endY="3.169987">
                  <LineDesc lineEnd="ROUND" lineWidth="0.01" lineProperty="SOLID" />
                </Line>
                <Line startX="1.473277" startY="3.149994" endX="1.473277" endY="3.13">
                  <LineDesc lineEnd="ROUND" lineWidth="0.01" lineProperty="SOLID" />
                </Line>
                <Line startX="1.526594" startY="3.163323" endX="1.519929" endY="3.169987">
                  <LineDesc lineEnd="ROUND" lineWidth="0.01" lineProperty="SOLID" />
                </Line>
                <Line startX="1.519929" startY="3.169987" endX="1.5066" endY="3.169987">
                  <LineDesc lineEnd="ROUND" lineWidth="0.01" lineProperty="SOLID" />
                </Line>
                <Line startX="1.5066" startY="3.169987" endX="1.499936" endY="3.163323">
                  <LineDesc lineEnd="ROUND" lineWidth="0.01" lineProperty="SOLID" />
                </Line>
                <Line startX="1.499936" startY="3.163323" endX="1.499936" endY="3.156658">
                  <LineDesc lineEnd="ROUND" lineWidth="0.01" lineProperty="SOLID" />
                </Line>
                <Line startX="1.499936" startY="3.156658" endX="1.5066" endY="3.149994">
                  <LineDesc lineEnd="ROUND" lineWidth="0.01" lineProperty="SOLID" />
                </Line>
                <Line startX="1.5066" startY="3.149994" endX="1.519929" endY="3.149994">
                  <LineDesc lineEnd="ROUND" lineWidth="0.01" lineProperty="SOLID" />
                </Line>
                <Line startX="1.519929" startY="3.149994" endX="1.526594" endY="3.143329">
                  <LineDesc lineEnd="ROUND" lineWidth="0.01" lineProperty="SOLID" />
                </Line>
                <Line startX="1.526594" startY="3.143329" endX="1.526594" endY="3.136664">
                  <LineDesc lineEnd="ROUND" lineWidth="0.01" lineProperty="SOLID" />
                </Line>
                <Line startX="1.526594" startY="3.136664" endX="1.519929" endY="3.13">
                  <LineDesc lineEnd="ROUND" lineWidth="0.01" lineProperty="SOLID" />
                </Line>
                <Line startX="1.519929" startY="3.13" endX="1.5066" endY="3.13">
                  <LineDesc lineEnd="ROUND" lineWidth="0.01" lineProperty="SOLID" />
                </Line>
                <Line startX="1.5066" startY="3.13" endX="1.499936" endY="3.136664">
                  <LineDesc lineEnd="ROUND" lineWidth="0.01" lineProperty="SOLID" />
                </Line>
                <Line startX="1.599903" startY="3.169987" endX="1.586574" endY="3.169987">
                  <LineDesc lineEnd="ROUND" lineWidth="0.01" lineProperty="SOLID" />
                </Line>
                <Line startX="1.586574" startY="3.169987" endX="1.57991" endY="3.163323">
                  <LineDesc lineEnd="ROUND" lineWidth="0.01" lineProperty="SOLID" />
                </Line>
                <Line startX="1.57991" startY="3.163323" endX="1.57991" endY="3.136664">
                  <LineDesc lineEnd="ROUND" lineWidth="0.01" lineProperty="SOLID" />
                </Line>
                <Line startX="1.57991" startY="3.136664" endX="1.586574" endY="3.13">
                  <LineDesc lineEnd="ROUND" lineWidth="0.01" lineProperty="SOLID" />
                </Line>
                <Line startX="1.586574" startY="3.13" endX="1.599903" endY="3.13">
                  <LineDesc lineEnd="ROUND" lineWidth="0.01" lineProperty="SOLID" />
                </Line>
                <Line startX="1.599903" startY="3.13" endX="1.606568" endY="3.136664">
                  <LineDesc lineEnd="ROUND" lineWidth="0.01" lineProperty="SOLID" />
                </Line>
                <Line startX="1.606568" startY="3.136664" endX="1.606568" endY="3.163323">
                  <LineDesc lineEnd="ROUND" lineWidth="0.01" lineProperty="SOLID" />
                </Line>
                <Line startX="1.606568" startY="3.163323" endX="1.599903" endY="3.169987">
                  <LineDesc lineEnd="ROUND" lineWidth="0.01" lineProperty="SOLID" />
                </Line>
                <Line startX="1.619897" startY="3.169987" endX="1.619897" endY="3.136664">
                  <LineDesc lineEnd="ROUND" lineWidth="0.01" lineProperty="SOLID" />
                </Line>
                <Line startX="1.619897" startY="3.136664" endX="1.626561" endY="3.13">
                  <LineDesc lineEnd="ROUND" lineWidth="0.01" lineProperty="SOLID" />
                </Line>
                <Line startX="1.626561" startY="3.13" endX="1.63989" endY="3.13">
                  <LineDesc lineEnd="ROUND" lineWidth="0.01" lineProperty="SOLID" />
                </Line>
                <Line startX="1.63989" startY="3.13" endX="1.646555" endY="3.136664">
                  <LineDesc lineEnd="ROUND" lineWidth="0.01" lineProperty="SOLID" />
                </Line>
                <Line startX="1.646555" startY="3.136664" endX="1.646555" endY="3.169987">
                  <LineDesc lineEnd="ROUND" lineWidth="0.01" lineProperty="SOLID" />
                </Line>
                <Line startX="1.659884" startY="3.169987" endX="1.686542" endY="3.169987">
                  <LineDesc lineEnd="ROUND" lineWidth="0.01" lineProperty="SOLID" />
                </Line>
                <Line startX="1.686542" startY="3.169987" endX="1.673213" endY="3.169987">
                  <LineDesc lineEnd="ROUND" lineWidth="0.01" lineProperty="SOLID" />
                </Line>
                <Line startX="1.673213" startY="3.169987" endX="1.673213" endY="3.13">
                  <LineDesc lineEnd="ROUND" lineWidth="0.01" lineProperty="SOLID" />
                </Line>
                <Line startX="1.24" startY="1.289987" endX="1.24" endY="1.25">
                  <LineDesc lineEnd="ROUND" lineWidth="0.01" lineProperty="SOLID" />
                </Line>
                <Line startX="1.24" startY="1.25" endX="1.259994" endY="1.25">
                  <LineDesc lineEnd="ROUND" lineWidth="0.01" lineProperty="SOLID" />
                </Line>
                <Line startX="1.259994" startY="1.25" endX="1.266658" endY="1.256664">
                  <LineDesc lineEnd="ROUND" lineWidth="0.01" lineProperty="SOLID" />
                </Line>
                <Line startX="1.266658" startY="1.256664" endX="1.266658" endY="1.263329">
                  <LineDesc lineEnd="ROUND" lineWidth="0.01" lineProperty="SOLID" />
                </Line>
                <Line startX="1.266658" startY="1.263329" endX="1.259994" endY="1.269994">
                  <LineDesc lineEnd="ROUND" lineWidth="0.01" lineProperty="SOLID" />
                </Line>
                <Line startX="1.259994" startY="1.269994" endX="1.24" endY="1.269994">
                  <LineDesc lineEnd="ROUND" lineWidth="0.01" lineProperty="SOLID" />
                </Line>
                <Line startX="1.24" startY="1.269994" endX="1.24" endY="1.269994">
                  <LineDesc lineEnd="ROUND" lineWidth="0.01" lineProperty="SOLID" />
                </Line>
                <Line startX="1.24" startY="1.269994" endX="1.24" endY="1.269994">
                  <LineDesc lineEnd="ROUND" lineWidth="0.01" lineProperty="SOLID" />
                </Line>
                <Line startX="1.24" startY="1.269994" endX="1.24" endY="1.269994">
                  <LineDesc lineEnd="ROUND" lineWidth="0.01" lineProperty="SOLID" />
                </Line>
                <Line startX="1.24" startY="1.269994" endX="1.259994" endY="1.269994">
                  <LineDesc lineEnd="ROUND" lineWidth="0.01" lineProperty="SOLID" />
                </Line>
                <Line startX="1.259994" startY="1.269994" endX="1.266658" endY="1.276658">
                  <LineDesc lineEnd="ROUND" lineWidth="0.01" lineProperty="SOLID" />
                </Line>
                <Line startX="1.266658" startY="1.276658" endX="1.266658" endY="1.283323">
                  <LineDesc lineEnd="ROUND" lineWidth="0.01" lineProperty="SOLID" />
                </Line>
                <Line startX="1.266658" startY="1.283323" endX="1.259994" endY="1.289987">
                  <LineDesc lineEnd="ROUND" lineWidth="0.01" lineProperty="SOLID" />
                </Line>
                <Line startX="1.259994" startY="1.289987" endX="1.24" endY="1.289987">
                  <LineDesc lineEnd="ROUND" lineWidth="0.01" lineProperty="SOLID" />
                </Line>
                <Line startX="1.279987" startY="1.25" endX="1.279987" endY="1.276658">
                  <LineDesc lineEnd="ROUND" lineWidth="0.01" lineProperty="SOLID" />
                </Line>
                <Line startX="1.279987" startY="1.276658" endX="1.293316" endY="1.289987">
                  <LineDesc lineEnd="ROUND" lineWidth="0.01" lineProperty="SOLID" />
                </Line>
                <Line startX="1.293316" startY="1.289987" endX="1.306645" endY="1.276658">
                  <LineDesc lineEnd="ROUND" lineWidth="0.01" lineProperty="SOLID" />
                </Line>
                <Line startX="1.306645" startY="1.276658" endX="1.306645" endY="1.25">
                  <LineDesc lineEnd="ROUND" lineWidth="0.01" lineProperty="SOLID" />
                </Line>
                <Line startX="1.306645" startY="1.25" endX="1.306645" endY="1.269994">
                  <LineDesc lineEnd="ROUND" lineWidth="0.01" lineProperty="SOLID" />
                </Line>
                <Line startX="1.306645" startY="1.269994" endX="1.279987" endY="1.269994">
                  <LineDesc lineEnd="ROUND" lineWidth="0.01" lineProperty="SOLID" />
                </Line>
                <Line startX="1.319974" startY="1.289987" endX="1.346632" endY="1.289987">
                  <LineDesc lineEnd="ROUND" lineWidth="0.01" lineProperty="SOLID" />
                </Line>
                <Line startX="1.346632" startY="1.289987" endX="1.333303" endY="1.289987">
                  <LineDesc lineEnd="ROUND" lineWidth="0.01" lineProperty="SOLID" />
                </Line>
                <Line startX="1.333303" startY="1.289987" endX="1.333303" endY="1.25">
                  <LineDesc lineEnd="ROUND" lineWidth="0.01" lineProperty="SOLID" />
                </Line>
                <Line startX="1.399948" startY="1.289987" endX="1.413277" endY="1.289987">
                  <LineDesc lineEnd="ROUND" lineWidth="0.01" lineProperty="SOLID" />
                </Line>
                <Line startX="1.413277" startY="1.289987" endX="1.406613" endY="1.289987">
                  <LineDesc lineEnd="ROUND" lineWidth="0.01" lineProperty="SOLID" />
                </Line>
                <Line startX="1.406613" startY="1.289987" endX="1.406613" endY="1.25">
                  <LineDesc lineEnd="ROUND" lineWidth="0.01" lineProperty="SOLID" />
                </Line>
                <Line startX="1.406613" startY="1.25" endX="1.399948" endY="1.25">
                  <LineDesc lineEnd="ROUND" lineWidth="0.01" lineProperty="SOLID" />
                </Line>
                <Line startX="1.399948" startY="1.25" endX="1.413277" endY="1.25">
                  <LineDesc lineEnd="ROUND" lineWidth="0.01" lineProperty="SOLID" />
                </Line>
                <Line startX="1.433271" startY="1.25" endX="1.433271" endY="1.289987">
                  <LineDesc lineEnd="ROUND" lineWidth="0.01" lineProperty="SOLID" />
                </Line>
                <Line startX="1.433271" startY="1.289987" endX="1.459929" endY="1.25">
                  <LineDesc lineEnd="ROUND" lineWidth="0.01" lineProperty="SOLID" />
                </Line>
                <Line startX="1.459929" startY="1.25" endX="1.459929" endY="1.289987">
                  <LineDesc lineEnd="ROUND" lineWidth="0.01" lineProperty="SOLID" />
                </Line>
                <Line startX="1.513245" startY="1.269994" endX="1.539903" endY="1.269994">
                  <LineDesc lineEnd="ROUND" lineWidth="0.01" lineProperty="SOLID" />
                </Line>
                <Line startX="1.553232" startY="1.25" endX="1.573226" endY="1.269994">
                  <LineDesc lineEnd="ROUND" lineWidth="0.01" lineProperty="SOLID" />
                </Line>
                <Line startX="1.573226" startY="1.269994" endX="1.553232" endY="1.289987">
                  <LineDesc lineEnd="ROUND" lineWidth="0.01" lineProperty="SOLID" />
                </Line>
                <Line startX="2.456678" startY="1.789994" endX="2.456678" endY="1.750006">
                  <LineDesc lineEnd="ROUND" lineWidth="0.006" lineProperty="SOLID" />
                </Line>
                <Line startX="2.456678" startY="1.750006" endX="2.476671" endY="1.750006">
                  <LineDesc lineEnd="ROUND" lineWidth="0.006" lineProperty="SOLID" />
                </Line>
                <Line startX="2.476671" startY="1.750006" endX="2.483336" endY="1.756671">
                  <LineDesc lineEnd="ROUND" lineWidth="0.006" lineProperty="SOLID" />
                </Line>
                <Line startX="2.483336" startY="1.756671" endX="2.483336" endY="1.783329">
                  <LineDesc lineEnd="ROUND" lineWidth="0.006" lineProperty="SOLID" />
                </Line>
                <Line startX="2.483336" startY="1.783329" endX="2.476671" endY="1.789994">
                  <LineDesc lineEnd="ROUND" lineWidth="0.006" lineProperty="SOLID" />
                </Line>
                <Line startX="2.476671" startY="1.789994" endX="2.456678" endY="1.789994">
                  <LineDesc lineEnd="ROUND" lineWidth="0.006" lineProperty="SOLID" />
                </Line>
                <Line startX="2.523323" startY="1.750006" endX="2.496665" endY="1.750006">
                  <LineDesc lineEnd="ROUND" lineWidth="0.006" lineProperty="SOLID" />
                </Line>
                <Line startX="2.496665" startY="1.750006" endX="2.523323" endY="1.776664">
                  <LineDesc lineEnd="ROUND" lineWidth="0.006" lineProperty="SOLID" />
                </Line>
                <Line startX="2.523323" startY="1.776664" endX="2.523323" endY="1.783329">
                  <LineDesc lineEnd="ROUND" lineWidth="0.006" lineProperty="SOLID" />
                </Line>
                <Line startX="2.523323" startY="1.783329" endX="2.516658" endY="1.789994">
                  <LineDesc lineEnd="ROUND" lineWidth="0.006" lineProperty="SOLID" />
                </Line>
                <Line startX="2.516658" startY="1.789994" endX="2.503329" endY="1.789994">
                  <LineDesc lineEnd="ROUND" lineWidth="0.006" lineProperty="SOLID" />
                </Line>
                <Line startX="2.503329" startY="1.789994" endX="2.496665" endY="1.783329">
                  <LineDesc lineEnd="ROUND" lineWidth="0.006" lineProperty="SOLID" />
                </Line>
                <Line startX="2.443342" startY="1.369994" endX="2.443342" endY="1.330006">
                  <LineDesc lineEnd="ROUND" lineWidth="0.006" lineProperty="SOLID" />
                </Line>
                <Line startX="2.443342" startY="1.330006" endX="2.463336" endY="1.330006">
                  <LineDesc lineEnd="ROUND" lineWidth="0.006" lineProperty="SOLID" />
                </Line>
                <Line startX="2.463336" startY="1.330006" endX="2.47" endY="1.336671">
                  <LineDesc lineEnd="ROUND" lineWidth="0.006" lineProperty="SOLID" />
                </Line>
                <Line startX="2.47" startY="1.336671" endX="2.47" endY="1.363329">
                  <LineDesc lineEnd="ROUND" lineWidth="0.006" lineProperty="SOLID" />
                </Line>
                <Line startX="2.47" startY="1.363329" endX="2.463336" endY="1.369994">
                  <LineDesc lineEnd="ROUND" lineWidth="0.006" lineProperty="SOLID" />
                </Line>
                <Line startX="2.463336" startY="1.369994" endX="2.443342" endY="1.369994">
                  <LineDesc lineEnd="ROUND" lineWidth="0.006" lineProperty="SOLID" />
                </Line>
                <Line startX="2.483329" startY="1.330006" endX="2.496658" endY="1.330006">
                  <LineDesc lineEnd="ROUND" lineWidth="0.006" lineProperty="SOLID" />
                </Line>
                <Line startX="2.496658" startY="1.330006" endX="2.489994" endY="1.330006">
                  <LineDesc lineEnd="ROUND" lineWidth="0.006" lineProperty="SOLID" />
                </Line>
                <Line startX="2.489994" startY="1.330006" endX="2.489994" endY="1.369994">
                  <LineDesc lineEnd="ROUND" lineWidth="0.006" lineProperty="SOLID" />
                </Line>
                <Line startX="2.489994" startY="1.369994" endX="2.489994" endY="1.369994">
                  <LineDesc lineEnd="ROUND" lineWidth="0.006" lineProperty="SOLID" />
                </Line>
                <Line startX="2.489994" startY="1.369994" endX="2.483329" endY="1.363329">
                  <LineDesc lineEnd="ROUND" lineWidth="0.006" lineProperty="SOLID" />
                </Line>
                <Line startX="2.41" startY="2.223329" endX="2.403336" endY="2.229994">
                  <LineDesc lineEnd="ROUND" lineWidth="0.006" lineProperty="SOLID" />
                </Line>
                <Line startX="2.403336" startY="2.229994" endX="2.390006" endY="2.229994">
                  <LineDesc lineEnd="ROUND" lineWidth="0.006" lineProperty="SOLID" />
                </Line>
                <Line startX="2.390006" startY="2.229994" endX="2.383342" endY="2.223329">
                  <LineDesc lineEnd="ROUND" lineWidth="0.006" lineProperty="SOLID" />
                </Line>
                <Line startX="2.383342" startY="2.223329" endX="2.383342" endY="2.196671">
                  <LineDesc lineEnd="ROUND" lineWidth="0.006" lineProperty="SOLID" />
                </Line>
                <Line startX="2.383342" startY="2.196671" endX="2.390006" endY="2.190006">
                  <LineDesc lineEnd="ROUND" lineWidth="0.006" lineProperty="SOLID" />
                </Line>
                <Line startX="2.390006" startY="2.190006" endX="2.403336" endY="2.190006">
                  <LineDesc lineEnd="ROUND" lineWidth="0.006" lineProperty="SOLID" />
                </Line>
                <Line startX="2.403336" startY="2.190006" endX="2.41" endY="2.196671">
                  <LineDesc lineEnd="ROUND" lineWidth="0.006" lineProperty="SOLID" />
                </Line>
                <Line startX="2.423329" startY="2.190006" endX="2.436658" endY="2.190006">
                  <LineDesc lineEnd="ROUND" lineWidth="0.006" lineProperty="SOLID" />
                </Line>
                <Line startX="2.436658" startY="2.190006" endX="2.429994" endY="2.190006">
                  <LineDesc lineEnd="ROUND" lineWidth="0.006" lineProperty="SOLID" />
                </Line>
                <Line startX="2.429994" startY="2.190006" endX="2.429994" endY="2.229994">
                  <LineDesc lineEnd="ROUND" lineWidth="0.006" lineProperty="SOLID" />
                </Line>
                <Line startX="2.429994" startY="2.229994" endX="2.429994" endY="2.229994">
                  <LineDesc lineEnd="ROUND" lineWidth="0.006" lineProperty="SOLID" />
                </Line>
                <Line startX="2.429994" startY="2.229994" endX="2.423329" endY="2.223329">
                  <LineDesc lineEnd="ROUND" lineWidth="0.006" lineProperty="SOLID" />
                </Line>
                <Line startX="1.832658" startY="2.315987" endX="1.819329" endY="2.315987">
                  <LineDesc lineEnd="ROUND" lineWidth="0.006" lineProperty="SOLID" />
                </Line>
                <Line startX="1.819329" startY="2.315987" endX="1.825994" endY="2.315987">
                  <LineDesc lineEnd="ROUND" lineWidth="0.006" lineProperty="SOLID" />
                </Line>
                <Line startX="1.825994" startY="2.315987" endX="1.825994" endY="2.282664">
                  <LineDesc lineEnd="ROUND" lineWidth="0.006" lineProperty="SOLID" />
                </Line>
                <Line startX="1.825994" startY="2.282664" endX="1.819329" endY="2.276">
                  <LineDesc lineEnd="ROUND" lineWidth="0.006" lineProperty="SOLID" />
                </Line>
                <Line startX="1.819329" startY="2.276" endX="1.812664" endY="2.276">
                  <LineDesc lineEnd="ROUND" lineWidth="0.006" lineProperty="SOLID" />
                </Line>
                <Line startX="1.812664" startY="2.276" endX="1.806" endY="2.282664">
                  <LineDesc lineEnd="ROUND" lineWidth="0.006" lineProperty="SOLID" />
                </Line>
                <Line startX="1.845987" startY="2.276" endX="1.859316" endY="2.276">
                  <LineDesc lineEnd="ROUND" lineWidth="0.006" lineProperty="SOLID" />
                </Line>
                <Line startX="1.859316" startY="2.276" endX="1.852652" endY="2.276">
                  <LineDesc lineEnd="ROUND" lineWidth="0.006" lineProperty="SOLID" />
                </Line>
                <Line startX="1.852652" startY="2.276" endX="1.852652" endY="2.315987">
                  <LineDesc lineEnd="ROUND" lineWidth="0.006" lineProperty="SOLID" />
                </Line>
                <Line startX="1.852652" startY="2.315987" endX="1.852652" endY="2.315987">
                  <LineDesc lineEnd="ROUND" lineWidth="0.006" lineProperty="SOLID" />
                </Line>
                <Line startX="1.852652" startY="2.315987" endX="1.845987" endY="2.309323">
                  <LineDesc lineEnd="ROUND" lineWidth="0.006" lineProperty="SOLID" />
                </Line>
                <Line startX="1.832658" startY="1.295987" endX="1.819329" endY="1.295987">
                  <LineDesc lineEnd="ROUND" lineWidth="0.006" lineProperty="SOLID" />
                </Line>
                <Line startX="1.819329" startY="1.295987" endX="1.825994" endY="1.295987">
                  <LineDesc lineEnd="ROUND" lineWidth="0.006" lineProperty="SOLID" />
                </Line>
                <Line startX="1.825994" startY="1.295987" endX="1.825994" endY="1.262664">
                  <LineDesc lineEnd="ROUND" lineWidth="0.006" lineProperty="SOLID" />
                </Line>
                <Line startX="1.825994" startY="1.262664" endX="1.819329" endY="1.256">
                  <LineDesc lineEnd="ROUND" lineWidth="0.006" lineProperty="SOLID" />
                </Line>
                <Line startX="1.819329" startY="1.256" endX="1.812664" endY="1.256">
                  <LineDesc lineEnd="ROUND" lineWidth="0.006" lineProperty="SOLID" />
                </Line>
                <Line startX="1.812664" startY="1.256" endX="1.806" endY="1.262664">
                  <LineDesc lineEnd="ROUND" lineWidth="0.006" lineProperty="SOLID" />
                </Line>
                <Line startX="1.845987" startY="1.289323" endX="1.852652" endY="1.295987">
                  <LineDesc lineEnd="ROUND" lineWidth="0.006" lineProperty="SOLID" />
                </Line>
                <Line startX="1.852652" startY="1.295987" endX="1.865981" endY="1.295987">
                  <LineDesc lineEnd="ROUND" lineWidth="0.006" lineProperty="SOLID" />
                </Line>
                <Line startX="1.865981" startY="1.295987" endX="1.872645" endY="1.289323">
                  <LineDesc lineEnd="ROUND" lineWidth="0.006" lineProperty="SOLID" />
                </Line>
                <Line startX="1.872645" startY="1.289323" endX="1.872645" endY="1.282658">
                  <LineDesc lineEnd="ROUND" lineWidth="0.006" lineProperty="SOLID" />
                </Line>
                <Line startX="1.872645" startY="1.282658" endX="1.872645" endY="1.282658">
                  <LineDesc lineEnd="ROUND" lineWidth="0.006" lineProperty="SOLID" />
                </Line>
                <Line startX="1.872645" startY="1.282658" endX="1.872645" endY="1.282658">
                  <LineDesc lineEnd="ROUND" lineWidth="0.006" lineProperty="SOLID" />
                </Line>
                <Line startX="1.872645" startY="1.282658" endX="1.872645" endY="1.282658">
                  <LineDesc lineEnd="ROUND" lineWidth="0.006" lineProperty="SOLID" />
                </Line>
                <Line startX="1.872645" startY="1.282658" endX="1.865981" endY="1.275994">
                  <LineDesc lineEnd="ROUND" lineWidth="0.006" lineProperty="SOLID" />
                </Line>
                <Line startX="1.865981" startY="1.275994" endX="1.859316" endY="1.275994">
                  <LineDesc lineEnd="ROUND" lineWidth="0.006" lineProperty="SOLID" />
                </Line>
                <Line startX="1.859316" startY="1.275994" endX="1.865981" endY="1.275994">
                  <LineDesc lineEnd="ROUND" lineWidth="0.006" lineProperty="SOLID" />
                </Line>
                <Line startX="1.865981" startY="1.275994" endX="1.872645" endY="1.269329">
                  <LineDesc lineEnd="ROUND" lineWidth="0.006" lineProperty="SOLID" />
                </Line>
                <Line startX="1.872645" startY="1.269329" endX="1.872645" endY="1.262664">
                  <LineDesc lineEnd="ROUND" lineWidth="0.006" lineProperty="SOLID" />
                </Line>
                <Line startX="1.872645" startY="1.262664" endX="1.865981" endY="1.256">
                  <LineDesc lineEnd="ROUND" lineWidth="0.006" lineProperty="SOLID" />
                </Line>
                <Line startX="1.865981" startY="1.256" endX="1.852652" endY="1.256">
                  <LineDesc lineEnd="ROUND" lineWidth="0.006" lineProperty="SOLID" />
                </Line>
                <Line startX="1.852652" startY="1.256" endX="1.845987" endY="1.262664">
                  <LineDesc lineEnd="ROUND" lineWidth="0.006" lineProperty="SOLID" />
                </Line>
                <Line startX="2.853336" startY="1.319994" endX="2.840006" endY="1.319994">
                  <LineDesc lineEnd="ROUND" lineWidth="0.006" lineProperty="SOLID" />
                </Line>
                <Line startX="2.840006" startY="1.319994" endX="2.846671" endY="1.319994">
                  <LineDesc lineEnd="ROUND" lineWidth="0.006" lineProperty="SOLID" />
                </Line>
                <Line startX="2.846671" startY="1.319994" endX="2.846671" endY="1.286671">
                  <LineDesc lineEnd="ROUND" lineWidth="0.006" lineProperty="SOLID" />
                </Line>
                <Line startX="2.846671" startY="1.286671" endX="2.840006" endY="1.280006">
                  <LineDesc lineEnd="ROUND" lineWidth="0.006" lineProperty="SOLID" />
                </Line>
                <Line startX="2.840006" startY="1.280006" endX="2.833342" endY="1.280006">
                  <LineDesc lineEnd="ROUND" lineWidth="0.006" lineProperty="SOLID" />
                </Line>
                <Line startX="2.833342" startY="1.280006" endX="2.826678" endY="1.286671">
                  <LineDesc lineEnd="ROUND" lineWidth="0.006" lineProperty="SOLID" />
                </Line>
                <Line startX="2.893323" startY="1.280006" endX="2.866665" endY="1.280006">
                  <LineDesc lineEnd="ROUND" lineWidth="0.006" lineProperty="SOLID" />
                </Line>
                <Line startX="2.866665" startY="1.280006" endX="2.893323" endY="1.306664">
                  <LineDesc lineEnd="ROUND" lineWidth="0.006" lineProperty="SOLID" />
                </Line>
                <Line startX="2.893323" startY="1.306664" endX="2.893323" endY="1.313329">
                  <LineDesc lineEnd="ROUND" lineWidth="0.006" lineProperty="SOLID" />
                </Line>
                <Line startX="2.893323" startY="1.313329" endX="2.886658" endY="1.319994">
                  <LineDesc lineEnd="ROUND" lineWidth="0.006" lineProperty="SOLID" />
                </Line>
                <Line startX="2.886658" startY="1.319994" endX="2.873329" endY="1.319994">
                  <LineDesc lineEnd="ROUND" lineWidth="0.006" lineProperty="SOLID" />
                </Line>
                <Line startX="2.873329" startY="1.319994" endX="2.866665" endY="1.313329">
                  <LineDesc lineEnd="ROUND" lineWidth="0.006" lineProperty="SOLID" />
                </Line>
                <Line startX="1.973342" startY="2.029994" endX="1.973342" endY="1.996671">
                  <LineDesc lineEnd="ROUND" lineWidth="0.006" lineProperty="SOLID" />
                </Line>
                <Line startX="1.973342" startY="1.996671" endX="1.980006" endY="1.990006">
                  <LineDesc lineEnd="ROUND" lineWidth="0.006" lineProperty="SOLID" />
                </Line>
                <Line startX="1.980006" startY="1.990006" endX="1.993336" endY="1.990006">
                  <LineDesc lineEnd="ROUND" lineWidth="0.006" lineProperty="SOLID" />
                </Line>
                <Line startX="1.993336" startY="1.990006" endX="2" endY="1.996671">
                  <LineDesc lineEnd="ROUND" lineWidth="0.006" lineProperty="SOLID" />
                </Line>
                <Line startX="2" startY="1.996671" endX="2" endY="2.029994">
                  <LineDesc lineEnd="ROUND" lineWidth="0.006" lineProperty="SOLID" />
                </Line>
                <Line startX="2.013329" startY="1.990006" endX="2.026658" endY="1.990006">
                  <LineDesc lineEnd="ROUND" lineWidth="0.006" lineProperty="SOLID" />
                </Line>
                <Line startX="2.026658" startY="1.990006" endX="2.019994" endY="1.990006">
                  <LineDesc lineEnd="ROUND" lineWidth="0.006" lineProperty="SOLID" />
                </Line>
                <Line startX="2.019994" startY="1.990006" endX="2.019994" endY="2.029994">
                  <LineDesc lineEnd="ROUND" lineWidth="0.006" lineProperty="SOLID" />
                </Line>
                <Line startX="2.019994" startY="2.029994" endX="2.019994" endY="2.029994">
                  <LineDesc lineEnd="ROUND" lineWidth="0.006" lineProperty="SOLID" />
                </Line>
                <Line startX="2.019994" startY="2.029994" endX="2.013329" endY="2.023329">
                  <LineDesc lineEnd="ROUND" lineWidth="0.006" lineProperty="SOLID" />
                </Line>
                <Line startX="2.030006" startY="3.253329" endX="2.023342" endY="3.259994">
                  <LineDesc lineEnd="ROUND" lineWidth="0.006" lineProperty="SOLID" />
                </Line>
                <Line startX="2.023342" startY="3.259994" endX="2.010013" endY="3.259994">
                  <LineDesc lineEnd="ROUND" lineWidth="0.006" lineProperty="SOLID" />
                </Line>
                <Line startX="2.010013" startY="3.259994" endX="2.003348" endY="3.253329">
                  <LineDesc lineEnd="ROUND" lineWidth="0.006" lineProperty="SOLID" />
                </Line>
                <Line startX="2.003348" startY="3.253329" endX="2.003348" endY="3.246664">
                  <LineDesc lineEnd="ROUND" lineWidth="0.006" lineProperty="SOLID" />
                </Line>
                <Line startX="2.003348" startY="3.246664" endX="2.010013" endY="3.24">
                  <LineDesc lineEnd="ROUND" lineWidth="0.006" lineProperty="SOLID" />
                </Line>
                <Line startX="2.010013" startY="3.24" endX="2.023342" endY="3.24">
                  <LineDesc lineEnd="ROUND" lineWidth="0.006" lineProperty="SOLID" />
                </Line>
                <Line startX="2.023342" startY="3.24" endX="2.030006" endY="3.233336">
                  <LineDesc lineEnd="ROUND" lineWidth="0.006" lineProperty="SOLID" />
                </Line>
                <Line startX="2.030006" startY="3.233336" endX="2.030006" endY="3.226671">
                  <LineDesc lineEnd="ROUND" lineWidth="0.006" lineProperty="SOLID" />
                </Line>
                <Line startX="2.030006" startY="3.226671" endX="2.023342" endY="3.220006">
                  <LineDesc lineEnd="ROUND" lineWidth="0.006" lineProperty="SOLID" />
                </Line>
                <Line startX="2.023342" startY="3.220006" endX="2.010013" endY="3.220006">
                  <LineDesc lineEnd="ROUND" lineWidth="0.006" lineProperty="SOLID" />
                </Line>
                <Line startX="2.010013" startY="3.220006" endX="2.003348" endY="3.226671">
                  <LineDesc lineEnd="ROUND" lineWidth="0.006" lineProperty="SOLID" />
                </Line>
                <Line startX="2.069993" startY="3.259994" endX="2.056665" endY="3.259994">
                  <LineDesc lineEnd="ROUND" lineWidth="0.006" lineProperty="SOLID" />
                </Line>
                <Line startX="2.056665" startY="3.259994" endX="2.063329" endY="3.259994">
                  <LineDesc lineEnd="ROUND" lineWidth="0.006" lineProperty="SOLID" />
                </Line>
                <Line startX="2.063329" startY="3.259994" endX="2.063329" endY="3.226671">
                  <LineDesc lineEnd="ROUND" lineWidth="0.006" lineProperty="SOLID" />
                </Line>
                <Line startX="2.063329" startY="3.226671" endX="2.056665" endY="3.220006">
                  <LineDesc lineEnd="ROUND" lineWidth="0.006" lineProperty="SOLID" />
                </Line>
                <Line startX="2.056665" startY="3.220006" endX="2.05" endY="3.220006">
                  <LineDesc lineEnd="ROUND" lineWidth="0.006" lineProperty="SOLID" />
                </Line>
                <Line startX="2.05" startY="3.220006" endX="2.043336" endY="3.226671">
                  <LineDesc lineEnd="ROUND" lineWidth="0.006" lineProperty="SOLID" />
                </Line>
                <Line startX="2.083323" startY="3.220006" endX="2.096652" endY="3.220006">
                  <LineDesc lineEnd="ROUND" lineWidth="0.006" lineProperty="SOLID" />
                </Line>
                <Line startX="2.096652" startY="3.220006" endX="2.089987" endY="3.220006">
                  <LineDesc lineEnd="ROUND" lineWidth="0.006" lineProperty="SOLID" />
                </Line>
                <Line startX="2.089987" startY="3.220006" endX="2.089987" endY="3.259994">
                  <LineDesc lineEnd="ROUND" lineWidth="0.006" lineProperty="SOLID" />
                </Line>
                <Line startX="2.089987" startY="3.259994" endX="2.089987" endY="3.259994">
                  <LineDesc lineEnd="ROUND" lineWidth="0.006" lineProperty="SOLID" />
                </Line>
                <Line startX="2.089987" startY="3.259994" endX="2.083323" endY="3.253329">
                  <LineDesc lineEnd="ROUND" lineWidth="0.006" lineProperty="SOLID" />
                </Line>
                <Line startX="2.086678" startY="2.760006" endX="2.086678" endY="2.799994">
                  <LineDesc lineEnd="ROUND" lineWidth="0.006" lineProperty="SOLID" />
                </Line>
                <Line startX="2.086678" startY="2.799994" endX="2.106671" endY="2.799994">
                  <LineDesc lineEnd="ROUND" lineWidth="0.006" lineProperty="SOLID" />
                </Line>
                <Line startX="2.106671" startY="2.799994" endX="2.113336" endY="2.793329">
                  <LineDesc lineEnd="ROUND" lineWidth="0.006" lineProperty="SOLID" />
                </Line>
                <Line startX="2.113336" startY="2.793329" endX="2.113336" endY="2.78">
                  <LineDesc lineEnd="ROUND" lineWidth="0.006" lineProperty="SOLID" />
                </Line>
                <Line startX="2.113336" startY="2.78" endX="2.106671" endY="2.773336">
                  <LineDesc lineEnd="ROUND" lineWidth="0.006" lineProperty="SOLID" />
                </Line>
                <Line startX="2.106671" startY="2.773336" endX="2.086678" endY="2.773336">
                  <LineDesc lineEnd="ROUND" lineWidth="0.006" lineProperty="SOLID" />
                </Line>
                <Line startX="2.100006" startY="2.773336" endX="2.113336" endY="2.760006">
                  <LineDesc lineEnd="ROUND" lineWidth="0.006" lineProperty="SOLID" />
                </Line>
                <Line startX="2.146658" startY="2.760006" endX="2.146658" endY="2.799994">
                  <LineDesc lineEnd="ROUND" lineWidth="0.006" lineProperty="SOLID" />
                </Line>
                <Line startX="2.146658" startY="2.799994" endX="2.126665" endY="2.78">
                  <LineDesc lineEnd="ROUND" lineWidth="0.006" lineProperty="SOLID" />
                </Line>
                <Line startX="2.126665" startY="2.78" endX="2.153323" endY="2.78">
                  <LineDesc lineEnd="ROUND" lineWidth="0.006" lineProperty="SOLID" />
                </Line>
                <Line startX="1.976678" startY="2.760006" endX="1.976678" endY="2.799994">
                  <LineDesc lineEnd="ROUND" lineWidth="0.006" lineProperty="SOLID" />
                </Line>
                <Line startX="1.976678" startY="2.799994" endX="1.996671" endY="2.799994">
                  <LineDesc lineEnd="ROUND" lineWidth="0.006" lineProperty="SOLID" />
                </Line>
                <Line startX="1.996671" startY="2.799994" endX="2.003336" endY="2.793329">
                  <LineDesc lineEnd="ROUND" lineWidth="0.006" lineProperty="SOLID" />
                </Line>
                <Line startX="2.003336" startY="2.793329" endX="2.003336" endY="2.78">
                  <LineDesc lineEnd="ROUND" lineWidth="0.006" lineProperty="SOLID" />
                </Line>
                <Line startX="2.003336" startY="2.78" endX="1.996671" endY="2.773336">
                  <LineDesc lineEnd="ROUND" lineWidth="0.006" lineProperty="SOLID" />
                </Line>
                <Line startX="1.996671" startY="2.773336" endX="1.976678" endY="2.773336">
                  <LineDesc lineEnd="ROUND" lineWidth="0.006" lineProperty="SOLID" />
                </Line>
                <Line startX="1.990006" startY="2.773336" endX="2.003336" endY="2.760006">
                  <LineDesc lineEnd="ROUND" lineWidth="0.006" lineProperty="SOLID" />
                </Line>
                <Line startX="2.016665" startY="2.793329" endX="2.023329" endY="2.799994">
                  <LineDesc lineEnd="ROUND" lineWidth="0.006" lineProperty="SOLID" />
                </Line>
                <Line startX="2.023329" startY="2.799994" endX="2.036658" endY="2.799994">
                  <LineDesc lineEnd="ROUND" lineWidth="0.006" lineProperty="SOLID" />
                </Line>
                <Line startX="2.036658" startY="2.799994" endX="2.043323" endY="2.793329">
                  <LineDesc lineEnd="ROUND" lineWidth="0.006" lineProperty="SOLID" />
                </Line>
                <Line startX="2.043323" startY="2.793329" endX="2.043323" endY="2.786664">
                  <LineDesc lineEnd="ROUND" lineWidth="0.006" lineProperty="SOLID" />
                </Line>
                <Line startX="2.043323" startY="2.786664" endX="2.043323" endY="2.786664">
                  <LineDesc lineEnd="ROUND" lineWidth="0.006" lineProperty="SOLID" />
                </Line>
                <Line startX="2.043323" startY="2.786664" endX="2.043323" endY="2.786664">
                  <LineDesc lineEnd="ROUND" lineWidth="0.006" lineProperty="SOLID" />
                </Line>
                <Line startX="2.043323" startY="2.786664" endX="2.043323" endY="2.786664">
                  <LineDesc lineEnd="ROUND" lineWidth="0.006" lineProperty="SOLID" />
                </Line>
                <Line startX="2.043323" startY="2.786664" endX="2.036658" endY="2.78">
                  <LineDesc lineEnd="ROUND" lineWidth="0.006" lineProperty="SOLID" />
                </Line>
                <Line startX="2.036658" startY="2.78" endX="2.029994" endY="2.78">
                  <LineDesc lineEnd="ROUND" lineWidth="0.006" lineProperty="SOLID" />
                </Line>
                <Line startX="2.029994" startY="2.78" endX="2.036658" endY="2.78">
                  <LineDesc lineEnd="ROUND" lineWidth="0.006" lineProperty="SOLID" />
                </Line>
                <Line startX="2.036658" startY="2.78" endX="2.043323" endY="2.773336">
                  <LineDesc lineEnd="ROUND" lineWidth="0.006" lineProperty="SOLID" />
                </Line>
                <Line startX="2.043323" startY="2.773336" endX="2.043323" endY="2.766671">
                  <LineDesc lineEnd="ROUND" lineWidth="0.006" lineProperty="SOLID" />
                </Line>
                <Line startX="2.043323" startY="2.766671" endX="2.036658" endY="2.760006">
                  <LineDesc lineEnd="ROUND" lineWidth="0.006" lineProperty="SOLID" />
                </Line>
                <Line startX="2.036658" startY="2.760006" endX="2.023329" endY="2.760006">
                  <LineDesc lineEnd="ROUND" lineWidth="0.006" lineProperty="SOLID" />
                </Line>
                <Line startX="2.023329" startY="2.760006" endX="2.016665" endY="2.766671">
                  <LineDesc lineEnd="ROUND" lineWidth="0.006" lineProperty="SOLID" />
                </Line>
                <Line startX="1.086678" startY="2.160006" endX="1.086678" endY="2.199994">
                  <LineDesc lineEnd="ROUND" lineWidth="0.006" lineProperty="SOLID" />
                </Line>
                <Line startX="1.086678" startY="2.199994" endX="1.106671" endY="2.199994">
                  <LineDesc lineEnd="ROUND" lineWidth="0.006" lineProperty="SOLID" />
                </Line>
                <Line startX="1.106671" startY="2.199994" endX="1.113336" endY="2.193329">
                  <LineDesc lineEnd="ROUND" lineWidth="0.006" lineProperty="SOLID" />
                </Line>
                <Line startX="1.113336" startY="2.193329" endX="1.113336" endY="2.18">
                  <LineDesc lineEnd="ROUND" lineWidth="0.006" lineProperty="SOLID" />
                </Line>
                <Line startX="1.113336" startY="2.18" endX="1.106671" endY="2.173336">
                  <LineDesc lineEnd="ROUND" lineWidth="0.006" lineProperty="SOLID" />
                </Line>
                <Line startX="1.106671" startY="2.173336" endX="1.086678" endY="2.173336">
                  <LineDesc lineEnd="ROUND" lineWidth="0.006" lineProperty="SOLID" />
                </Line>
                <Line startX="1.100006" startY="2.173336" endX="1.113336" endY="2.160006">
                  <LineDesc lineEnd="ROUND" lineWidth="0.006" lineProperty="SOLID" />
                </Line>
                <Line startX="1.153323" startY="2.160006" endX="1.126665" endY="2.160006">
                  <LineDesc lineEnd="ROUND" lineWidth="0.006" lineProperty="SOLID" />
                </Line>
                <Line startX="1.126665" startY="2.160006" endX="1.153323" endY="2.186664">
                  <LineDesc lineEnd="ROUND" lineWidth="0.006" lineProperty="SOLID" />
                </Line>
                <Line startX="1.153323" startY="2.186664" endX="1.153323" endY="2.193329">
                  <LineDesc lineEnd="ROUND" lineWidth="0.006" lineProperty="SOLID" />
                </Line>
                <Line startX="1.153323" startY="2.193329" endX="1.146658" endY="2.199994">
                  <LineDesc lineEnd="ROUND" lineWidth="0.006" lineProperty="SOLID" />
                </Line>
                <Line startX="1.146658" startY="2.199994" endX="1.133329" endY="2.199994">
                  <LineDesc lineEnd="ROUND" lineWidth="0.006" lineProperty="SOLID" />
                </Line>
                <Line startX="1.133329" startY="2.199994" endX="1.126665" endY="2.193329">
                  <LineDesc lineEnd="ROUND" lineWidth="0.006" lineProperty="SOLID" />
                </Line>
                <Line startX="2.143342" startY="2.260006" endX="2.143342" endY="2.299994">
                  <LineDesc lineEnd="ROUND" lineWidth="0.006" lineProperty="SOLID" />
                </Line>
                <Line startX="2.143342" startY="2.299994" endX="2.163336" endY="2.299994">
                  <LineDesc lineEnd="ROUND" lineWidth="0.006" lineProperty="SOLID" />
                </Line>
                <Line startX="2.163336" startY="2.299994" endX="2.17" endY="2.293329">
                  <LineDesc lineEnd="ROUND" lineWidth="0.006" lineProperty="SOLID" />
                </Line>
                <Line startX="2.17" startY="2.293329" endX="2.17" endY="2.28">
                  <LineDesc lineEnd="ROUND" lineWidth="0.006" lineProperty="SOLID" />
                </Line>
                <Line startX="2.17" startY="2.28" endX="2.163336" endY="2.273336">
                  <LineDesc lineEnd="ROUND" lineWidth="0.006" lineProperty="SOLID" />
                </Line>
                <Line startX="2.163336" startY="2.273336" endX="2.143342" endY="2.273336">
                  <LineDesc lineEnd="ROUND" lineWidth="0.006" lineProperty="SOLID" />
                </Line>
                <Line startX="2.156671" startY="2.273336" endX="2.17" endY="2.260006">
                  <LineDesc lineEnd="ROUND" lineWidth="0.006" lineProperty="SOLID" />
                </Line>
                <Line startX="2.183329" startY="2.260006" endX="2.196658" endY="2.260006">
                  <LineDesc lineEnd="ROUND" lineWidth="0.006" lineProperty="SOLID" />
                </Line>
                <Line startX="2.196658" startY="2.260006" endX="2.189994" endY="2.260006">
                  <LineDesc lineEnd="ROUND" lineWidth="0.006" lineProperty="SOLID" />
                </Line>
                <Line startX="2.189994" startY="2.260006" endX="2.189994" endY="2.299994">
                  <LineDesc lineEnd="ROUND" lineWidth="0.006" lineProperty="SOLID" />
                </Line>
                <Line startX="2.189994" startY="2.299994" endX="2.189994" endY="2.299994">
                  <LineDesc lineEnd="ROUND" lineWidth="0.006" lineProperty="SOLID" />
                </Line>
                <Line startX="2.189994" startY="2.299994" endX="2.183329" endY="2.293329">
                  <LineDesc lineEnd="ROUND" lineWidth="0.006" lineProperty="SOLID" />
                </Line>
                <Line startX="2.46669" startY="3.149994" endX="2.46669" endY="3.110006">
                  <LineDesc lineEnd="ROUND" lineWidth="0.006" lineProperty="SOLID" />
                </Line>
                <Line startX="2.46669" startY="3.110006" endX="2.493348" endY="3.110006">
                  <LineDesc lineEnd="ROUND" lineWidth="0.006" lineProperty="SOLID" />
                </Line>
                <Line startX="2.533336" startY="3.149994" endX="2.506678" endY="3.149994">
                  <LineDesc lineEnd="ROUND" lineWidth="0.006" lineProperty="SOLID" />
                </Line>
                <Line startX="2.506678" startY="3.149994" endX="2.506678" endY="3.110006">
                  <LineDesc lineEnd="ROUND" lineWidth="0.006" lineProperty="SOLID" />
                </Line>
                <Line startX="2.506678" startY="3.110006" endX="2.533336" endY="3.110006">
                  <LineDesc lineEnd="ROUND" lineWidth="0.006" lineProperty="SOLID" />
                </Line>
                <Line startX="2.506678" startY="3.13" endX="2.520006" endY="3.13">
                  <LineDesc lineEnd="ROUND" lineWidth="0.006" lineProperty="SOLID" />
                </Line>
                <Line startX="2.546665" startY="3.149994" endX="2.546665" endY="3.110006">
                  <LineDesc lineEnd="ROUND" lineWidth="0.006" lineProperty="SOLID" />
                </Line>
                <Line startX="2.546665" startY="3.110006" endX="2.566658" endY="3.110006">
                  <LineDesc lineEnd="ROUND" lineWidth="0.006" lineProperty="SOLID" />
                </Line>
                <Line startX="2.566658" startY="3.110006" endX="2.573323" endY="3.116671">
                  <LineDesc lineEnd="ROUND" lineWidth="0.006" lineProperty="SOLID" />
                </Line>
                <Line startX="2.573323" startY="3.116671" endX="2.573323" endY="3.143329">
                  <LineDesc lineEnd="ROUND" lineWidth="0.006" lineProperty="SOLID" />
                </Line>
                <Line startX="2.573323" startY="3.143329" endX="2.566658" endY="3.149994">
                  <LineDesc lineEnd="ROUND" lineWidth="0.006" lineProperty="SOLID" />
                </Line>
                <Line startX="2.566658" startY="3.149994" endX="2.546665" endY="3.149994">
                  <LineDesc lineEnd="ROUND" lineWidth="0.006" lineProperty="SOLID" />
                </Line>
                <Line startX="2.61331" startY="3.110006" endX="2.586652" endY="3.110006">
                  <LineDesc lineEnd="ROUND" lineWidth="0.006" lineProperty="SOLID" />
                </Line>
                <Line startX="2.586652" startY="3.110006" endX="2.61331" endY="3.136664">
                  <LineDesc lineEnd="ROUND" lineWidth="0.006" lineProperty="SOLID" />
                </Line>
                <Line startX="2.61331" startY="3.136664" endX="2.61331" endY="3.143329">
                  <LineDesc lineEnd="ROUND" lineWidth="0.006" lineProperty="SOLID" />
                </Line>
                <Line startX="2.61331" startY="3.143329" endX="2.606645" endY="3.149994">
                  <LineDesc lineEnd="ROUND" lineWidth="0.006" lineProperty="SOLID" />
                </Line>
                <Line startX="2.606645" startY="3.149994" endX="2.593316" endY="3.149994">
                  <LineDesc lineEnd="ROUND" lineWidth="0.006" lineProperty="SOLID" />
                </Line>
                <Line startX="2.593316" startY="3.149994" endX="2.586652" endY="3.143329">
                  <LineDesc lineEnd="ROUND" lineWidth="0.006" lineProperty="SOLID" />
                </Line>
                <Line startX="2.913336" startY="2.249994" endX="2.900006" endY="2.249994">
                  <LineDesc lineEnd="ROUND" lineWidth="0.006" lineProperty="SOLID" />
                </Line>
                <Line startX="2.900006" startY="2.249994" endX="2.906671" endY="2.249994">
                  <LineDesc lineEnd="ROUND" lineWidth="0.006" lineProperty="SOLID" />
                </Line>
                <Line startX="2.906671" startY="2.249994" endX="2.906671" endY="2.216671">
                  <LineDesc lineEnd="ROUND" lineWidth="0.006" lineProperty="SOLID" />
                </Line>
                <Line startX="2.906671" startY="2.216671" endX="2.900006" endY="2.210006">
                  <LineDesc lineEnd="ROUND" lineWidth="0.006" lineProperty="SOLID" />
                </Line>
                <Line startX="2.900006" startY="2.210006" endX="2.893342" endY="2.210006">
                  <LineDesc lineEnd="ROUND" lineWidth="0.006" lineProperty="SOLID" />
                </Line>
                <Line startX="2.893342" startY="2.210006" endX="2.886678" endY="2.216671">
                  <LineDesc lineEnd="ROUND" lineWidth="0.006" lineProperty="SOLID" />
                </Line>
                <Line startX="2.953323" startY="2.249994" endX="2.939994" endY="2.243329">
                  <LineDesc lineEnd="ROUND" lineWidth="0.006" lineProperty="SOLID" />
                </Line>
                <Line startX="2.939994" startY="2.243329" endX="2.926665" endY="2.23">
                  <LineDesc lineEnd="ROUND" lineWidth="0.006" lineProperty="SOLID" />
                </Line>
                <Line startX="2.926665" startY="2.23" endX="2.926665" endY="2.216671">
                  <LineDesc lineEnd="ROUND" lineWidth="0.006" lineProperty="SOLID" />
                </Line>
                <Line startX="2.926665" startY="2.216671" endX="2.933329" endY="2.210006">
                  <LineDesc lineEnd="ROUND" lineWidth="0.006" lineProperty="SOLID" />
                </Line>
                <Line startX="2.933329" startY="2.210006" endX="2.946658" endY="2.210006">
                  <LineDesc lineEnd="ROUND" lineWidth="0.006" lineProperty="SOLID" />
                </Line>
                <Line startX="2.946658" startY="2.210006" endX="2.953323" endY="2.216671">
                  <LineDesc lineEnd="ROUND" lineWidth="0.006" lineProperty="SOLID" />
                </Line>
                <Line startX="2.953323" startY="2.216671" endX="2.953323" endY="2.223336">
                  <LineDesc lineEnd="ROUND" lineWidth="0.006" lineProperty="SOLID" />
                </Line>
                <Line startX="2.953323" startY="2.223336" endX="2.946658" endY="2.23">
                  <LineDesc lineEnd="ROUND" lineWidth="0.006" lineProperty="SOLID" />
                </Line>
                <Line startX="2.946658" startY="2.23" endX="2.926665" endY="2.23">
                  <LineDesc lineEnd="ROUND" lineWidth="0.006" lineProperty="SOLID" />
                </Line>
                <Line startX="1.963336" startY="1.299994" endX="1.950006" endY="1.299994">
                  <LineDesc lineEnd="ROUND" lineWidth="0.006" lineProperty="SOLID" />
                </Line>
                <Line startX="1.950006" startY="1.299994" endX="1.956671" endY="1.299994">
                  <LineDesc lineEnd="ROUND" lineWidth="0.006" lineProperty="SOLID" />
                </Line>
                <Line startX="1.956671" startY="1.299994" endX="1.956671" endY="1.266671">
                  <LineDesc lineEnd="ROUND" lineWidth="0.006" lineProperty="SOLID" />
                </Line>
                <Line startX="1.956671" startY="1.266671" endX="1.950006" endY="1.260006">
                  <LineDesc lineEnd="ROUND" lineWidth="0.006" lineProperty="SOLID" />
                </Line>
                <Line startX="1.950006" startY="1.260006" endX="1.943342" endY="1.260006">
                  <LineDesc lineEnd="ROUND" lineWidth="0.006" lineProperty="SOLID" />
                </Line>
                <Line startX="1.943342" startY="1.260006" endX="1.936678" endY="1.266671">
                  <LineDesc lineEnd="ROUND" lineWidth="0.006" lineProperty="SOLID" />
                </Line>
                <Line startX="2.003323" startY="1.299994" endX="1.976665" endY="1.299994">
                  <LineDesc lineEnd="ROUND" lineWidth="0.006" lineProperty="SOLID" />
                </Line>
                <Line startX="1.976665" startY="1.299994" endX="1.976665" endY="1.28">
                  <LineDesc lineEnd="ROUND" lineWidth="0.006" lineProperty="SOLID" />
                </Line>
                <Line startX="1.976665" startY="1.28" endX="1.989994" endY="1.286664">
                  <LineDesc lineEnd="ROUND" lineWidth="0.006" lineProperty="SOLID" />
                </Line>
                <Line startX="1.989994" startY="1.286664" endX="1.996658" endY="1.286664">
                  <LineDesc lineEnd="ROUND" lineWidth="0.006" lineProperty="SOLID" />
                </Line>
                <Line startX="1.996658" startY="1.286664" endX="2.003323" endY="1.28">
                  <LineDesc lineEnd="ROUND" lineWidth="0.006" lineProperty="SOLID" />
                </Line>
                <Line startX="2.003323" startY="1.28" endX="2.003323" endY="1.266671">
                  <LineDesc lineEnd="ROUND" lineWidth="0.006" lineProperty="SOLID" />
                </Line>
                <Line startX="2.003323" startY="1.266671" endX="1.996658" endY="1.260006">
                  <LineDesc lineEnd="ROUND" lineWidth="0.006" lineProperty="SOLID" />
                </Line>
                <Line startX="1.996658" startY="1.260006" endX="1.983329" endY="1.260006">
                  <LineDesc lineEnd="ROUND" lineWidth="0.006" lineProperty="SOLID" />
                </Line>
                <Line startX="1.983329" startY="1.260006" endX="1.976665" endY="1.266671">
                  <LineDesc lineEnd="ROUND" lineWidth="0.006" lineProperty="SOLID" />
                </Line>
                <Line startX="1.963336" startY="2.649994" endX="1.950006" endY="2.649994">
                  <LineDesc lineEnd="ROUND" lineWidth="0.006" lineProperty="SOLID" />
                </Line>
                <Line startX="1.950006" startY="2.649994" endX="1.956671" endY="2.649994">
                  <LineDesc lineEnd="ROUND" lineWidth="0.006" lineProperty="SOLID" />
                </Line>
                <Line startX="1.956671" startY="2.649994" endX="1.956671" endY="2.616671">
                  <LineDesc lineEnd="ROUND" lineWidth="0.006" lineProperty="SOLID" />
                </Line>
                <Line startX="1.956671" startY="2.616671" endX="1.950006" endY="2.610006">
                  <LineDesc lineEnd="ROUND" lineWidth="0.006" lineProperty="SOLID" />
                </Line>
                <Line startX="1.950006" startY="2.610006" endX="1.943342" endY="2.610006">
                  <LineDesc lineEnd="ROUND" lineWidth="0.006" lineProperty="SOLID" />
                </Line>
                <Line startX="1.943342" startY="2.610006" endX="1.936678" endY="2.616671">
                  <LineDesc lineEnd="ROUND" lineWidth="0.006" lineProperty="SOLID" />
                </Line>
                <Line startX="1.996658" startY="2.610006" endX="1.996658" endY="2.649994">
                  <LineDesc lineEnd="ROUND" lineWidth="0.006" lineProperty="SOLID" />
                </Line>
                <Line startX="1.996658" startY="2.649994" endX="1.976665" endY="2.63">
                  <LineDesc lineEnd="ROUND" lineWidth="0.006" lineProperty="SOLID" />
                </Line>
                <Line startX="1.976665" startY="2.63" endX="2.003323" endY="2.63">
                  <LineDesc lineEnd="ROUND" lineWidth="0.006" lineProperty="SOLID" />
                </Line>
                <Line startX="2.313336" startY="1.673329" endX="2.306671" endY="1.679994">
                  <LineDesc lineEnd="ROUND" lineWidth="0.006" lineProperty="SOLID" />
                </Line>
                <Line startX="2.306671" startY="1.679994" endX="2.293342" endY="1.679994">
                  <LineDesc lineEnd="ROUND" lineWidth="0.006" lineProperty="SOLID" />
                </Line>
                <Line startX="2.293342" startY="1.679994" endX="2.286678" endY="1.673329">
                  <LineDesc lineEnd="ROUND" lineWidth="0.006" lineProperty="SOLID" />
                </Line>
                <Line startX="2.286678" startY="1.673329" endX="2.286678" endY="1.646671">
                  <LineDesc lineEnd="ROUND" lineWidth="0.006" lineProperty="SOLID" />
                </Line>
                <Line startX="2.286678" startY="1.646671" endX="2.293342" endY="1.640006">
                  <LineDesc lineEnd="ROUND" lineWidth="0.006" lineProperty="SOLID" />
                </Line>
                <Line startX="2.293342" startY="1.640006" endX="2.306671" endY="1.640006">
                  <LineDesc lineEnd="ROUND" lineWidth="0.006" lineProperty="SOLID" />
                </Line>
                <Line startX="2.306671" startY="1.640006" endX="2.313336" endY="1.646671">
                  <LineDesc lineEnd="ROUND" lineWidth="0.006" lineProperty="SOLID" />
                </Line>
                <Line startX="2.353323" startY="1.640006" endX="2.326665" endY="1.640006">
                  <LineDesc lineEnd="ROUND" lineWidth="0.006" lineProperty="SOLID" />
                </Line>
                <Line startX="2.326665" startY="1.640006" endX="2.353323" endY="1.666664">
                  <LineDesc lineEnd="ROUND" lineWidth="0.006" lineProperty="SOLID" />
                </Line>
                <Line startX="2.353323" startY="1.666664" endX="2.353323" endY="1.673329">
                  <LineDesc lineEnd="ROUND" lineWidth="0.006" lineProperty="SOLID" />
                </Line>
                <Line startX="2.353323" startY="1.673329" endX="2.346658" endY="1.679994">
                  <LineDesc lineEnd="ROUND" lineWidth="0.006" lineProperty="SOLID" />
                </Line>
                <Line startX="2.346658" startY="1.679994" endX="2.333329" endY="1.679994">
                  <LineDesc lineEnd="ROUND" lineWidth="0.006" lineProperty="SOLID" />
                </Line>
                <Line startX="2.333329" startY="1.679994" endX="2.326665" endY="1.673329">
                  <LineDesc lineEnd="ROUND" lineWidth="0.006" lineProperty="SOLID" />
                </Line>
              </UserSpecial>
            </Features>
            <Features>
              <Xform rotation="360" />
              <Location x="2.54675" y="1.669999" />
              <RectCenter width="0.030622" height="0.102362" />
            </Features>
            <Features>
              <Xform rotation="360" />
              <Location x="2.541754" y="1.449999" />
              <RectCenter width="0.030622" height="0.102362" />
            </Features>
          </Set>
          <Set>
            <SlotCavity name="J2-11 Hole" platingStatus="PLATED" plusTol="0" minusTol="0">
              <Outline>
                <Polygon>
                  <PolyBegin x="2.956929" y="1.625753" />
                  <PolyStepSegment x="2.961538" y="1.62667" />
                  <PolyStepSegment x="2.965444" y="1.62928" />
                  <PolyStepSegment x="2.968055" y="1.633187" />
                  <PolyStepSegment x="2.968972" y="1.637795" />
                  <PolyStepSegment x="2.968055" y="1.642404" />
                  <PolyStepSegment x="2.965444" y="1.646311" />
                  <PolyStepSegment x="2.961538" y="1.648921" />
                  <PolyStepSegment x="2.956929" y="1.649838" />
                  <PolyStepSegment x="2.92937" y="1.649838" />
                  <PolyStepSegment x="2.924762" y="1.648921" />
                  <PolyStepSegment x="2.920855" y="1.646311" />
                  <PolyStepSegment x="2.918244" y="1.642404" />
                  <PolyStepSegment x="2.917328" y="1.637795" />
                  <PolyStepSegment x="2.918244" y="1.633187" />
                  <PolyStepSegment x="2.920855" y="1.62928" />
                  <PolyStepSegment x="2.924762" y="1.62667" />
                  <PolyStepSegment x="2.92937" y="1.625753" />
                  <PolyStepSegment x="2.956929" y="1.625753" />
                </Polygon>
                <LineDesc lineEnd="NONE" lineWidth="0" lineProperty="SOLID" />
              </Outline>
            </SlotCavity>
          </Set>
          <Set>
            <SlotCavity name="J2-8 Hole" platingStatus="PLATED" plusTol="0" minusTol="0">
              <Outline>
                <Polygon>
                  <PolyBegin x="2.956929" y="1.350162" />
                  <PolyStepSegment x="2.961538" y="1.351079" />
                  <PolyStepSegment x="2.965444" y="1.35369" />
                  <PolyStepSegment x="2.968055" y="1.357596" />
                  <PolyStepSegment x="2.968972" y="1.362205" />
                  <PolyStepSegment x="2.968055" y="1.366813" />
                  <PolyStepSegment x="2.965444" y="1.37072" />
                  <PolyStepSegment x="2.961538" y="1.37333" />
                  <PolyStepSegment x="2.956929" y="1.374247" />
                  <PolyStepSegment x="2.92937" y="1.374247" />
                  <PolyStepSegment x="2.924762" y="1.37333" />
                  <PolyStepSegment x="2.920855" y="1.37072" />
                  <PolyStepSegment x="2.918244" y="1.366813" />
                  <PolyStepSegment x="2.917328" y="1.362205" />
                  <PolyStepSegment x="2.918244" y="1.357596" />
                  <PolyStepSegment x="2.920855" y="1.35369" />
                  <PolyStepSegment x="2.924762" y="1.351079" />
                  <PolyStepSegment x="2.92937" y="1.350162" />
                  <PolyStepSegment x="2.956929" y="1.350162" />
                </Polygon>
                <LineDesc lineEnd="NONE" lineWidth="0" lineProperty="SOLID" />
              </Outline>
            </SlotCavity>
          </Set>
        </LayerFeature>
        <LayerFeature layerRef="Top Solder">
          <Set>
            <ColorRef id="LAYER_COLOR_Top Solder" />
          </Set>
          <Set net="No Net">
            <Features>
              <UserSpecial>
                <Arc startX="2.970709" startY="1.358268" endX="2.970709" endY="1.358268" centerX="2.960866" centerY="1.358268" clockwise="false">
                  <LineDesc lineEnd="ROUND" lineWidth="0.027685" lineProperty="SOLID" />
                </Arc>
                <Arc startX="2.935276" startY="1.358268" endX="2.935276" endY="1.358268" centerX="2.925433" centerY="1.358268" clockwise="false">
                  <LineDesc lineEnd="ROUND" lineWidth="0.027685" lineProperty="SOLID" />
                </Arc>
                <Arc startX="2.970709" startY="1.641732" endX="2.970709" endY="1.641732" centerX="2.960866" centerY="1.641732" clockwise="false">
                  <LineDesc lineEnd="ROUND" lineWidth="0.027685" lineProperty="SOLID" />
                </Arc>
                <Arc startX="2.935276" startY="1.641732" endX="2.935276" endY="1.641732" centerX="2.925433" centerY="1.641732" clockwise="false">
                  <LineDesc lineEnd="ROUND" lineWidth="0.027685" lineProperty="SOLID" />
                </Arc>
              </UserSpecial>
            </Features>
            <Features>
              <Contour>
                <Polygon>
                  <PolyBegin x="2.963929" y="1.361329" />
                  <PolyStepSegment x="2.965197" y="1.358268" />
                  <PolyStepSegment x="2.965197" y="1.338584" />
                  <PolyStepSegment x="2.964672" y="1.337316" />
                  <PolyStepSegment x="2.963929" y="1.335522" />
                  <PolyStepSegment x="2.963929" y="1.335522" />
                  <PolyStepSegment x="2.963929" y="1.335522" />
                  <PolyStepSegment x="2.962135" y="1.334779" />
                  <PolyStepSegment x="2.960867" y="1.334254" />
                  <PolyStepSegment x="2.925433" y="1.334253" />
                  <PolyStepSegment x="2.925433" y="1.334253" />
                  <PolyStepSegment x="2.925433" y="1.334253" />
                  <PolyStepSegment x="2.924165" y="1.334778" />
                  <PolyStepSegment x="2.922372" y="1.335521" />
                  <PolyStepSegment x="2.922372" y="1.335521" />
                  <PolyStepSegment x="2.922372" y="1.335521" />
                  <PolyStepSegment x="2.921629" y="1.337314" />
                  <PolyStepSegment x="2.921104" y="1.338583" />
                  <PolyStepSegment x="2.921104" y="1.338583" />
                  <PolyStepSegment x="2.921104" y="1.338583" />
                  <PolyStepSegment x="2.921104" y="1.358268" />
                  <PolyStepSegment x="2.922372" y="1.361329" />
                  <PolyStepSegment x="2.925433" y="1.362597" />
                  <PolyStepSegment x="2.960867" y="1.362597" />
                  <PolyStepSegment x="2.963929" y="1.361329" />
                </Polygon>
              </Contour>
            </Features>
            <Features>
              <Contour>
                <Polygon>
                  <PolyBegin x="2.962134" y="1.665222" />
                  <PolyStepSegment x="2.963928" y="1.664479" />
                  <PolyStepSegment x="2.963928" y="1.664479" />
                  <PolyStepSegment x="2.963928" y="1.664479" />
                  <PolyStepSegment x="2.96467" y="1.662686" />
                  <PolyStepSegment x="2.965196" y="1.661418" />
                  <PolyStepSegment x="2.965196" y="1.661418" />
                  <PolyStepSegment x="2.965196" y="1.661418" />
                  <PolyStepSegment x="2.965196" y="1.641733" />
                  <PolyStepSegment x="2.963928" y="1.638671" />
                  <PolyStepSegment x="2.960866" y="1.637403" />
                  <PolyStepSegment x="2.925432" y="1.637403" />
                  <PolyStepSegment x="2.92237" y="1.638671" />
                  <PolyStepSegment x="2.921102" y="1.641733" />
                  <PolyStepSegment x="2.921102" y="1.661417" />
                  <PolyStepSegment x="2.921628" y="1.662685" />
                  <PolyStepSegment x="2.92237" y="1.664478" />
                  <PolyStepSegment x="2.92237" y="1.664478" />
                  <PolyStepSegment x="2.92237" y="1.664478" />
                  <PolyStepSegment x="2.924164" y="1.665221" />
                  <PolyStepSegment x="2.925432" y="1.665746" />
                  <PolyStepSegment x="2.960866" y="1.665747" />
                  <PolyStepSegment x="2.960866" y="1.665747" />
                  <PolyStepSegment x="2.960866" y="1.665747" />
                  <PolyStepSegment x="2.962134" y="1.665222" />
                </Polygon>
              </Contour>
            </Features>
            <Features>
              <Contour>
                <Polygon>
                  <PolyBegin x="2.983613" y="1.644794" />
                  <PolyStepSegment x="2.984881" y="1.641732" />
                  <PolyStepSegment x="2.984881" y="1.590551" />
                  <PolyStepSegment x="2.983613" y="1.58749" />
                  <PolyStepSegment x="2.980551" y="1.586222" />
                  <PolyStepSegment x="2.905748" y="1.586222" />
                  <PolyStepSegment x="2.902686" y="1.58749" />
                  <PolyStepSegment x="2.901418" y="1.590551" />
                  <PolyStepSegment x="2.901418" y="1.641732" />
                  <PolyStepSegment x="2.902686" y="1.644794" />
                  <PolyStepSegment x="2.905748" y="1.646062" />
                  <PolyStepSegment x="2.980551" y="1.646062" />
                  <PolyStepSegment x="2.983613" y="1.644794" />
                </Polygon>
              </Contour>
            </Features>
            <Features>
              <Contour>
                <Polygon>
                  <PolyBegin x="2.983613" y="1.41251" />
                  <PolyStepSegment x="2.984881" y="1.409449" />
                  <PolyStepSegment x="2.984881" y="1.358268" />
                  <PolyStepSegment x="2.983613" y="1.355206" />
                  <PolyStepSegment x="2.980551" y="1.353938" />
                  <PolyStepSegment x="2.905748" y="1.353938" />
                  <PolyStepSegment x="2.902686" y="1.355206" />
                  <PolyStepSegment x="2.901418" y="1.358268" />
                  <PolyStepSegment x="2.901418" y="1.409449" />
                  <PolyStepSegment x="2.902686" y="1.41251" />
                  <PolyStepSegment x="2.905748" y="1.413778" />
                  <PolyStepSegment x="2.980551" y="1.413778" />
                  <PolyStepSegment x="2.983613" y="1.41251" />
                </Polygon>
              </Contour>
            </Features>
          </Set>
        </LayerFeature>
        <LayerFeature layerRef="Top Layer">
          <Set>
            <ColorRef id="LAYER_COLOR_Top Layer" />
          </Set>
          <Set net="No Net">
            <Features>
              <UserSpecial>
                <Arc startX="2.970709" startY="1.358268" endX="2.970709" endY="1.358268" centerX="2.960866" centerY="1.358268" clockwise="false">
                  <LineDesc lineEnd="ROUND" lineWidth="0.019685" lineProperty="SOLID" />
                </Arc>
                <Arc startX="2.935276" startY="1.358268" endX="2.935276" endY="1.358268" centerX="2.925433" centerY="1.358268" clockwise="false">
                  <LineDesc lineEnd="ROUND" lineWidth="0.019685" lineProperty="SOLID" />
                </Arc>
                <Arc startX="2.970709" startY="1.641732" endX="2.970709" endY="1.641732" centerX="2.960866" centerY="1.641732" clockwise="false">
                  <LineDesc lineEnd="ROUND" lineWidth="0.019685" lineProperty="SOLID" />
                </Arc>
                <Arc startX="2.935276" startY="1.641732" endX="2.935276" endY="1.641732" centerX="2.925433" centerY="1.641732" clockwise="false">
                  <LineDesc lineEnd="ROUND" lineWidth="0.019685" lineProperty="SOLID" />
                </Arc>
              </UserSpecial>
            </Features>
            <Features>
              <Contour>
                <Polygon>
                  <PolyBegin x="2.960867" y="1.358268" />
                  <PolyStepSegment x="2.925433" y="1.358268" />
                  <PolyStepSegment x="2.925433" y="1.338583" />
                  <PolyStepSegment x="2.960867" y="1.338584" />
                  <PolyStepSegment x="2.960867" y="1.358268" />
                </Polygon>
              </Contour>
            </Features>
            <Features>
              <Contour>
                <Polygon>
                  <PolyBegin x="2.925432" y="1.641733" />
                  <PolyStepSegment x="2.960866" y="1.641733" />
                  <PolyStepSegment x="2.960866" y="1.661418" />
                  <PolyStepSegment x="2.925432" y="1.661417" />
                  <PolyStepSegment x="2.925432" y="1.641733" />
                </Polygon>
              </Contour>
            </Features>
            <Features>
              <Contour>
                <Polygon>
                  <PolyBegin x="2.905748" y="1.590551" />
                  <PolyStepSegment x="2.980551" y="1.590551" />
                  <PolyStepSegment x="2.980551" y="1.641732" />
                  <PolyStepSegment x="2.905748" y="1.641732" />
                  <PolyStepSegment x="2.905748" y="1.590551" />
                </Polygon>
              </Contour>
            </Features>
            <Features>
              <Contour>
                <Polygon>
                  <PolyBegin x="2.980551" y="1.409449" />
                  <PolyStepSegment x="2.905748" y="1.409449" />
                  <PolyStepSegment x="2.905748" y="1.358268" />
                  <PolyStepSegment x="2.980551" y="1.358268" />
                  <PolyStepSegment x="2.980551" y="1.409449" />
                </Polygon>
              </Contour>
            </Features>
          </Set>
          <Set net="NetC1_1">
            <Features>
              <UserSpecial>
                <Line startX="2.368543" startY="3.008543" endX="2.368543" endY="3.06">
                  <LineDesc lineEnd="ROUND" lineWidth="0.01" lineProperty="SOLID" />
                </Line>
                <Line startX="2.256138" startY="2.206417" endX="2.256138" endY="2.896138">
                  <LineDesc lineEnd="ROUND" lineWidth="0.01" lineProperty="SOLID" />
                </Line>
                <Line startX="2.256138" startY="2.896138" endX="2.368543" endY="3.008543">
                  <LineDesc lineEnd="ROUND" lineWidth="0.01" lineProperty="SOLID" />
                </Line>
                <Line startX="2.256138" startY="2.206417" endX="2.266417" endY="2.206417">
                  <LineDesc lineEnd="ROUND" lineWidth="0.01" lineProperty="SOLID" />
                </Line>
                <Line startX="2.26" startY="2.2" endX="2.266417" endY="2.206417">
                  <LineDesc lineEnd="ROUND" lineWidth="0.01" lineProperty="SOLID" />
                </Line>
                <Line startX="2.254142" startY="2.11" endX="2.26" endY="2.104142">
                  <LineDesc lineEnd="ROUND" lineWidth="0.01" lineProperty="SOLID" />
                </Line>
                <Line startX="2.266417" startY="2.206417" endX="2.315" endY="2.206417">
                  <LineDesc lineEnd="ROUND" lineWidth="0.01" lineProperty="SOLID" />
                </Line>
                <Line startX="2.183417" startY="2.11" endX="2.254142" endY="2.11">
                  <LineDesc lineEnd="ROUND" lineWidth="0.01" lineProperty="SOLID" />
                </Line>
                <Line startX="2.254142" startY="2.11" endX="2.26" endY="2.115858">
                  <LineDesc lineEnd="ROUND" lineWidth="0.01" lineProperty="SOLID" />
                </Line>
                <Line startX="2.26" startY="2.115858" endX="2.26" endY="2.2">
                  <LineDesc lineEnd="ROUND" lineWidth="0.01" lineProperty="SOLID" />
                </Line>
                <Line startX="2.177559" startY="2.104142" endX="2.183417" endY="2.11">
                  <LineDesc lineEnd="ROUND" lineWidth="0.01" lineProperty="SOLID" />
                </Line>
                <Line startX="2.368543" startY="3.06" endX="2.368543" endY="3.12">
                  <LineDesc lineEnd="ROUND" lineWidth="0.01" lineProperty="SOLID" />
                </Line>
                <Line startX="2.177559" startY="2.037402" endX="2.177559" endY="2.104142">
                  <LineDesc lineEnd="ROUND" lineWidth="0.01" lineProperty="SOLID" />
                </Line>
                <Line startX="2.177402" startY="2.037244" endX="2.177559" endY="2.037402">
                  <LineDesc lineEnd="ROUND" lineWidth="0.01" lineProperty="SOLID" />
                </Line>
                <Line startX="2.26" startY="1.52" endX="2.26" endY="2.104142">
                  <LineDesc lineEnd="ROUND" lineWidth="0.01" lineProperty="SOLID" />
                </Line>
                <Line startX="2.26" startY="1.52" endX="2.33" endY="1.45">
                  <LineDesc lineEnd="ROUND" lineWidth="0.01" lineProperty="SOLID" />
                </Line>
                <Line startX="2.33" startY="1.45" endX="2.47126" endY="1.45">
                  <LineDesc lineEnd="ROUND" lineWidth="0.01" lineProperty="SOLID" />
                </Line>
                <Line startX="2.47126" startY="1.45" endX="2.47626" endY="1.455">
                  <LineDesc lineEnd="ROUND" lineWidth="0.01" lineProperty="SOLID" />
                </Line>
                <Line startX="2.47626" startY="1.455" endX="2.47626" endY="1.67">
                  <LineDesc lineEnd="ROUND" lineWidth="0.01" lineProperty="SOLID" />
                </Line>
              </UserSpecial>
            </Features>
          </Set>
          <Set net="NetLED1_2">
            <Features>
              <UserSpecial>
                <Line startX="2.311457" startY="3.011457" endX="2.311457" endY="3.06">
                  <LineDesc lineEnd="ROUND" lineWidth="0.01" lineProperty="SOLID" />
                </Line>
                <Line startX="2.22" startY="2.92" endX="2.311457" endY="3.011457">
                  <LineDesc lineEnd="ROUND" lineWidth="0.01" lineProperty="SOLID" />
                </Line>
                <Line startX="2.311457" startY="3.06" endX="2.311457" endY="3.12">
                  <LineDesc lineEnd="ROUND" lineWidth="0.01" lineProperty="SOLID" />
                </Line>
                <Line startX="2.22" startY="2.228716" endX="2.22" endY="2.92">
                  <LineDesc lineEnd="ROUND" lineWidth="0.01" lineProperty="SOLID" />
                </Line>
                <Line startX="2.193331" startY="2.222858" endX="2.214142" endY="2.222858">
                  <LineDesc lineEnd="ROUND" lineWidth="0.01" lineProperty="SOLID" />
                </Line>
                <Line startX="2.18" startY="2.209528" endX="2.193331" endY="2.222858">
                  <LineDesc lineEnd="ROUND" lineWidth="0.01" lineProperty="SOLID" />
                </Line>
                <Line startX="2.214142" startY="2.222858" endX="2.22" endY="2.228716">
                  <LineDesc lineEnd="ROUND" lineWidth="0.01" lineProperty="SOLID" />
                </Line>
              </UserSpecial>
            </Features>
          </Set>
          <Set net="NetR4_2">
            <Features>
              <UserSpecial>
                <Line startX="2.09" startY="3.0825" endX="2.09" endY="3.16">
                  <LineDesc lineEnd="ROUND" lineWidth="0.01" lineProperty="SOLID" />
                </Line>
                <Line startX="2.16" startY="2.934527" endX="2.16" endY="3.0125">
                  <LineDesc lineEnd="ROUND" lineWidth="0.01" lineProperty="SOLID" />
                </Line>
                <Line startX="2.09" startY="3.0825" endX="2.16" endY="3.0125">
                  <LineDesc lineEnd="ROUND" lineWidth="0.01" lineProperty="SOLID" />
                </Line>
              </UserSpecial>
            </Features>
          </Set>
          <Set net="NetR3_2">
            <Features>
              <UserSpecial>
                <Line startX="2.02" startY="3.0825" endX="2.02" endY="3.16">
                  <LineDesc lineEnd="ROUND" lineWidth="0.01" lineProperty="SOLID" />
                </Line>
                <Line startX="1.96" startY="3.0225" endX="2.02" endY="3.0825">
                  <LineDesc lineEnd="ROUND" lineWidth="0.01" lineProperty="SOLID" />
                </Line>
                <Line startX="1.96" startY="2.947435" endX="1.96" endY="3.0225">
                  <LineDesc lineEnd="ROUND" lineWidth="0.01" lineProperty="SOLID" />
                </Line>
              </UserSpecial>
            </Features>
          </Set>
          <Set net="GND">
            <Features>
              <UserSpecial>
                <Line startX="2.315" startY="2.133583" endX="2.316791" endY="2.131791">
                  <LineDesc lineEnd="ROUND" lineWidth="0.015" lineProperty="SOLID" />
                </Line>
                <Line startX="2.508209" startY="2.131791" endX="2.51" endY="2.13">
                  <LineDesc lineEnd="ROUND" lineWidth="0.015" lineProperty="SOLID" />
                </Line>
                <Line startX="2.316791" startY="2.131791" endX="2.508209" endY="2.131791">
                  <LineDesc lineEnd="ROUND" lineWidth="0.015" lineProperty="SOLID" />
                </Line>
                <Line startX="2.06" startY="1.78" endX="2.133878" endY="1.853878">
                  <LineDesc lineEnd="ROUND" lineWidth="0.015" lineProperty="SOLID" />
                </Line>
                <Line startX="2.133878" startY="1.936634" endX="2.14" endY="1.942756">
                  <LineDesc lineEnd="ROUND" lineWidth="0.015" lineProperty="SOLID" />
                </Line>
                <Line startX="2.133878" startY="1.853878" endX="2.133878" endY="1.936634">
                  <LineDesc lineEnd="ROUND" lineWidth="0.015" lineProperty="SOLID" />
                </Line>
                <Line startX="2" startY="1.78" endX="2.06" endY="1.78">
                  <LineDesc lineEnd="ROUND" lineWidth="0.015" lineProperty="SOLID" />
                </Line>
                <Line startX="2.7" startY="1.55" endX="2.701181" endY="1.551181">
                  <LineDesc lineEnd="ROUND" lineWidth="0.015" lineProperty="SOLID" />
                </Line>
                <Line startX="2.701181" startY="1.551181" endX="2.83685" endY="1.551181">
                  <LineDesc lineEnd="ROUND" lineWidth="0.015" lineProperty="SOLID" />
                </Line>
                <Line startX="2.195" startY="1.54" endX="2.195" endY="1.633583">
                  <LineDesc lineEnd="ROUND" lineWidth="0.015" lineProperty="SOLID" />
                </Line>
                <Line startX="2.16" startY="2.7" endX="2.16" endY="2.865473">
                  <LineDesc lineEnd="ROUND" lineWidth="0.015" lineProperty="SOLID" />
                </Line>
                <Line startX="1.96" startY="2.7" endX="1.96" endY="2.872565">
                  <LineDesc lineEnd="ROUND" lineWidth="0.015" lineProperty="SOLID" />
                </Line>
              </UserSpecial>
            </Features>
            <Features>
              <Contour>
                <Polygon>
                  <PolyBegin x="2.89" y="2.76" />
                  <PolyStepSegment x="2.49" y="2.76" />
                  <PolyStepSegment x="2.49" y="2.44" />
                  <PolyStepSegment x="2.31" y="2.44" />
                  <PolyStepSegment x="2.31" y="2.564961" />
                  <PolyStepSegment x="2.364449" y="2.564961" />
                  <PolyStepSegment x="2.364449" y="2.639921" />
                  <PolyStepSegment x="2.364449" y="2.714882" />
                  <PolyStepSegment x="2.31" y="2.714882" />
                  <PolyStepSegment x="2.31" y="2.928371" />
                  <PolyStepSegment x="2.341629" y="2.96" />
                  <PolyStepSegment x="2.594196" y="2.96" />
                  <PolyStepSegment x="2.594291" y="2.955039" />
                  <PolyStepSegment x="2.594291" y="2.955" />
                  <PolyStepSegment x="2.594291" y="2.885079" />
                  <PolyStepSegment x="2.729291" y="2.885079" />
                  <PolyStepSegment x="2.864291" y="2.885079" />
                  <PolyStepSegment x="2.864291" y="2.955" />
                  <PolyStepSegment x="2.864291" y="2.955039" />
                  <PolyStepSegment x="2.864386" y="2.96" />
                  <PolyStepSegment x="2.89" y="2.96" />
                  <PolyStepSegment x="2.89" y="2.76" />
                </Polygon>
                <Cutout>
                  <PolyBegin x="2.535" y="2.934895" />
                  <PolyStepSegment x="2.535" y="2.905" />
                  <PolyStepSegment x="2.564895" y="2.905" />
                  <PolyStepSegment x="2.562615" y="2.91351" />
                  <PolyStepSegment x="2.558007" y="2.92149" />
                  <PolyStepSegment x="2.55149" y="2.928007" />
                  <PolyStepSegment x="2.54351" y="2.932615" />
                  <PolyStepSegment x="2.535" y="2.934895" />
                </Cutout>
                <Cutout>
                  <PolyBegin x="2.525" y="2.934895" />
                  <PolyStepSegment x="2.51649" y="2.932615" />
                  <PolyStepSegment x="2.50851" y="2.928007" />
                  <PolyStepSegment x="2.501993" y="2.92149" />
                  <PolyStepSegment x="2.497385" y="2.91351" />
                  <PolyStepSegment x="2.495105" y="2.905" />
                  <PolyStepSegment x="2.525" y="2.905" />
                  <PolyStepSegment x="2.525" y="2.934895" />
                </Cutout>
                <Cutout>
                  <PolyBegin x="2.455" y="2.934895" />
                  <PolyStepSegment x="2.455" y="2.905" />
                  <PolyStepSegment x="2.484895" y="2.905" />
                  <PolyStepSegment x="2.482615" y="2.91351" />
                  <PolyStepSegment x="2.478007" y="2.92149" />
                  <PolyStepSegment x="2.47149" y="2.928007" />
                  <PolyStepSegment x="2.46351" y="2.932615" />
                  <PolyStepSegment x="2.455" y="2.934895" />
                </Cutout>
                <Cutout>
                  <PolyBegin x="2.445" y="2.934895" />
                  <PolyStepSegment x="2.43649" y="2.932615" />
                  <PolyStepSegment x="2.42851" y="2.928007" />
                  <PolyStepSegment x="2.421993" y="2.92149" />
                  <PolyStepSegment x="2.417385" y="2.91351" />
                  <PolyStepSegment x="2.415105" y="2.905" />
                  <PolyStepSegment x="2.445" y="2.905" />
                  <PolyStepSegment x="2.445" y="2.934895" />
                </Cutout>
                <Cutout>
                  <PolyBegin x="2.375" y="2.934895" />
                  <PolyStepSegment x="2.375" y="2.905" />
                  <PolyStepSegment x="2.404895" y="2.905" />
                  <PolyStepSegment x="2.402615" y="2.91351" />
                  <PolyStepSegment x="2.398007" y="2.92149" />
                  <PolyStepSegment x="2.39149" y="2.928007" />
                  <PolyStepSegment x="2.38351" y="2.932615" />
                  <PolyStepSegment x="2.375" y="2.934895" />
                </Cutout>
                <Cutout>
                  <PolyBegin x="2.365" y="2.934895" />
                  <PolyStepSegment x="2.35649" y="2.932615" />
                  <PolyStepSegment x="2.34851" y="2.928007" />
                  <PolyStepSegment x="2.341993" y="2.92149" />
                  <PolyStepSegment x="2.337385" y="2.91351" />
                  <PolyStepSegment x="2.335105" y="2.905" />
                  <PolyStepSegment x="2.365" y="2.905" />
                  <PolyStepSegment x="2.365" y="2.934895" />
                </Cutout>
                <Cutout>
                  <PolyBegin x="2.564895" y="2.895" />
                  <PolyStepSegment x="2.535" y="2.895" />
                  <PolyStepSegment x="2.535" y="2.865105" />
                  <PolyStepSegment x="2.54351" y="2.867385" />
                  <PolyStepSegment x="2.55149" y="2.871993" />
                  <PolyStepSegment x="2.558007" y="2.87851" />
                  <PolyStepSegment x="2.562615" y="2.8864899999999998" />
                  <PolyStepSegment x="2.564895" y="2.895" />
                </Cutout>
                <Cutout>
                  <PolyBegin x="2.525" y="2.895" />
                  <PolyStepSegment x="2.495105" y="2.895" />
                  <PolyStepSegment x="2.497385" y="2.8864899999999998" />
                  <PolyStepSegment x="2.501993" y="2.87851" />
                  <PolyStepSegment x="2.50851" y="2.871993" />
                  <PolyStepSegment x="2.51649" y="2.867385" />
                  <PolyStepSegment x="2.525" y="2.865105" />
                  <PolyStepSegment x="2.525" y="2.895" />
                </Cutout>
                <Cutout>
                  <PolyBegin x="2.484895" y="2.895" />
                  <PolyStepSegment x="2.455" y="2.895" />
                  <PolyStepSegment x="2.455" y="2.865105" />
                  <PolyStepSegment x="2.46351" y="2.867385" />
                  <PolyStepSegment x="2.47149" y="2.871993" />
                  <PolyStepSegment x="2.478007" y="2.87851" />
                  <PolyStepSegment x="2.482615" y="2.8864899999999998" />
                  <PolyStepSegment x="2.484895" y="2.895" />
                </Cutout>
                <Cutout>
                  <PolyBegin x="2.445" y="2.895" />
                  <PolyStepSegment x="2.415105" y="2.895" />
                  <PolyStepSegment x="2.417385" y="2.8864899999999998" />
                  <PolyStepSegment x="2.421993" y="2.87851" />
                  <PolyStepSegment x="2.42851" y="2.871993" />
                  <PolyStepSegment x="2.43649" y="2.867385" />
                  <PolyStepSegment x="2.445" y="2.865105" />
                  <PolyStepSegment x="2.445" y="2.895" />
                </Cutout>
                <Cutout>
                  <PolyBegin x="2.404895" y="2.895" />
                  <PolyStepSegment x="2.375" y="2.895" />
                  <PolyStepSegment x="2.375" y="2.865105" />
                  <PolyStepSegment x="2.38351" y="2.867385" />
                  <PolyStepSegment x="2.39149" y="2.871993" />
                  <PolyStepSegment x="2.398007" y="2.87851" />
                  <PolyStepSegment x="2.402615" y="2.8864899999999998" />
                  <PolyStepSegment x="2.404895" y="2.895" />
                </Cutout>
                <Cutout>
                  <PolyBegin x="2.365" y="2.895" />
                  <PolyStepSegment x="2.335105" y="2.895" />
                  <PolyStepSegment x="2.337385" y="2.8864899999999998" />
                  <PolyStepSegment x="2.341993" y="2.87851" />
                  <PolyStepSegment x="2.34851" y="2.871993" />
                  <PolyStepSegment x="2.35649" y="2.867385" />
                  <PolyStepSegment x="2.365" y="2.865105" />
                  <PolyStepSegment x="2.365" y="2.895" />
                </Cutout>
                <Cutout>
                  <PolyBegin x="2.535" y="2.854895" />
                  <PolyStepSegment x="2.535" y="2.825" />
                  <PolyStepSegment x="2.564895" y="2.825" />
                  <PolyStepSegment x="2.562615" y="2.83351" />
                  <PolyStepSegment x="2.558007" y="2.84149" />
                  <PolyStepSegment x="2.55149" y="2.848007" />
                  <PolyStepSegment x="2.54351" y="2.852615" />
                  <PolyStepSegment x="2.535" y="2.854895" />
                </Cutout>
                <Cutout>
                  <PolyBegin x="2.525" y="2.854895" />
                  <PolyStepSegment x="2.51649" y="2.852615" />
                  <PolyStepSegment x="2.50851" y="2.848007" />
                  <PolyStepSegment x="2.501993" y="2.84149" />
                  <PolyStepSegment x="2.497385" y="2.83351" />
                  <PolyStepSegment x="2.495105" y="2.825" />
                  <PolyStepSegment x="2.525" y="2.825" />
                  <PolyStepSegment x="2.525" y="2.854895" />
                </Cutout>
                <Cutout>
                  <PolyBegin x="2.455" y="2.854895" />
                  <PolyStepSegment x="2.455" y="2.825" />
                  <PolyStepSegment x="2.484895" y="2.825" />
                  <PolyStepSegment x="2.482615" y="2.83351" />
                  <PolyStepSegment x="2.478007" y="2.84149" />
                  <PolyStepSegment x="2.47149" y="2.848007" />
                  <PolyStepSegment x="2.46351" y="2.852615" />
                  <PolyStepSegment x="2.455" y="2.854895" />
                </Cutout>
                <Cutout>
                  <PolyBegin x="2.445" y="2.854895" />
                  <PolyStepSegment x="2.43649" y="2.852615" />
                  <PolyStepSegment x="2.42851" y="2.848007" />
                  <PolyStepSegment x="2.421993" y="2.84149" />
                  <PolyStepSegment x="2.417385" y="2.83351" />
                  <PolyStepSegment x="2.415105" y="2.825" />
                  <PolyStepSegment x="2.445" y="2.825" />
                  <PolyStepSegment x="2.445" y="2.854895" />
                </Cutout>
                <Cutout>
                  <PolyBegin x="2.375" y="2.854895" />
                  <PolyStepSegment x="2.375" y="2.825" />
                  <PolyStepSegment x="2.404895" y="2.825" />
                  <PolyStepSegment x="2.402615" y="2.83351" />
                  <PolyStepSegment x="2.398007" y="2.84149" />
                  <PolyStepSegment x="2.39149" y="2.848007" />
                  <PolyStepSegment x="2.38351" y="2.852615" />
                  <PolyStepSegment x="2.375" y="2.854895" />
                </Cutout>
                <Cutout>
                  <PolyBegin x="2.365" y="2.854895" />
                  <PolyStepSegment x="2.35649" y="2.852615" />
                  <PolyStepSegment x="2.34851" y="2.848007" />
                  <PolyStepSegment x="2.341993" y="2.84149" />
                  <PolyStepSegment x="2.337385" y="2.83351" />
                  <PolyStepSegment x="2.335105" y="2.825" />
                  <PolyStepSegment x="2.365" y="2.825" />
                  <PolyStepSegment x="2.365" y="2.854895" />
                </Cutout>
                <Cutout>
                  <PolyBegin x="2.864291" y="2.875079" />
                  <PolyStepSegment x="2.734291" y="2.875079" />
                  <PolyStepSegment x="2.734291" y="2.8051179999999998" />
                  <PolyStepSegment x="2.864291" y="2.8051179999999998" />
                  <PolyStepSegment x="2.864291" y="2.875079" />
                </Cutout>
                <Cutout>
                  <PolyBegin x="2.724291" y="2.875079" />
                  <PolyStepSegment x="2.594291" y="2.875079" />
                  <PolyStepSegment x="2.594291" y="2.8051179999999998" />
                  <PolyStepSegment x="2.724291" y="2.8051179999999998" />
                  <PolyStepSegment x="2.724291" y="2.875079" />
                </Cutout>
                <Cutout>
                  <PolyBegin x="2.564895" y="2.815" />
                  <PolyStepSegment x="2.535" y="2.815" />
                  <PolyStepSegment x="2.535" y="2.785105" />
                  <PolyStepSegment x="2.54351" y="2.787385" />
                  <PolyStepSegment x="2.55149" y="2.791993" />
                  <PolyStepSegment x="2.558007" y="2.79851" />
                  <PolyStepSegment x="2.562615" y="2.80649" />
                  <PolyStepSegment x="2.564895" y="2.815" />
                </Cutout>
                <Cutout>
                  <PolyBegin x="2.525" y="2.815" />
                  <PolyStepSegment x="2.495105" y="2.815" />
                  <PolyStepSegment x="2.497385" y="2.80649" />
                  <PolyStepSegment x="2.501993" y="2.79851" />
                  <PolyStepSegment x="2.50851" y="2.791993" />
                  <PolyStepSegment x="2.51649" y="2.787385" />
                  <PolyStepSegment x="2.525" y="2.785105" />
                  <PolyStepSegment x="2.525" y="2.815" />
                </Cutout>
                <Cutout>
                  <PolyBegin x="2.484895" y="2.815" />
                  <PolyStepSegment x="2.455" y="2.815" />
                  <PolyStepSegment x="2.455" y="2.785105" />
                  <PolyStepSegment x="2.46351" y="2.787385" />
                  <PolyStepSegment x="2.47149" y="2.791993" />
                  <PolyStepSegment x="2.478007" y="2.79851" />
                  <PolyStepSegment x="2.482615" y="2.80649" />
                  <PolyStepSegment x="2.484895" y="2.815" />
                </Cutout>
                <Cutout>
                  <PolyBegin x="2.445" y="2.815" />
                  <PolyStepSegment x="2.415105" y="2.815" />
                  <PolyStepSegment x="2.417385" y="2.80649" />
                  <PolyStepSegment x="2.421993" y="2.79851" />
                  <PolyStepSegment x="2.42851" y="2.791993" />
                  <PolyStepSegment x="2.43649" y="2.787385" />
                  <PolyStepSegment x="2.445" y="2.785105" />
                  <PolyStepSegment x="2.445" y="2.815" />
                </Cutout>
                <Cutout>
                  <PolyBegin x="2.404895" y="2.815" />
                  <PolyStepSegment x="2.375" y="2.815" />
                  <PolyStepSegment x="2.375" y="2.785105" />
                  <PolyStepSegment x="2.38351" y="2.787385" />
                  <PolyStepSegment x="2.39149" y="2.791993" />
                  <PolyStepSegment x="2.398007" y="2.79851" />
                  <PolyStepSegment x="2.402615" y="2.80649" />
                  <PolyStepSegment x="2.404895" y="2.815" />
                </Cutout>
                <Cutout>
                  <PolyBegin x="2.365" y="2.815" />
                  <PolyStepSegment x="2.335105" y="2.815" />
                  <PolyStepSegment x="2.337385" y="2.80649" />
                  <PolyStepSegment x="2.341993" y="2.79851" />
                  <PolyStepSegment x="2.34851" y="2.791993" />
                  <PolyStepSegment x="2.35649" y="2.787385" />
                  <PolyStepSegment x="2.365" y="2.785105" />
                  <PolyStepSegment x="2.365" y="2.815" />
                </Cutout>
                <Cutout>
                  <PolyBegin x="2.45937" y="2.714882" />
                  <PolyStepSegment x="2.374449" y="2.714882" />
                  <PolyStepSegment x="2.374449" y="2.644921" />
                  <PolyStepSegment x="2.45937" y="2.644921" />
                  <PolyStepSegment x="2.45937" y="2.714882" />
                </Cutout>
                <Cutout>
                  <PolyBegin x="2.45937" y="2.634921" />
                  <PolyStepSegment x="2.374449" y="2.634921" />
                  <PolyStepSegment x="2.374449" y="2.564961" />
                  <PolyStepSegment x="2.45937" y="2.564961" />
                  <PolyStepSegment x="2.45937" y="2.634921" />
                </Cutout>
              </Contour>
            </Features>
          </Set>
          <Set net="NetD2_2">
            <Features>
              <UserSpecial>
                <Line startX="2.63374" startY="1.67" endX="2.63374" endY="2.04374">
                  <LineDesc lineEnd="ROUND" lineWidth="0.05" lineProperty="SOLID" />
                </Line>
                <Line startX="2.63374" startY="2.04374" endX="2.729291" endY="2.139291">
                  <LineDesc lineEnd="ROUND" lineWidth="0.05" lineProperty="SOLID" />
                </Line>
                <Line startX="2.729291" startY="2.139291" endX="2.729291" endY="2.35685">
                  <LineDesc lineEnd="ROUND" lineWidth="0.05" lineProperty="SOLID" />
                </Line>
              </UserSpecial>
            </Features>
          </Set>
          <Set net="NetC2_1">
            <Features>
              <UserSpecial>
                <Line startX="1.97" startY="1.38" endX="2.050711" endY="1.38">
                  <LineDesc lineEnd="ROUND" lineWidth="0.05" lineProperty="SOLID" />
                </Line>
                <Line startX="1.75" startY="1.38" endX="1.97" endY="1.38">
                  <LineDesc lineEnd="ROUND" lineWidth="0.05" lineProperty="SOLID" />
                </Line>
                <Line startX="2.08" startY="1.63" endX="2.17" endY="1.72">
                  <LineDesc lineEnd="ROUND" lineWidth="0.05" lineProperty="SOLID" />
                </Line>
                <Line startX="2.050711" startY="1.38" endX="2.08" endY="1.409289">
                  <LineDesc lineEnd="ROUND" lineWidth="0.05" lineProperty="SOLID" />
                </Line>
                <Line startX="2.08" startY="1.409289" endX="2.08" endY="1.63">
                  <LineDesc lineEnd="ROUND" lineWidth="0.05" lineProperty="SOLID" />
                </Line>
                <Line startX="2.195" startY="1.733333" endX="2.195" endY="1.94">
                  <LineDesc lineEnd="ROUND" lineWidth="0.05" lineProperty="SOLID" />
                </Line>
                <Line startX="2.17" startY="1.72" endX="2.181667" endY="1.72">
                  <LineDesc lineEnd="ROUND" lineWidth="0.05" lineProperty="SOLID" />
                </Line>
                <Line startX="2.195" startY="1.706417" endX="2.195" endY="1.72">
                  <LineDesc lineEnd="ROUND" lineWidth="0.05" lineProperty="SOLID" />
                </Line>
                <Line startX="2.181667" startY="1.72" endX="2.195" endY="1.733333">
                  <LineDesc lineEnd="ROUND" lineWidth="0.05" lineProperty="SOLID" />
                </Line>
                <Line startX="1.55" startY="1.44" endX="1.69" endY="1.44">
                  <LineDesc lineEnd="ROUND" lineWidth="0.05" lineProperty="SOLID" />
                </Line>
                <Line startX="1.54" startY="1.45" endX="1.55" endY="1.44">
                  <LineDesc lineEnd="ROUND" lineWidth="0.05" lineProperty="SOLID" />
                </Line>
                <Line startX="1.69" startY="1.44" endX="1.75" endY="1.38">
                  <LineDesc lineEnd="ROUND" lineWidth="0.05" lineProperty="SOLID" />
                </Line>
                <Line startX="1.369289" startY="1.45" endX="1.54" endY="1.45">
                  <LineDesc lineEnd="ROUND" lineWidth="0.05" lineProperty="SOLID" />
                </Line>
                <Line startX="1.369289" startY="2.47" endX="1.54" endY="2.47">
                  <LineDesc lineEnd="ROUND" lineWidth="0.05" lineProperty="SOLID" />
                </Line>
                <Line startX="1.34" startY="1.479289" endX="1.34" endY="2.440711">
                  <LineDesc lineEnd="ROUND" lineWidth="0.05" lineProperty="SOLID" />
                </Line>
                <Line startX="1.34" startY="1.479289" endX="1.369289" endY="1.45">
                  <LineDesc lineEnd="ROUND" lineWidth="0.05" lineProperty="SOLID" />
                </Line>
                <Line startX="1.34" startY="2.440711" endX="1.369289" endY="2.47">
                  <LineDesc lineEnd="ROUND" lineWidth="0.05" lineProperty="SOLID" />
                </Line>
                <Line startX="1.74" startY="2.39" endX="1.97" endY="2.39">
                  <LineDesc lineEnd="ROUND" lineWidth="0.05" lineProperty="SOLID" />
                </Line>
                <Line startX="1.54" startY="2.47" endX="1.544691" endY="2.474691">
                  <LineDesc lineEnd="ROUND" lineWidth="0.04" lineProperty="SOLID" />
                </Line>
                <Line startX="1.655309" startY="2.474691" endX="1.74" endY="2.39">
                  <LineDesc lineEnd="ROUND" lineWidth="0.05" lineProperty="SOLID" />
                </Line>
                <Line startX="1.544691" startY="2.474691" endX="1.655309" endY="2.474691">
                  <LineDesc lineEnd="ROUND" lineWidth="0.05" lineProperty="SOLID" />
                </Line>
              </UserSpecial>
            </Features>
          </Set>
          <Set net="NetR2_2">
            <Features>
              <UserSpecial>
                <Line startX="2.102598" startY="2.037244" endX="2.102598" endY="2.177402">
                  <LineDesc lineEnd="ROUND" lineWidth="0.01" lineProperty="SOLID" />
                </Line>
                <Line startX="2.1" startY="2.18" endX="2.102598" endY="2.177402">
                  <LineDesc lineEnd="ROUND" lineWidth="0.01" lineProperty="SOLID" />
                </Line>
                <Line startX="1.62685" startY="2.18" endX="2.1" endY="2.18">
                  <LineDesc lineEnd="ROUND" lineWidth="0.01" lineProperty="SOLID" />
                </Line>
                <Line startX="2.102598" startY="2.177402" endX="2.102598" endY="2.297402">
                  <LineDesc lineEnd="ROUND" lineWidth="0.01" lineProperty="SOLID" />
                </Line>
                <Line startX="2.0575" startY="2.3425" endX="2.102598" endY="2.297402">
                  <LineDesc lineEnd="ROUND" lineWidth="0.01" lineProperty="SOLID" />
                </Line>
                <Line startX="2.0575" startY="2.3425" endX="2.0575" endY="3.1525">
                  <LineDesc lineEnd="ROUND" lineWidth="0.01" lineProperty="SOLID" />
                </Line>
                <Line startX="2.05" startY="3.16" endX="2.0575" endY="3.1525">
                  <LineDesc lineEnd="ROUND" lineWidth="0.01" lineProperty="SOLID" />
                </Line>
              </UserSpecial>
            </Features>
          </Set>
          <Set net="NetR1_2">
            <Features>
              <UserSpecial>
                <Line startX="2.119957" startY="1.994019" endX="2.139191" endY="2.013253">
                  <LineDesc lineEnd="ROUND" lineWidth="0.01" lineProperty="SOLID" />
                </Line>
                <Line startX="2.139191" startY="2.013253" endX="2.139191" endY="2.116553">
                  <LineDesc lineEnd="ROUND" lineWidth="0.01" lineProperty="SOLID" />
                </Line>
                <Line startX="2.139191" startY="2.116553" endX="2.17311" endY="2.150472">
                  <LineDesc lineEnd="ROUND" lineWidth="0.01" lineProperty="SOLID" />
                </Line>
                <Line startX="2.102598" startY="1.942756" endX="2.102598" endY="1.982598">
                  <LineDesc lineEnd="ROUND" lineWidth="0.01" lineProperty="SOLID" />
                </Line>
                <Line startX="2.102598" startY="1.982598" endX="2.114019" endY="1.994019">
                  <LineDesc lineEnd="ROUND" lineWidth="0.01" lineProperty="SOLID" />
                </Line>
                <Line startX="2.114019" startY="1.994019" endX="2.119957" endY="1.994019">
                  <LineDesc lineEnd="ROUND" lineWidth="0.01" lineProperty="SOLID" />
                </Line>
                <Line startX="2.17311" startY="2.150472" endX="2.18" endY="2.150472">
                  <LineDesc lineEnd="ROUND" lineWidth="0.01" lineProperty="SOLID" />
                </Line>
              </UserSpecial>
            </Features>
          </Set>
          <Set net="NetD1_2">
            <Features>
              <UserSpecial>
                <Line startX="2.629921" startY="1.448819" endX="2.83685" endY="1.448819">
                  <LineDesc lineEnd="ROUND" lineWidth="0.01" lineProperty="SOLID" />
                </Line>
                <Line startX="2.62874" startY="1.45" endX="2.629921" endY="1.448819">
                  <LineDesc lineEnd="ROUND" lineWidth="0.01" lineProperty="SOLID" />
                </Line>
              </UserSpecial>
            </Features>
          </Set>
          <Set>
            <SlotCavity name="J2-11 Hole" platingStatus="PLATED" plusTol="0" minusTol="0">
              <Outline>
                <Polygon>
                  <PolyBegin x="2.956929" y="1.625753" />
                  <PolyStepSegment x="2.961538" y="1.62667" />
                  <PolyStepSegment x="2.965444" y="1.62928" />
                  <PolyStepSegment x="2.968055" y="1.633187" />
                  <PolyStepSegment x="2.968972" y="1.637795" />
                  <PolyStepSegment x="2.968055" y="1.642404" />
                  <PolyStepSegment x="2.965444" y="1.646311" />
                  <PolyStepSegment x="2.961538" y="1.648921" />
                  <PolyStepSegment x="2.956929" y="1.649838" />
                  <PolyStepSegment x="2.92937" y="1.649838" />
                  <PolyStepSegment x="2.924762" y="1.648921" />
                  <PolyStepSegment x="2.920855" y="1.646311" />
                  <PolyStepSegment x="2.918244" y="1.642404" />
                  <PolyStepSegment x="2.917328" y="1.637795" />
                  <PolyStepSegment x="2.918244" y="1.633187" />
                  <PolyStepSegment x="2.920855" y="1.62928" />
                  <PolyStepSegment x="2.924762" y="1.62667" />
                  <PolyStepSegment x="2.92937" y="1.625753" />
                  <PolyStepSegment x="2.956929" y="1.625753" />
                </Polygon>
                <LineDesc lineEnd="NONE" lineWidth="0" lineProperty="SOLID" />
              </Outline>
            </SlotCavity>
          </Set>
          <Set>
            <SlotCavity name="J2-8 Hole" platingStatus="PLATED" plusTol="0" minusTol="0">
              <Outline>
                <Polygon>
                  <PolyBegin x="2.956929" y="1.350162" />
                  <PolyStepSegment x="2.961538" y="1.351079" />
                  <PolyStepSegment x="2.965444" y="1.35369" />
                  <PolyStepSegment x="2.968055" y="1.357596" />
                  <PolyStepSegment x="2.968972" y="1.362205" />
                  <PolyStepSegment x="2.968055" y="1.366813" />
                  <PolyStepSegment x="2.965444" y="1.37072" />
                  <PolyStepSegment x="2.961538" y="1.37333" />
                  <PolyStepSegment x="2.956929" y="1.374247" />
                  <PolyStepSegment x="2.92937" y="1.374247" />
                  <PolyStepSegment x="2.924762" y="1.37333" />
                  <PolyStepSegment x="2.920855" y="1.37072" />
                  <PolyStepSegment x="2.918244" y="1.366813" />
                  <PolyStepSegment x="2.917328" y="1.362205" />
                  <PolyStepSegment x="2.918244" y="1.357596" />
                  <PolyStepSegment x="2.920855" y="1.35369" />
                  <PolyStepSegment x="2.924762" y="1.351079" />
                  <PolyStepSegment x="2.92937" y="1.350162" />
                  <PolyStepSegment x="2.956929" y="1.350162" />
                </Polygon>
                <LineDesc lineEnd="NONE" lineWidth="0" lineProperty="SOLID" />
              </Outline>
            </SlotCavity>
          </Set>
        </LayerFeature>
        <LayerFeature layerRef="Dielectric 1">
          <Set>
            <ColorRef id="LAYER_COLOR_Dielectric 1" />
          </Set>
          <Set>
            <SlotCavity name="J2-11 Hole" platingStatus="PLATED" plusTol="0" minusTol="0">
              <Outline>
                <Polygon>
                  <PolyBegin x="2.956929" y="1.625753" />
                  <PolyStepSegment x="2.961538" y="1.62667" />
                  <PolyStepSegment x="2.965444" y="1.62928" />
                  <PolyStepSegment x="2.968055" y="1.633187" />
                  <PolyStepSegment x="2.968972" y="1.637795" />
                  <PolyStepSegment x="2.968055" y="1.642404" />
                  <PolyStepSegment x="2.965444" y="1.646311" />
                  <PolyStepSegment x="2.961538" y="1.648921" />
                  <PolyStepSegment x="2.956929" y="1.649838" />
                  <PolyStepSegment x="2.92937" y="1.649838" />
                  <PolyStepSegment x="2.924762" y="1.648921" />
                  <PolyStepSegment x="2.920855" y="1.646311" />
                  <PolyStepSegment x="2.918244" y="1.642404" />
                  <PolyStepSegment x="2.917328" y="1.637795" />
                  <PolyStepSegment x="2.918244" y="1.633187" />
                  <PolyStepSegment x="2.920855" y="1.62928" />
                  <PolyStepSegment x="2.924762" y="1.62667" />
                  <PolyStepSegment x="2.92937" y="1.625753" />
                  <PolyStepSegment x="2.956929" y="1.625753" />
                </Polygon>
                <LineDesc lineEnd="NONE" lineWidth="0" lineProperty="SOLID" />
              </Outline>
            </SlotCavity>
          </Set>
          <Set>
            <SlotCavity name="J2-8 Hole" platingStatus="PLATED" plusTol="0" minusTol="0">
              <Outline>
                <Polygon>
                  <PolyBegin x="2.956929" y="1.350162" />
                  <PolyStepSegment x="2.961538" y="1.351079" />
                  <PolyStepSegment x="2.965444" y="1.35369" />
                  <PolyStepSegment x="2.968055" y="1.357596" />
                  <PolyStepSegment x="2.968972" y="1.362205" />
                  <PolyStepSegment x="2.968055" y="1.366813" />
                  <PolyStepSegment x="2.965444" y="1.37072" />
                  <PolyStepSegment x="2.961538" y="1.37333" />
                  <PolyStepSegment x="2.956929" y="1.374247" />
                  <PolyStepSegment x="2.92937" y="1.374247" />
                  <PolyStepSegment x="2.924762" y="1.37333" />
                  <PolyStepSegment x="2.920855" y="1.37072" />
                  <PolyStepSegment x="2.918244" y="1.366813" />
                  <PolyStepSegment x="2.917328" y="1.362205" />
                  <PolyStepSegment x="2.918244" y="1.357596" />
                  <PolyStepSegment x="2.920855" y="1.35369" />
                  <PolyStepSegment x="2.924762" y="1.351079" />
                  <PolyStepSegment x="2.92937" y="1.350162" />
                  <PolyStepSegment x="2.956929" y="1.350162" />
                </Polygon>
                <LineDesc lineEnd="NONE" lineWidth="0" lineProperty="SOLID" />
              </Outline>
            </SlotCavity>
          </Set>
        </LayerFeature>
        <LayerFeature layerRef="Bottom Layer">
          <Set>
            <ColorRef id="LAYER_COLOR_Bottom Layer" />
          </Set>
          <Set net="No Net">
            <Features>
              <UserSpecial>
                <Line startX="2.7" startY="1.149987" endX="2.7" endY="1.123329">
                  <LineDesc lineEnd="ROUND" lineWidth="0.01" lineProperty="SOLID" />
                </Line>
                <Line startX="2.7" startY="1.123329" endX="2.686671" endY="1.11">
                  <LineDesc lineEnd="ROUND" lineWidth="0.01" lineProperty="SOLID" />
                </Line>
                <Line startX="2.686671" startY="1.11" endX="2.673342" endY="1.123329">
                  <LineDesc lineEnd="ROUND" lineWidth="0.01" lineProperty="SOLID" />
                </Line>
                <Line startX="2.673342" startY="1.123329" endX="2.673342" endY="1.149987">
                  <LineDesc lineEnd="ROUND" lineWidth="0.01" lineProperty="SOLID" />
                </Line>
                <Line startX="2.633355" startY="1.11" endX="2.660013" endY="1.11">
                  <LineDesc lineEnd="ROUND" lineWidth="0.01" lineProperty="SOLID" />
                </Line>
                <Line startX="2.660013" startY="1.11" endX="2.633355" endY="1.136658">
                  <LineDesc lineEnd="ROUND" lineWidth="0.01" lineProperty="SOLID" />
                </Line>
                <Line startX="2.633355" startY="1.136658" endX="2.633355" endY="1.143323">
                  <LineDesc lineEnd="ROUND" lineWidth="0.01" lineProperty="SOLID" />
                </Line>
                <Line startX="2.633355" startY="1.143323" endX="2.640019" endY="1.149987">
                  <LineDesc lineEnd="ROUND" lineWidth="0.01" lineProperty="SOLID" />
                </Line>
                <Line startX="2.640019" startY="1.149987" endX="2.653348" endY="1.149987">
                  <LineDesc lineEnd="ROUND" lineWidth="0.01" lineProperty="SOLID" />
                </Line>
                <Line startX="2.653348" startY="1.149987" endX="2.660013" endY="1.143323">
                  <LineDesc lineEnd="ROUND" lineWidth="0.01" lineProperty="SOLID" />
                </Line>
                <Line startX="2.620026" startY="1.11" endX="2.606697" endY="1.11">
                  <LineDesc lineEnd="ROUND" lineWidth="0.01" lineProperty="SOLID" />
                </Line>
                <Line startX="2.606697" startY="1.11" endX="2.613361" endY="1.11">
                  <LineDesc lineEnd="ROUND" lineWidth="0.01" lineProperty="SOLID" />
                </Line>
                <Line startX="2.613361" startY="1.11" endX="2.613361" endY="1.149987">
                  <LineDesc lineEnd="ROUND" lineWidth="0.01" lineProperty="SOLID" />
                </Line>
                <Line startX="2.613361" startY="1.149987" endX="2.613361" endY="1.149987">
                  <LineDesc lineEnd="ROUND" lineWidth="0.01" lineProperty="SOLID" />
                </Line>
                <Line startX="2.613361" startY="1.149987" endX="2.620026" endY="1.143323">
                  <LineDesc lineEnd="ROUND" lineWidth="0.01" lineProperty="SOLID" />
                </Line>
              </UserSpecial>
            </Features>
          </Set>
          <Set net="GND">
            <Features>
              <Contour>
                <Polygon>
                  <PolyBegin x="2.848002" y="3.235" />
                  <PolyStepSegment x="2.844244" y="3.229375" />
                  <PolyStepSegment x="2.839495" y="3.217911" />
                  <PolyStepSegment x="2.837075" y="3.205741" />
                  <PolyStepSegment x="2.837075" y="3.193333" />
                  <PolyStepSegment x="2.839495" y="3.181163" />
                  <PolyStepSegment x="2.844244" y="3.169699" />
                  <PolyStepSegment x="2.851138" y="3.159382" />
                  <PolyStepSegment x="2.859912" y="3.150608" />
                  <PolyStepSegment x="2.870229" y="3.143714" />
                  <PolyStepSegment x="2.881693" y="3.138966" />
                  <PolyStepSegment x="2.893863" y="3.136545" />
                  <PolyStepSegment x="2.906271" y="3.136545" />
                  <PolyStepSegment x="2.910591" y="3.137404" />
                  <PolyStepSegment x="2.914448" y="3.134223" />
                  <PolyStepSegment x="2.912145" y="2.629765" />
                  <PolyStepSegment x="2.907139" y="2.628436" />
                  <PolyStepSegment x="2.905361" y="2.631515" />
                  <PolyStepSegment x="2.898838" y="2.638038" />
                  <PolyStepSegment x="2.890848" y="2.642652" />
                  <PolyStepSegment x="2.881936" y="2.645039" />
                  <PolyStepSegment x="2.87271" y="2.645039" />
                  <PolyStepSegment x="2.863798" y="2.642652" />
                  <PolyStepSegment x="2.855808" y="2.638038" />
                  <PolyStepSegment x="2.849284" y="2.631515" />
                  <PolyStepSegment x="2.844671" y="2.623525" />
                  <PolyStepSegment x="2.842284" y="2.614613" />
                  <PolyStepSegment x="2.842284" y="2.605387" />
                  <PolyStepSegment x="2.844671" y="2.596475" />
                  <PolyStepSegment x="2.849284" y="2.588485" />
                  <PolyStepSegment x="2.855808" y="2.581962" />
                  <PolyStepSegment x="2.863798" y="2.577348" />
                  <PolyStepSegment x="2.87271" y="2.574961" />
                  <PolyStepSegment x="2.881936" y="2.574961" />
                  <PolyStepSegment x="2.890848" y="2.577348" />
                  <PolyStepSegment x="2.898838" y="2.581962" />
                  <PolyStepSegment x="2.905361" y="2.588485" />
                  <PolyStepSegment x="2.906969" y="2.59127" />
                  <PolyStepSegment x="2.911963" y="2.58992" />
                  <PolyStepSegment x="2.905445" y="1.162529" />
                  <PolyStepSegment x="2.893863" y="1.162529" />
                  <PolyStepSegment x="2.881693" y="1.160108" />
                  <PolyStepSegment x="2.870229" y="1.15536" />
                  <PolyStepSegment x="2.859912" y="1.148466" />
                  <PolyStepSegment x="2.851138" y="1.139692" />
                  <PolyStepSegment x="2.844244" y="1.129375" />
                  <PolyStepSegment x="2.839495" y="1.117911" />
                  <PolyStepSegment x="2.837075" y="1.105741" />
                  <PolyStepSegment x="2.837075" y="1.1" />
                  <PolyStepSegment x="2.72" y="1.1" />
                  <PolyStepSegment x="2.72" y="1.18" />
                  <PolyStepSegment x="2.58" y="1.18" />
                  <PolyStepSegment x="2.58" y="1.1" />
                  <PolyStepSegment x="1.163059" y="1.1" />
                  <PolyStepSegment x="1.163059" y="1.105741" />
                  <PolyStepSegment x="1.160638" y="1.117911" />
                  <PolyStepSegment x="1.15589" y="1.129375" />
                  <PolyStepSegment x="1.148996" y="1.139692" />
                  <PolyStepSegment x="1.140222" y="1.148466" />
                  <PolyStepSegment x="1.129905" y="1.15536" />
                  <PolyStepSegment x="1.118441" y="1.160108" />
                  <PolyStepSegment x="1.106271" y="1.162529" />
                  <PolyStepSegment x="1.093863" y="1.162529" />
                  <PolyStepSegment x="1.081693" y="1.160108" />
                  <PolyStepSegment x="1.070229" y="1.15536" />
                  <PolyStepSegment x="1.059912" y="1.148466" />
                  <PolyStepSegment x="1.055" y="1.143555" />
                  <PolyStepSegment x="1.05" y="1.145626" />
                  <PolyStepSegment x="1.05" y="3.155245" />
                  <PolyStepSegment x="1.05441" y="3.157602" />
                  <PolyStepSegment x="1.060229" y="3.153714" />
                  <PolyStepSegment x="1.071693" y="3.148966" />
                  <PolyStepSegment x="1.083863" y="3.146545" />
                  <PolyStepSegment x="1.096271" y="3.146545" />
                  <PolyStepSegment x="1.108441" y="3.148966" />
                  <PolyStepSegment x="1.119905" y="3.153714" />
                  <PolyStepSegment x="1.130222" y="3.160608" />
                  <PolyStepSegment x="1.138996" y="3.169382" />
                  <PolyStepSegment x="1.14589" y="3.179699" />
                  <PolyStepSegment x="1.150638" y="3.191163" />
                  <PolyStepSegment x="1.153059" y="3.203333" />
                  <PolyStepSegment x="1.153059" y="3.215741" />
                  <PolyStepSegment x="1.150638" y="3.227911" />
                  <PolyStepSegment x="1.147702" y="3.235" />
                  <PolyStepSegment x="1.151043" y="3.24" />
                  <PolyStepSegment x="2.84533" y="3.24" />
                  <PolyStepSegment x="2.848002" y="3.235" />
                </Polygon>
                <Cutout>
                  <PolyBegin x="1.54874" y="3.05874" />
                  <PolyStepSegment x="1.545" y="3.05874" />
                  <PolyStepSegment x="1.545" y="2.975" />
                  <PolyStepSegment x="1.62874" y="2.975" />
                  <PolyStepSegment x="1.62874" y="2.97874" />
                  <PolyStepSegment x="1.62533" y="2.995884" />
                  <PolyStepSegment x="1.61864" y="3.012034" />
                  <PolyStepSegment x="1.608929" y="3.026568" />
                  <PolyStepSegment x="1.596568" y="3.038929" />
                  <PolyStepSegment x="1.582034" y="3.04864" />
                  <PolyStepSegment x="1.565884" y="3.05533" />
                  <PolyStepSegment x="1.54874" y="3.05874" />
                </Cutout>
                <Cutout>
                  <PolyBegin x="1.535" y="3.05874" />
                  <PolyStepSegment x="1.53126" y="3.05874" />
                  <PolyStepSegment x="1.514116" y="3.05533" />
                  <PolyStepSegment x="1.497966" y="3.04864" />
                  <PolyStepSegment x="1.483432" y="3.038929" />
                  <PolyStepSegment x="1.471071" y="3.026568" />
                  <PolyStepSegment x="1.46136" y="3.012034" />
                  <PolyStepSegment x="1.45467" y="2.995884" />
                  <PolyStepSegment x="1.45126" y="2.97874" />
                  <PolyStepSegment x="1.45126" y="2.975" />
                  <PolyStepSegment x="1.535" y="2.975" />
                  <PolyStepSegment x="1.535" y="3.05874" />
                </Cutout>
                <Cutout>
                  <PolyBegin x="2.535" y="2.934895" />
                  <PolyStepSegment x="2.535" y="2.905" />
                  <PolyStepSegment x="2.564895" y="2.905" />
                  <PolyStepSegment x="2.562615" y="2.91351" />
                  <PolyStepSegment x="2.558007" y="2.92149" />
                  <PolyStepSegment x="2.55149" y="2.928007" />
                  <PolyStepSegment x="2.54351" y="2.932615" />
                  <PolyStepSegment x="2.535" y="2.934895" />
                </Cutout>
                <Cutout>
                  <PolyBegin x="2.525" y="2.934895" />
                  <PolyStepSegment x="2.51649" y="2.932615" />
                  <PolyStepSegment x="2.50851" y="2.928007" />
                  <PolyStepSegment x="2.501993" y="2.92149" />
                  <PolyStepSegment x="2.497385" y="2.91351" />
                  <PolyStepSegment x="2.495105" y="2.905" />
                  <PolyStepSegment x="2.525" y="2.905" />
                  <PolyStepSegment x="2.525" y="2.934895" />
                </Cutout>
                <Cutout>
                  <PolyBegin x="2.455" y="2.934895" />
                  <PolyStepSegment x="2.455" y="2.905" />
                  <PolyStepSegment x="2.484895" y="2.905" />
                  <PolyStepSegment x="2.482615" y="2.91351" />
                  <PolyStepSegment x="2.478007" y="2.92149" />
                  <PolyStepSegment x="2.47149" y="2.928007" />
                  <PolyStepSegment x="2.46351" y="2.932615" />
                  <PolyStepSegment x="2.455" y="2.934895" />
                </Cutout>
                <Cutout>
                  <PolyBegin x="2.445" y="2.934895" />
                  <PolyStepSegment x="2.43649" y="2.932615" />
                  <PolyStepSegment x="2.42851" y="2.928007" />
                  <PolyStepSegment x="2.421993" y="2.92149" />
                  <PolyStepSegment x="2.417385" y="2.91351" />
                  <PolyStepSegment x="2.415105" y="2.905" />
                  <PolyStepSegment x="2.445" y="2.905" />
                  <PolyStepSegment x="2.445" y="2.934895" />
                </Cutout>
                <Cutout>
                  <PolyBegin x="2.375" y="2.934895" />
                  <PolyStepSegment x="2.375" y="2.905" />
                  <PolyStepSegment x="2.404895" y="2.905" />
                  <PolyStepSegment x="2.402615" y="2.91351" />
                  <PolyStepSegment x="2.398007" y="2.92149" />
                  <PolyStepSegment x="2.39149" y="2.928007" />
                  <PolyStepSegment x="2.38351" y="2.932615" />
                  <PolyStepSegment x="2.375" y="2.934895" />
                </Cutout>
                <Cutout>
                  <PolyBegin x="2.365" y="2.934895" />
                  <PolyStepSegment x="2.35649" y="2.932615" />
                  <PolyStepSegment x="2.34851" y="2.928007" />
                  <PolyStepSegment x="2.341993" y="2.92149" />
                  <PolyStepSegment x="2.337385" y="2.91351" />
                  <PolyStepSegment x="2.335105" y="2.905" />
                  <PolyStepSegment x="2.365" y="2.905" />
                  <PolyStepSegment x="2.365" y="2.934895" />
                </Cutout>
                <Cutout>
                  <PolyBegin x="1.62874" y="2.965" />
                  <PolyStepSegment x="1.545" y="2.965" />
                  <PolyStepSegment x="1.545" y="2.88126" />
                  <PolyStepSegment x="1.54874" y="2.88126" />
                  <PolyStepSegment x="1.565884" y="2.88467" />
                  <PolyStepSegment x="1.582034" y="2.89136" />
                  <PolyStepSegment x="1.596568" y="2.901071" />
                  <PolyStepSegment x="1.608929" y="2.913432" />
                  <PolyStepSegment x="1.61864" y="2.927966" />
                  <PolyStepSegment x="1.62533" y="2.944116" />
                  <PolyStepSegment x="1.62874" y="2.96126" />
                  <PolyStepSegment x="1.62874" y="2.965" />
                </Cutout>
                <Cutout>
                  <PolyBegin x="1.535" y="2.965" />
                  <PolyStepSegment x="1.45126" y="2.965" />
                  <PolyStepSegment x="1.45126" y="2.96126" />
                  <PolyStepSegment x="1.45467" y="2.944116" />
                  <PolyStepSegment x="1.46136" y="2.927966" />
                  <PolyStepSegment x="1.471071" y="2.913432" />
                  <PolyStepSegment x="1.483432" y="2.901071" />
                  <PolyStepSegment x="1.497966" y="2.89136" />
                  <PolyStepSegment x="1.514116" y="2.88467" />
                  <PolyStepSegment x="1.53126" y="2.88126" />
                  <PolyStepSegment x="1.535" y="2.88126" />
                  <PolyStepSegment x="1.535" y="2.965" />
                </Cutout>
                <Cutout>
                  <PolyBegin x="2.564895" y="2.895" />
                  <PolyStepSegment x="2.535" y="2.895" />
                  <PolyStepSegment x="2.535" y="2.865105" />
                  <PolyStepSegment x="2.54351" y="2.867385" />
                  <PolyStepSegment x="2.55149" y="2.871993" />
                  <PolyStepSegment x="2.558007" y="2.87851" />
                  <PolyStepSegment x="2.562615" y="2.8864899999999998" />
                  <PolyStepSegment x="2.564895" y="2.895" />
                </Cutout>
                <Cutout>
                  <PolyBegin x="2.525" y="2.895" />
                  <PolyStepSegment x="2.495105" y="2.895" />
                  <PolyStepSegment x="2.497385" y="2.8864899999999998" />
                  <PolyStepSegment x="2.501993" y="2.87851" />
                  <PolyStepSegment x="2.50851" y="2.871993" />
                  <PolyStepSegment x="2.51649" y="2.867385" />
                  <PolyStepSegment x="2.525" y="2.865105" />
                  <PolyStepSegment x="2.525" y="2.895" />
                </Cutout>
                <Cutout>
                  <PolyBegin x="2.484895" y="2.895" />
                  <PolyStepSegment x="2.455" y="2.895" />
                  <PolyStepSegment x="2.455" y="2.865105" />
                  <PolyStepSegment x="2.46351" y="2.867385" />
                  <PolyStepSegment x="2.47149" y="2.871993" />
                  <PolyStepSegment x="2.478007" y="2.87851" />
                  <PolyStepSegment x="2.482615" y="2.8864899999999998" />
                  <PolyStepSegment x="2.484895" y="2.895" />
                </Cutout>
                <Cutout>
                  <PolyBegin x="2.445" y="2.895" />
                  <PolyStepSegment x="2.415105" y="2.895" />
                  <PolyStepSegment x="2.417385" y="2.8864899999999998" />
                  <PolyStepSegment x="2.421993" y="2.87851" />
                  <PolyStepSegment x="2.42851" y="2.871993" />
                  <PolyStepSegment x="2.43649" y="2.867385" />
                  <PolyStepSegment x="2.445" y="2.865105" />
                  <PolyStepSegment x="2.445" y="2.895" />
                </Cutout>
                <Cutout>
                  <PolyBegin x="2.404895" y="2.895" />
                  <PolyStepSegment x="2.375" y="2.895" />
                  <PolyStepSegment x="2.375" y="2.865105" />
                  <PolyStepSegment x="2.38351" y="2.867385" />
                  <PolyStepSegment x="2.39149" y="2.871993" />
                  <PolyStepSegment x="2.398007" y="2.87851" />
                  <PolyStepSegment x="2.402615" y="2.8864899999999998" />
                  <PolyStepSegment x="2.404895" y="2.895" />
                </Cutout>
                <Cutout>
                  <PolyBegin x="2.365" y="2.895" />
                  <PolyStepSegment x="2.335105" y="2.895" />
                  <PolyStepSegment x="2.337385" y="2.8864899999999998" />
                  <PolyStepSegment x="2.341993" y="2.87851" />
                  <PolyStepSegment x="2.34851" y="2.871993" />
                  <PolyStepSegment x="2.35649" y="2.867385" />
                  <PolyStepSegment x="2.365" y="2.865105" />
                  <PolyStepSegment x="2.365" y="2.895" />
                </Cutout>
                <Cutout>
                  <PolyBegin x="2.535" y="2.854895" />
                  <PolyStepSegment x="2.535" y="2.825" />
                  <PolyStepSegment x="2.564895" y="2.825" />
                  <PolyStepSegment x="2.562615" y="2.83351" />
                  <PolyStepSegment x="2.558007" y="2.84149" />
                  <PolyStepSegment x="2.55149" y="2.848007" />
                  <PolyStepSegment x="2.54351" y="2.852615" />
                  <PolyStepSegment x="2.535" y="2.854895" />
                </Cutout>
                <Cutout>
                  <PolyBegin x="2.525" y="2.854895" />
                  <PolyStepSegment x="2.51649" y="2.852615" />
                  <PolyStepSegment x="2.50851" y="2.848007" />
                  <PolyStepSegment x="2.501993" y="2.84149" />
                  <PolyStepSegment x="2.497385" y="2.83351" />
                  <PolyStepSegment x="2.495105" y="2.825" />
                  <PolyStepSegment x="2.525" y="2.825" />
                  <PolyStepSegment x="2.525" y="2.854895" />
                </Cutout>
                <Cutout>
                  <PolyBegin x="2.455" y="2.854895" />
                  <PolyStepSegment x="2.455" y="2.825" />
                  <PolyStepSegment x="2.484895" y="2.825" />
                  <PolyStepSegment x="2.482615" y="2.83351" />
                  <PolyStepSegment x="2.478007" y="2.84149" />
                  <PolyStepSegment x="2.47149" y="2.848007" />
                  <PolyStepSegment x="2.46351" y="2.852615" />
                  <PolyStepSegment x="2.455" y="2.854895" />
                </Cutout>
                <Cutout>
                  <PolyBegin x="2.445" y="2.854895" />
                  <PolyStepSegment x="2.43649" y="2.852615" />
                  <PolyStepSegment x="2.42851" y="2.848007" />
                  <PolyStepSegment x="2.421993" y="2.84149" />
                  <PolyStepSegment x="2.417385" y="2.83351" />
                  <PolyStepSegment x="2.415105" y="2.825" />
                  <PolyStepSegment x="2.445" y="2.825" />
                  <PolyStepSegment x="2.445" y="2.854895" />
                </Cutout>
                <Cutout>
                  <PolyBegin x="2.375" y="2.854895" />
                  <PolyStepSegment x="2.375" y="2.825" />
                  <PolyStepSegment x="2.404895" y="2.825" />
                  <PolyStepSegment x="2.402615" y="2.83351" />
                  <PolyStepSegment x="2.398007" y="2.84149" />
                  <PolyStepSegment x="2.39149" y="2.848007" />
                  <PolyStepSegment x="2.38351" y="2.852615" />
                  <PolyStepSegment x="2.375" y="2.854895" />
                </Cutout>
                <Cutout>
                  <PolyBegin x="2.365" y="2.854895" />
                  <PolyStepSegment x="2.35649" y="2.852615" />
                  <PolyStepSegment x="2.34851" y="2.848007" />
                  <PolyStepSegment x="2.341993" y="2.84149" />
                  <PolyStepSegment x="2.337385" y="2.83351" />
                  <PolyStepSegment x="2.335105" y="2.825" />
                  <PolyStepSegment x="2.365" y="2.825" />
                  <PolyStepSegment x="2.365" y="2.854895" />
                </Cutout>
                <Cutout>
                  <PolyBegin x="2.564895" y="2.815" />
                  <PolyStepSegment x="2.535" y="2.815" />
                  <PolyStepSegment x="2.535" y="2.785105" />
                  <PolyStepSegment x="2.54351" y="2.787385" />
                  <PolyStepSegment x="2.55149" y="2.791993" />
                  <PolyStepSegment x="2.558007" y="2.79851" />
                  <PolyStepSegment x="2.562615" y="2.80649" />
                  <PolyStepSegment x="2.564895" y="2.815" />
                </Cutout>
                <Cutout>
                  <PolyBegin x="2.525" y="2.815" />
                  <PolyStepSegment x="2.495105" y="2.815" />
                  <PolyStepSegment x="2.497385" y="2.80649" />
                  <PolyStepSegment x="2.501993" y="2.79851" />
                  <PolyStepSegment x="2.50851" y="2.791993" />
                  <PolyStepSegment x="2.51649" y="2.787385" />
                  <PolyStepSegment x="2.525" y="2.785105" />
                  <PolyStepSegment x="2.525" y="2.815" />
                </Cutout>
                <Cutout>
                  <PolyBegin x="2.484895" y="2.815" />
                  <PolyStepSegment x="2.455" y="2.815" />
                  <PolyStepSegment x="2.455" y="2.785105" />
                  <PolyStepSegment x="2.46351" y="2.787385" />
                  <PolyStepSegment x="2.47149" y="2.791993" />
                  <PolyStepSegment x="2.478007" y="2.79851" />
                  <PolyStepSegment x="2.482615" y="2.80649" />
                  <PolyStepSegment x="2.484895" y="2.815" />
                </Cutout>
                <Cutout>
                  <PolyBegin x="2.445" y="2.815" />
                  <PolyStepSegment x="2.415105" y="2.815" />
                  <PolyStepSegment x="2.417385" y="2.80649" />
                  <PolyStepSegment x="2.421993" y="2.79851" />
                  <PolyStepSegment x="2.42851" y="2.791993" />
                  <PolyStepSegment x="2.43649" y="2.787385" />
                  <PolyStepSegment x="2.445" y="2.785105" />
                  <PolyStepSegment x="2.445" y="2.815" />
                </Cutout>
                <Cutout>
                  <PolyBegin x="2.404895" y="2.815" />
                  <PolyStepSegment x="2.375" y="2.815" />
                  <PolyStepSegment x="2.375" y="2.785105" />
                  <PolyStepSegment x="2.38351" y="2.787385" />
                  <PolyStepSegment x="2.39149" y="2.791993" />
                  <PolyStepSegment x="2.398007" y="2.79851" />
                  <PolyStepSegment x="2.402615" y="2.80649" />
                  <PolyStepSegment x="2.404895" y="2.815" />
                </Cutout>
                <Cutout>
                  <PolyBegin x="2.365" y="2.815" />
                  <PolyStepSegment x="2.335105" y="2.815" />
                  <PolyStepSegment x="2.337385" y="2.80649" />
                  <PolyStepSegment x="2.341993" y="2.79851" />
                  <PolyStepSegment x="2.34851" y="2.791993" />
                  <PolyStepSegment x="2.35649" y="2.787385" />
                  <PolyStepSegment x="2.365" y="2.785105" />
                  <PolyStepSegment x="2.365" y="2.815" />
                </Cutout>
                <Cutout>
                  <PolyBegin x="1.845593" y="2.86248" />
                  <PolyStepSegment x="1.834407" y="2.86248" />
                  <PolyStepSegment x="1.823603" y="2.859585" />
                  <PolyStepSegment x="1.813916" y="2.853993" />
                  <PolyStepSegment x="1.806007" y="2.846084" />
                  <PolyStepSegment x="1.800415" y="2.836397" />
                  <PolyStepSegment x="1.79752" y="2.825593" />
                  <PolyStepSegment x="1.79752" y="2.814407" />
                  <PolyStepSegment x="1.800415" y="2.803603" />
                  <PolyStepSegment x="1.806007" y="2.793916" />
                  <PolyStepSegment x="1.813916" y="2.786007" />
                  <PolyStepSegment x="1.823603" y="2.780415" />
                  <PolyStepSegment x="1.834407" y="2.77752" />
                  <PolyStepSegment x="1.845593" y="2.77752" />
                  <PolyStepSegment x="1.856397" y="2.780415" />
                  <PolyStepSegment x="1.866084" y="2.786007" />
                  <PolyStepSegment x="1.873993" y="2.793916" />
                  <PolyStepSegment x="1.879585" y="2.803603" />
                  <PolyStepSegment x="1.88248" y="2.814407" />
                  <PolyStepSegment x="1.88248" y="2.825593" />
                  <PolyStepSegment x="1.879585" y="2.836397" />
                  <PolyStepSegment x="1.873993" y="2.846084" />
                  <PolyStepSegment x="1.866084" y="2.853993" />
                  <PolyStepSegment x="1.856397" y="2.859585" />
                  <PolyStepSegment x="1.845593" y="2.86248" />
                </Cutout>
                <Cutout>
                  <PolyBegin x="2.165" y="2.734895" />
                  <PolyStepSegment x="2.165" y="2.705" />
                  <PolyStepSegment x="2.194895" y="2.705" />
                  <PolyStepSegment x="2.192615" y="2.71351" />
                  <PolyStepSegment x="2.188007" y="2.72149" />
                  <PolyStepSegment x="2.18149" y="2.728007" />
                  <PolyStepSegment x="2.17351" y="2.732615" />
                  <PolyStepSegment x="2.165" y="2.734895" />
                </Cutout>
                <Cutout>
                  <PolyBegin x="2.155" y="2.734895" />
                  <PolyStepSegment x="2.14649" y="2.732615" />
                  <PolyStepSegment x="2.13851" y="2.728007" />
                  <PolyStepSegment x="2.131993" y="2.72149" />
                  <PolyStepSegment x="2.127385" y="2.71351" />
                  <PolyStepSegment x="2.125105" y="2.705" />
                  <PolyStepSegment x="2.155" y="2.705" />
                  <PolyStepSegment x="2.155" y="2.734895" />
                </Cutout>
                <Cutout>
                  <PolyBegin x="1.965" y="2.734895" />
                  <PolyStepSegment x="1.965" y="2.705" />
                  <PolyStepSegment x="1.994895" y="2.705" />
                  <PolyStepSegment x="1.992615" y="2.71351" />
                  <PolyStepSegment x="1.988007" y="2.72149" />
                  <PolyStepSegment x="1.98149" y="2.728007" />
                  <PolyStepSegment x="1.97351" y="2.732615" />
                  <PolyStepSegment x="1.965" y="2.734895" />
                </Cutout>
                <Cutout>
                  <PolyBegin x="1.955" y="2.734895" />
                  <PolyStepSegment x="1.94649" y="2.732615" />
                  <PolyStepSegment x="1.93851" y="2.728007" />
                  <PolyStepSegment x="1.931993" y="2.72149" />
                  <PolyStepSegment x="1.927385" y="2.71351" />
                  <PolyStepSegment x="1.925105" y="2.705" />
                  <PolyStepSegment x="1.955" y="2.705" />
                  <PolyStepSegment x="1.955" y="2.734895" />
                </Cutout>
                <Cutout>
                  <PolyBegin x="2.194895" y="2.695" />
                  <PolyStepSegment x="2.165" y="2.695" />
                  <PolyStepSegment x="2.165" y="2.665105" />
                  <PolyStepSegment x="2.17351" y="2.667385" />
                  <PolyStepSegment x="2.18149" y="2.671993" />
                  <PolyStepSegment x="2.188007" y="2.67851" />
                  <PolyStepSegment x="2.192615" y="2.68649" />
                  <PolyStepSegment x="2.194895" y="2.695" />
                </Cutout>
                <Cutout>
                  <PolyBegin x="2.155" y="2.695" />
                  <PolyStepSegment x="2.125105" y="2.695" />
                  <PolyStepSegment x="2.127385" y="2.68649" />
                  <PolyStepSegment x="2.131993" y="2.67851" />
                  <PolyStepSegment x="2.13851" y="2.671993" />
                  <PolyStepSegment x="2.14649" y="2.667385" />
                  <PolyStepSegment x="2.155" y="2.665105" />
                  <PolyStepSegment x="2.155" y="2.695" />
                </Cutout>
                <Cutout>
                  <PolyBegin x="1.994895" y="2.695" />
                  <PolyStepSegment x="1.965" y="2.695" />
                  <PolyStepSegment x="1.965" y="2.665105" />
                  <PolyStepSegment x="1.97351" y="2.667385" />
                  <PolyStepSegment x="1.98149" y="2.671993" />
                  <PolyStepSegment x="1.988007" y="2.67851" />
                  <PolyStepSegment x="1.992615" y="2.68649" />
                  <PolyStepSegment x="1.994895" y="2.695" />
                </Cutout>
                <Cutout>
                  <PolyBegin x="1.955" y="2.695" />
                  <PolyStepSegment x="1.925105" y="2.695" />
                  <PolyStepSegment x="1.927385" y="2.68649" />
                  <PolyStepSegment x="1.931993" y="2.67851" />
                  <PolyStepSegment x="1.93851" y="2.671993" />
                  <PolyStepSegment x="1.94649" y="2.667385" />
                  <PolyStepSegment x="1.955" y="2.665105" />
                  <PolyStepSegment x="1.955" y="2.695" />
                </Cutout>
                <Cutout>
                  <PolyBegin x="1.845593" y="2.66248" />
                  <PolyStepSegment x="1.834407" y="2.66248" />
                  <PolyStepSegment x="1.823603" y="2.659585" />
                  <PolyStepSegment x="1.813916" y="2.653993" />
                  <PolyStepSegment x="1.806007" y="2.646084" />
                  <PolyStepSegment x="1.800415" y="2.636397" />
                  <PolyStepSegment x="1.79752" y="2.625593" />
                  <PolyStepSegment x="1.79752" y="2.614407" />
                  <PolyStepSegment x="1.800415" y="2.603603" />
                  <PolyStepSegment x="1.806007" y="2.593916" />
                  <PolyStepSegment x="1.813916" y="2.586007" />
                  <PolyStepSegment x="1.823603" y="2.580415" />
                  <PolyStepSegment x="1.834407" y="2.57752" />
                  <PolyStepSegment x="1.845593" y="2.57752" />
                  <PolyStepSegment x="1.856397" y="2.580415" />
                  <PolyStepSegment x="1.866084" y="2.586007" />
                  <PolyStepSegment x="1.873993" y="2.593916" />
                  <PolyStepSegment x="1.879585" y="2.603603" />
                  <PolyStepSegment x="1.88248" y="2.614407" />
                  <PolyStepSegment x="1.88248" y="2.625593" />
                  <PolyStepSegment x="1.879585" y="2.636397" />
                  <PolyStepSegment x="1.873993" y="2.646084" />
                  <PolyStepSegment x="1.866084" y="2.653993" />
                  <PolyStepSegment x="1.856397" y="2.659585" />
                  <PolyStepSegment x="1.845593" y="2.66248" />
                </Cutout>
                <Cutout>
                  <PolyBegin x="1.975266" y="2.53" />
                  <PolyStepSegment x="1.975" y="2.53" />
                  <PolyStepSegment x="1.975" y="2.495" />
                  <PolyStepSegment x="2.01" y="2.495" />
                  <PolyStepSegment x="2.01" y="2.495266" />
                  <PolyStepSegment x="2.007274" y="2.505439" />
                  <PolyStepSegment x="2.002008" y="2.514561" />
                  <PolyStepSegment x="1.994561" y="2.522008" />
                  <PolyStepSegment x="1.985439" y="2.527274" />
                  <PolyStepSegment x="1.975266" y="2.53" />
                </Cutout>
                <Cutout>
                  <PolyBegin x="1.965" y="2.53" />
                  <PolyStepSegment x="1.964734" y="2.53" />
                  <PolyStepSegment x="1.954561" y="2.527274" />
                  <PolyStepSegment x="1.945439" y="2.522008" />
                  <PolyStepSegment x="1.937992" y="2.514561" />
                  <PolyStepSegment x="1.932726" y="2.505439" />
                  <PolyStepSegment x="1.93" y="2.495266" />
                  <PolyStepSegment x="1.93" y="2.495" />
                  <PolyStepSegment x="1.965" y="2.495" />
                  <PolyStepSegment x="1.965" y="2.53" />
                </Cutout>
                <Cutout>
                  <PolyBegin x="2.01" y="2.485" />
                  <PolyStepSegment x="1.975" y="2.485" />
                  <PolyStepSegment x="1.975" y="2.45" />
                  <PolyStepSegment x="1.975266" y="2.45" />
                  <PolyStepSegment x="1.985439" y="2.452726" />
                  <PolyStepSegment x="1.994561" y="2.457992" />
                  <PolyStepSegment x="2.002008" y="2.465439" />
                  <PolyStepSegment x="2.007274" y="2.474561" />
                  <PolyStepSegment x="2.01" y="2.484734" />
                  <PolyStepSegment x="2.01" y="2.485" />
                </Cutout>
                <Cutout>
                  <PolyBegin x="1.965" y="2.485" />
                  <PolyStepSegment x="1.93" y="2.485" />
                  <PolyStepSegment x="1.93" y="2.484734" />
                  <PolyStepSegment x="1.932726" y="2.474561" />
                  <PolyStepSegment x="1.937992" y="2.465439" />
                  <PolyStepSegment x="1.945439" y="2.457992" />
                  <PolyStepSegment x="1.954561" y="2.452726" />
                  <PolyStepSegment x="1.964734" y="2.45" />
                  <PolyStepSegment x="1.965" y="2.45" />
                  <PolyStepSegment x="1.965" y="2.485" />
                </Cutout>
                <Cutout>
                  <PolyBegin x="1.975266" y="2.43" />
                  <PolyStepSegment x="1.964734" y="2.43" />
                  <PolyStepSegment x="1.954561" y="2.427274" />
                  <PolyStepSegment x="1.945439" y="2.422008" />
                  <PolyStepSegment x="1.937992" y="2.414561" />
                  <PolyStepSegment x="1.932726" y="2.405439" />
                  <PolyStepSegment x="1.93" y="2.395266" />
                  <PolyStepSegment x="1.93" y="2.384734" />
                  <PolyStepSegment x="1.932726" y="2.374561" />
                  <PolyStepSegment x="1.937992" y="2.365439" />
                  <PolyStepSegment x="1.945439" y="2.357992" />
                  <PolyStepSegment x="1.954561" y="2.352726" />
                  <PolyStepSegment x="1.964734" y="2.35" />
                  <PolyStepSegment x="1.975266" y="2.35" />
                  <PolyStepSegment x="1.985439" y="2.352726" />
                  <PolyStepSegment x="1.994561" y="2.357992" />
                  <PolyStepSegment x="2.002008" y="2.365439" />
                  <PolyStepSegment x="2.007274" y="2.374561" />
                  <PolyStepSegment x="2.01" y="2.384734" />
                  <PolyStepSegment x="2.01" y="2.395266" />
                  <PolyStepSegment x="2.007274" y="2.405439" />
                  <PolyStepSegment x="2.002008" y="2.414561" />
                  <PolyStepSegment x="1.994561" y="2.422008" />
                  <PolyStepSegment x="1.985439" y="2.427274" />
                  <PolyStepSegment x="1.975266" y="2.43" />
                </Cutout>
                <Cutout>
                  <PolyBegin x="1.267756" y="2.214606" />
                  <PolyStepSegment x="1.23815" y="2.214606" />
                  <PolyStepSegment x="1.23815" y="2.185" />
                  <PolyStepSegment x="1.267756" y="2.185" />
                  <PolyStepSegment x="1.267756" y="2.214606" />
                </Cutout>
                <Cutout>
                  <PolyBegin x="1.22815" y="2.214606" />
                  <PolyStepSegment x="1.198543" y="2.214606" />
                  <PolyStepSegment x="1.198543" y="2.185" />
                  <PolyStepSegment x="1.22815" y="2.185" />
                  <PolyStepSegment x="1.22815" y="2.214606" />
                </Cutout>
                <Cutout>
                  <PolyBegin x="1.631406" y="2.214606" />
                  <PolyStepSegment x="1.622294" y="2.214606" />
                  <PolyStepSegment x="1.613493" y="2.212248" />
                  <PolyStepSegment x="1.605602" y="2.207692" />
                  <PolyStepSegment x="1.599158" y="2.201249" />
                  <PolyStepSegment x="1.594602" y="2.193358" />
                  <PolyStepSegment x="1.592244" y="2.184556" />
                  <PolyStepSegment x="1.592244" y="2.175444" />
                  <PolyStepSegment x="1.594602" y="2.166642" />
                  <PolyStepSegment x="1.599158" y="2.158751" />
                  <PolyStepSegment x="1.605602" y="2.152308" />
                  <PolyStepSegment x="1.613493" y="2.147752" />
                  <PolyStepSegment x="1.622294" y="2.145394" />
                  <PolyStepSegment x="1.631406" y="2.145394" />
                  <PolyStepSegment x="1.640208" y="2.147752" />
                  <PolyStepSegment x="1.648099" y="2.152308" />
                  <PolyStepSegment x="1.654542" y="2.158751" />
                  <PolyStepSegment x="1.659098" y="2.166642" />
                  <PolyStepSegment x="1.661457" y="2.175444" />
                  <PolyStepSegment x="1.661457" y="2.184556" />
                  <PolyStepSegment x="1.659098" y="2.193358" />
                  <PolyStepSegment x="1.654542" y="2.201249" />
                  <PolyStepSegment x="1.648099" y="2.207692" />
                  <PolyStepSegment x="1.640208" y="2.212248" />
                  <PolyStepSegment x="1.631406" y="2.214606" />
                </Cutout>
                <Cutout>
                  <PolyBegin x="1.267756" y="2.175" />
                  <PolyStepSegment x="1.23815" y="2.175" />
                  <PolyStepSegment x="1.23815" y="2.145394" />
                  <PolyStepSegment x="1.267756" y="2.145394" />
                  <PolyStepSegment x="1.267756" y="2.175" />
                </Cutout>
                <Cutout>
                  <PolyBegin x="1.22815" y="2.175" />
                  <PolyStepSegment x="1.198543" y="2.175" />
                  <PolyStepSegment x="1.198543" y="2.145394" />
                  <PolyStepSegment x="1.22815" y="2.145394" />
                  <PolyStepSegment x="1.22815" y="2.175" />
                </Cutout>
                <Cutout>
                  <PolyBegin x="2.515" y="2.164895" />
                  <PolyStepSegment x="2.515" y="2.135" />
                  <PolyStepSegment x="2.544895" y="2.135" />
                  <PolyStepSegment x="2.542615" y="2.14351" />
                  <PolyStepSegment x="2.538007" y="2.15149" />
                  <PolyStepSegment x="2.53149" y="2.158007" />
                  <PolyStepSegment x="2.52351" y="2.162615" />
                  <PolyStepSegment x="2.515" y="2.164895" />
                </Cutout>
                <Cutout>
                  <PolyBegin x="2.505" y="2.164895" />
                  <PolyStepSegment x="2.49649" y="2.162615" />
                  <PolyStepSegment x="2.48851" y="2.158007" />
                  <PolyStepSegment x="2.481993" y="2.15149" />
                  <PolyStepSegment x="2.477385" y="2.14351" />
                  <PolyStepSegment x="2.475105" y="2.135" />
                  <PolyStepSegment x="2.505" y="2.135" />
                  <PolyStepSegment x="2.505" y="2.164895" />
                </Cutout>
                <Cutout>
                  <PolyBegin x="2.544895" y="2.125" />
                  <PolyStepSegment x="2.515" y="2.125" />
                  <PolyStepSegment x="2.515" y="2.095105" />
                  <PolyStepSegment x="2.52351" y="2.097385" />
                  <PolyStepSegment x="2.53149" y="2.1019929999999998" />
                  <PolyStepSegment x="2.538007" y="2.10851" />
                  <PolyStepSegment x="2.542615" y="2.11649" />
                  <PolyStepSegment x="2.544895" y="2.125" />
                </Cutout>
                <Cutout>
                  <PolyBegin x="2.505" y="2.125" />
                  <PolyStepSegment x="2.475105" y="2.125" />
                  <PolyStepSegment x="2.477385" y="2.11649" />
                  <PolyStepSegment x="2.481993" y="2.10851" />
                  <PolyStepSegment x="2.48851" y="2.1019929999999998" />
                  <PolyStepSegment x="2.49649" y="2.097385" />
                  <PolyStepSegment x="2.505" y="2.095105" />
                  <PolyStepSegment x="2.505" y="2.125" />
                </Cutout>
                <Cutout>
                  <PolyBegin x="1.54874" y="2.03874" />
                  <PolyStepSegment x="1.545" y="2.03874" />
                  <PolyStepSegment x="1.545" y="1.955" />
                  <PolyStepSegment x="1.62874" y="1.955" />
                  <PolyStepSegment x="1.62874" y="1.95874" />
                  <PolyStepSegment x="1.62533" y="1.975884" />
                  <PolyStepSegment x="1.61864" y="1.992034" />
                  <PolyStepSegment x="1.608929" y="2.006569" />
                  <PolyStepSegment x="1.596568" y="2.018929" />
                  <PolyStepSegment x="1.582034" y="2.02864" />
                  <PolyStepSegment x="1.565884" y="2.03533" />
                  <PolyStepSegment x="1.54874" y="2.03874" />
                </Cutout>
                <Cutout>
                  <PolyBegin x="1.535" y="2.03874" />
                  <PolyStepSegment x="1.53126" y="2.03874" />
                  <PolyStepSegment x="1.514116" y="2.03533" />
                  <PolyStepSegment x="1.497966" y="2.02864" />
                  <PolyStepSegment x="1.483432" y="2.018929" />
                  <PolyStepSegment x="1.471071" y="2.006569" />
                  <PolyStepSegment x="1.46136" y="1.992034" />
                  <PolyStepSegment x="1.45467" y="1.975884" />
                  <PolyStepSegment x="1.45126" y="1.95874" />
                  <PolyStepSegment x="1.45126" y="1.955" />
                  <PolyStepSegment x="1.535" y="1.955" />
                  <PolyStepSegment x="1.535" y="2.03874" />
                </Cutout>
                <Cutout>
                  <PolyBegin x="1.62874" y="1.945" />
                  <PolyStepSegment x="1.545" y="1.945" />
                  <PolyStepSegment x="1.545" y="1.86126" />
                  <PolyStepSegment x="1.54874" y="1.86126" />
                  <PolyStepSegment x="1.565884" y="1.86467" />
                  <PolyStepSegment x="1.582034" y="1.87136" />
                  <PolyStepSegment x="1.596568" y="1.881071" />
                  <PolyStepSegment x="1.608929" y="1.893432" />
                  <PolyStepSegment x="1.61864" y="1.907966" />
                  <PolyStepSegment x="1.62533" y="1.924116" />
                  <PolyStepSegment x="1.62874" y="1.94126" />
                  <PolyStepSegment x="1.62874" y="1.945" />
                </Cutout>
                <Cutout>
                  <PolyBegin x="1.535" y="1.945" />
                  <PolyStepSegment x="1.45126" y="1.945" />
                  <PolyStepSegment x="1.45126" y="1.94126" />
                  <PolyStepSegment x="1.45467" y="1.924116" />
                  <PolyStepSegment x="1.46136" y="1.907966" />
                  <PolyStepSegment x="1.471071" y="1.893432" />
                  <PolyStepSegment x="1.483432" y="1.881071" />
                  <PolyStepSegment x="1.497966" y="1.87136" />
                  <PolyStepSegment x="1.514116" y="1.86467" />
                  <PolyStepSegment x="1.53126" y="1.86126" />
                  <PolyStepSegment x="1.535" y="1.86126" />
                  <PolyStepSegment x="1.535" y="1.945" />
                </Cutout>
                <Cutout>
                  <PolyBegin x="2.005" y="1.814895" />
                  <PolyStepSegment x="2.005" y="1.785" />
                  <PolyStepSegment x="2.034895" y="1.785" />
                  <PolyStepSegment x="2.032615" y="1.79351" />
                  <PolyStepSegment x="2.028007" y="1.80149" />
                  <PolyStepSegment x="2.02149" y="1.808007" />
                  <PolyStepSegment x="2.01351" y="1.812615" />
                  <PolyStepSegment x="2.005" y="1.814895" />
                </Cutout>
                <Cutout>
                  <PolyBegin x="1.995" y="1.814895" />
                  <PolyStepSegment x="1.98649" y="1.812615" />
                  <PolyStepSegment x="1.97851" y="1.808007" />
                  <PolyStepSegment x="1.971993" y="1.80149" />
                  <PolyStepSegment x="1.967385" y="1.79351" />
                  <PolyStepSegment x="1.965105" y="1.785" />
                  <PolyStepSegment x="1.995" y="1.785" />
                  <PolyStepSegment x="1.995" y="1.814895" />
                </Cutout>
                <Cutout>
                  <PolyBegin x="1.845593" y="1.84248" />
                  <PolyStepSegment x="1.834407" y="1.84248" />
                  <PolyStepSegment x="1.823603" y="1.839585" />
                  <PolyStepSegment x="1.813916" y="1.833993" />
                  <PolyStepSegment x="1.806007" y="1.826084" />
                  <PolyStepSegment x="1.800415" y="1.816397" />
                  <PolyStepSegment x="1.79752" y="1.805593" />
                  <PolyStepSegment x="1.79752" y="1.794407" />
                  <PolyStepSegment x="1.800415" y="1.783603" />
                  <PolyStepSegment x="1.806007" y="1.773916" />
                  <PolyStepSegment x="1.813916" y="1.766007" />
                  <PolyStepSegment x="1.823603" y="1.760415" />
                  <PolyStepSegment x="1.834407" y="1.75752" />
                  <PolyStepSegment x="1.845593" y="1.75752" />
                  <PolyStepSegment x="1.856397" y="1.760415" />
                  <PolyStepSegment x="1.866084" y="1.766007" />
                  <PolyStepSegment x="1.873993" y="1.773916" />
                  <PolyStepSegment x="1.879585" y="1.783603" />
                  <PolyStepSegment x="1.88248" y="1.794407" />
                  <PolyStepSegment x="1.88248" y="1.805593" />
                  <PolyStepSegment x="1.879585" y="1.816397" />
                  <PolyStepSegment x="1.873993" y="1.826084" />
                  <PolyStepSegment x="1.866084" y="1.833993" />
                  <PolyStepSegment x="1.856397" y="1.839585" />
                  <PolyStepSegment x="1.845593" y="1.84248" />
                </Cutout>
                <Cutout>
                  <PolyBegin x="2.034895" y="1.775" />
                  <PolyStepSegment x="2.005" y="1.775" />
                  <PolyStepSegment x="2.005" y="1.745105" />
                  <PolyStepSegment x="2.01351" y="1.747385" />
                  <PolyStepSegment x="2.02149" y="1.751993" />
                  <PolyStepSegment x="2.028007" y="1.75851" />
                  <PolyStepSegment x="2.032615" y="1.76649" />
                  <PolyStepSegment x="2.034895" y="1.775" />
                </Cutout>
                <Cutout>
                  <PolyBegin x="1.995" y="1.775" />
                  <PolyStepSegment x="1.965105" y="1.775" />
                  <PolyStepSegment x="1.967385" y="1.76649" />
                  <PolyStepSegment x="1.971993" y="1.75851" />
                  <PolyStepSegment x="1.97851" y="1.751993" />
                  <PolyStepSegment x="1.98649" y="1.747385" />
                  <PolyStepSegment x="1.995" y="1.745105" />
                  <PolyStepSegment x="1.995" y="1.775" />
                </Cutout>
                <Cutout>
                  <PolyBegin x="2.841925" y="1.636969" />
                  <PolyStepSegment x="2.831776" y="1.636969" />
                  <PolyStepSegment x="2.821973" y="1.634342" />
                  <PolyStepSegment x="2.813184" y="1.629268" />
                  <PolyStepSegment x="2.806008" y="1.622091" />
                  <PolyStepSegment x="2.800934" y="1.613302" />
                  <PolyStepSegment x="2.798307" y="1.6035" />
                  <PolyStepSegment x="2.798307" y="1.593351" />
                  <PolyStepSegment x="2.800934" y="1.583548" />
                  <PolyStepSegment x="2.806008" y="1.574759" />
                  <PolyStepSegment x="2.813184" y="1.567583" />
                  <PolyStepSegment x="2.821973" y="1.562509" />
                  <PolyStepSegment x="2.831776" y="1.559882" />
                  <PolyStepSegment x="2.841925" y="1.559882" />
                  <PolyStepSegment x="2.851728" y="1.562509" />
                  <PolyStepSegment x="2.860516" y="1.567583" />
                  <PolyStepSegment x="2.867693" y="1.574759" />
                  <PolyStepSegment x="2.872767" y="1.583548" />
                  <PolyStepSegment x="2.875394" y="1.593351" />
                  <PolyStepSegment x="2.875394" y="1.6035" />
                  <PolyStepSegment x="2.872767" y="1.613302" />
                  <PolyStepSegment x="2.867693" y="1.622091" />
                  <PolyStepSegment x="2.860516" y="1.629268" />
                  <PolyStepSegment x="2.851728" y="1.634342" />
                  <PolyStepSegment x="2.841925" y="1.636969" />
                </Cutout>
                <Cutout>
                  <PolyBegin x="1.845593" y="1.64248" />
                  <PolyStepSegment x="1.834407" y="1.64248" />
                  <PolyStepSegment x="1.823603" y="1.639585" />
                  <PolyStepSegment x="1.813916" y="1.633993" />
                  <PolyStepSegment x="1.806007" y="1.626084" />
                  <PolyStepSegment x="1.800415" y="1.616397" />
                  <PolyStepSegment x="1.79752" y="1.605593" />
                  <PolyStepSegment x="1.79752" y="1.594407" />
                  <PolyStepSegment x="1.800415" y="1.583603" />
                  <PolyStepSegment x="1.806007" y="1.573916" />
                  <PolyStepSegment x="1.813916" y="1.566007" />
                  <PolyStepSegment x="1.823603" y="1.560415" />
                  <PolyStepSegment x="1.834407" y="1.55752" />
                  <PolyStepSegment x="1.845593" y="1.55752" />
                  <PolyStepSegment x="1.856397" y="1.560415" />
                  <PolyStepSegment x="1.866084" y="1.566007" />
                  <PolyStepSegment x="1.873993" y="1.573916" />
                  <PolyStepSegment x="1.879585" y="1.583603" />
                  <PolyStepSegment x="1.88248" y="1.594407" />
                  <PolyStepSegment x="1.88248" y="1.605593" />
                  <PolyStepSegment x="1.879585" y="1.616397" />
                  <PolyStepSegment x="1.873993" y="1.626084" />
                  <PolyStepSegment x="1.866084" y="1.633993" />
                  <PolyStepSegment x="1.856397" y="1.639585" />
                  <PolyStepSegment x="1.845593" y="1.64248" />
                </Cutout>
                <Cutout>
                  <PolyBegin x="2.705" y="1.584895" />
                  <PolyStepSegment x="2.705" y="1.555" />
                  <PolyStepSegment x="2.734895" y="1.555" />
                  <PolyStepSegment x="2.732615" y="1.56351" />
                  <PolyStepSegment x="2.728007" y="1.57149" />
                  <PolyStepSegment x="2.72149" y="1.578007" />
                  <PolyStepSegment x="2.71351" y="1.582615" />
                  <PolyStepSegment x="2.705" y="1.584895" />
                </Cutout>
                <Cutout>
                  <PolyBegin x="2.695" y="1.584895" />
                  <PolyStepSegment x="2.68649" y="1.582615" />
                  <PolyStepSegment x="2.67851" y="1.578007" />
                  <PolyStepSegment x="2.671993" y="1.57149" />
                  <PolyStepSegment x="2.667385" y="1.56351" />
                  <PolyStepSegment x="2.665105" y="1.555" />
                  <PolyStepSegment x="2.695" y="1.555" />
                  <PolyStepSegment x="2.695" y="1.584895" />
                </Cutout>
                <Cutout>
                  <PolyBegin x="2.2" y="1.574895" />
                  <PolyStepSegment x="2.2" y="1.545" />
                  <PolyStepSegment x="2.229895" y="1.545" />
                  <PolyStepSegment x="2.227615" y="1.55351" />
                  <PolyStepSegment x="2.223007" y="1.56149" />
                  <PolyStepSegment x="2.21649" y="1.568007" />
                  <PolyStepSegment x="2.20851" y="1.572615" />
                  <PolyStepSegment x="2.2" y="1.574895" />
                </Cutout>
                <Cutout>
                  <PolyBegin x="2.19" y="1.574895" />
                  <PolyStepSegment x="2.18149" y="1.572615" />
                  <PolyStepSegment x="2.17351" y="1.568007" />
                  <PolyStepSegment x="2.166993" y="1.56149" />
                  <PolyStepSegment x="2.162385" y="1.55351" />
                  <PolyStepSegment x="2.160105" y="1.545" />
                  <PolyStepSegment x="2.19" y="1.545" />
                  <PolyStepSegment x="2.19" y="1.574895" />
                </Cutout>
                <Cutout>
                  <PolyBegin x="2.734895" y="1.545" />
                  <PolyStepSegment x="2.705" y="1.545" />
                  <PolyStepSegment x="2.705" y="1.515105" />
                  <PolyStepSegment x="2.71351" y="1.517385" />
                  <PolyStepSegment x="2.72149" y="1.521993" />
                  <PolyStepSegment x="2.728007" y="1.52851" />
                  <PolyStepSegment x="2.732615" y="1.53649" />
                  <PolyStepSegment x="2.734895" y="1.545" />
                </Cutout>
                <Cutout>
                  <PolyBegin x="2.695" y="1.545" />
                  <PolyStepSegment x="2.665105" y="1.545" />
                  <PolyStepSegment x="2.667385" y="1.53649" />
                  <PolyStepSegment x="2.671993" y="1.52851" />
                  <PolyStepSegment x="2.67851" y="1.521993" />
                  <PolyStepSegment x="2.68649" y="1.517385" />
                  <PolyStepSegment x="2.695" y="1.515105" />
                  <PolyStepSegment x="2.695" y="1.545" />
                </Cutout>
                <Cutout>
                  <PolyBegin x="2.229895" y="1.535" />
                  <PolyStepSegment x="2.2" y="1.535" />
                  <PolyStepSegment x="2.2" y="1.505105" />
                  <PolyStepSegment x="2.20851" y="1.507385" />
                  <PolyStepSegment x="2.21649" y="1.511993" />
                  <PolyStepSegment x="2.223007" y="1.51851" />
                  <PolyStepSegment x="2.227615" y="1.52649" />
                  <PolyStepSegment x="2.229895" y="1.535" />
                </Cutout>
                <Cutout>
                  <PolyBegin x="2.19" y="1.535" />
                  <PolyStepSegment x="2.160105" y="1.535" />
                  <PolyStepSegment x="2.162385" y="1.52649" />
                  <PolyStepSegment x="2.166993" y="1.51851" />
                  <PolyStepSegment x="2.17351" y="1.511993" />
                  <PolyStepSegment x="2.18149" y="1.507385" />
                  <PolyStepSegment x="2.19" y="1.505105" />
                  <PolyStepSegment x="2.19" y="1.535" />
                </Cutout>
                <Cutout>
                  <PolyBegin x="1.975266" y="1.52" />
                  <PolyStepSegment x="1.975" y="1.52" />
                  <PolyStepSegment x="1.975" y="1.485" />
                  <PolyStepSegment x="2.01" y="1.485" />
                  <PolyStepSegment x="2.01" y="1.485266" />
                  <PolyStepSegment x="2.007274" y="1.495439" />
                  <PolyStepSegment x="2.002008" y="1.504561" />
                  <PolyStepSegment x="1.994561" y="1.512008" />
                  <PolyStepSegment x="1.985439" y="1.517274" />
                  <PolyStepSegment x="1.975266" y="1.52" />
                </Cutout>
                <Cutout>
                  <PolyBegin x="1.965" y="1.52" />
                  <PolyStepSegment x="1.964734" y="1.52" />
                  <PolyStepSegment x="1.954561" y="1.517274" />
                  <PolyStepSegment x="1.945439" y="1.512008" />
                  <PolyStepSegment x="1.937992" y="1.504561" />
                  <PolyStepSegment x="1.932726" y="1.495439" />
                  <PolyStepSegment x="1.93" y="1.485266" />
                  <PolyStepSegment x="1.93" y="1.485" />
                  <PolyStepSegment x="1.965" y="1.485" />
                  <PolyStepSegment x="1.965" y="1.52" />
                </Cutout>
                <Cutout>
                  <PolyBegin x="2.01" y="1.475" />
                  <PolyStepSegment x="1.975" y="1.475" />
                  <PolyStepSegment x="1.975" y="1.44" />
                  <PolyStepSegment x="1.975266" y="1.44" />
                  <PolyStepSegment x="1.985439" y="1.442726" />
                  <PolyStepSegment x="1.994561" y="1.447992" />
                  <PolyStepSegment x="2.002008" y="1.455439" />
                  <PolyStepSegment x="2.007274" y="1.464561" />
                  <PolyStepSegment x="2.01" y="1.474734" />
                  <PolyStepSegment x="2.01" y="1.475" />
                </Cutout>
                <Cutout>
                  <PolyBegin x="1.965" y="1.475" />
                  <PolyStepSegment x="1.93" y="1.475" />
                  <PolyStepSegment x="1.93" y="1.474734" />
                  <PolyStepSegment x="1.932726" y="1.464561" />
                  <PolyStepSegment x="1.937992" y="1.455439" />
                  <PolyStepSegment x="1.945439" y="1.447992" />
                  <PolyStepSegment x="1.954561" y="1.442726" />
                  <PolyStepSegment x="1.964734" y="1.44" />
                  <PolyStepSegment x="1.965" y="1.44" />
                  <PolyStepSegment x="1.965" y="1.475" />
                </Cutout>
                <Cutout>
                  <PolyBegin x="2.841925" y="1.440118" />
                  <PolyStepSegment x="2.831776" y="1.440118" />
                  <PolyStepSegment x="2.821973" y="1.437492" />
                  <PolyStepSegment x="2.813184" y="1.432417" />
                  <PolyStepSegment x="2.806008" y="1.425241" />
                  <PolyStepSegment x="2.800934" y="1.416452" />
                  <PolyStepSegment x="2.798307" y="1.406649" />
                  <PolyStepSegment x="2.798307" y="1.396501" />
                  <PolyStepSegment x="2.800934" y="1.386698" />
                  <PolyStepSegment x="2.806008" y="1.377909" />
                  <PolyStepSegment x="2.813184" y="1.370733" />
                  <PolyStepSegment x="2.821973" y="1.365658" />
                  <PolyStepSegment x="2.831776" y="1.363032" />
                  <PolyStepSegment x="2.841925" y="1.363032" />
                  <PolyStepSegment x="2.851728" y="1.365658" />
                  <PolyStepSegment x="2.860516" y="1.370733" />
                  <PolyStepSegment x="2.867693" y="1.377909" />
                  <PolyStepSegment x="2.872767" y="1.386698" />
                  <PolyStepSegment x="2.875394" y="1.396501" />
                  <PolyStepSegment x="2.875394" y="1.406649" />
                  <PolyStepSegment x="2.872767" y="1.416452" />
                  <PolyStepSegment x="2.867693" y="1.425241" />
                  <PolyStepSegment x="2.860516" y="1.432417" />
                  <PolyStepSegment x="2.851728" y="1.437492" />
                  <PolyStepSegment x="2.841925" y="1.440118" />
                </Cutout>
                <Cutout>
                  <PolyBegin x="1.975266" y="1.42" />
                  <PolyStepSegment x="1.964734" y="1.42" />
                  <PolyStepSegment x="1.954561" y="1.417274" />
                  <PolyStepSegment x="1.945439" y="1.412008" />
                  <PolyStepSegment x="1.937992" y="1.404561" />
                  <PolyStepSegment x="1.932726" y="1.395439" />
                  <PolyStepSegment x="1.93" y="1.385266" />
                  <PolyStepSegment x="1.93" y="1.374734" />
                  <PolyStepSegment x="1.932726" y="1.364561" />
                  <PolyStepSegment x="1.937992" y="1.355439" />
                  <PolyStepSegment x="1.945439" y="1.347992" />
                  <PolyStepSegment x="1.954561" y="1.342726" />
                  <PolyStepSegment x="1.964734" y="1.34" />
                  <PolyStepSegment x="1.975266" y="1.34" />
                  <PolyStepSegment x="1.985439" y="1.342726" />
                  <PolyStepSegment x="1.994561" y="1.347992" />
                  <PolyStepSegment x="2.002008" y="1.355439" />
                  <PolyStepSegment x="2.007274" y="1.364561" />
                  <PolyStepSegment x="2.01" y="1.374734" />
                  <PolyStepSegment x="2.01" y="1.385266" />
                  <PolyStepSegment x="2.007274" y="1.395439" />
                  <PolyStepSegment x="2.002008" y="1.404561" />
                  <PolyStepSegment x="1.994561" y="1.412008" />
                  <PolyStepSegment x="1.985439" y="1.417274" />
                  <PolyStepSegment x="1.975266" y="1.42" />
                </Cutout>
              </Contour>
            </Features>
          </Set>
          <Set>
            <SlotCavity name="J2-11 Hole" platingStatus="PLATED" plusTol="0" minusTol="0">
              <Outline>
                <Polygon>
                  <PolyBegin x="2.956929" y="1.625753" />
                  <PolyStepSegment x="2.961538" y="1.62667" />
                  <PolyStepSegment x="2.965444" y="1.62928" />
                  <PolyStepSegment x="2.968055" y="1.633187" />
                  <PolyStepSegment x="2.968972" y="1.637795" />
                  <PolyStepSegment x="2.968055" y="1.642404" />
                  <PolyStepSegment x="2.965444" y="1.646311" />
                  <PolyStepSegment x="2.961538" y="1.648921" />
                  <PolyStepSegment x="2.956929" y="1.649838" />
                  <PolyStepSegment x="2.92937" y="1.649838" />
                  <PolyStepSegment x="2.924762" y="1.648921" />
                  <PolyStepSegment x="2.920855" y="1.646311" />
                  <PolyStepSegment x="2.918244" y="1.642404" />
                  <PolyStepSegment x="2.917328" y="1.637795" />
                  <PolyStepSegment x="2.918244" y="1.633187" />
                  <PolyStepSegment x="2.920855" y="1.62928" />
                  <PolyStepSegment x="2.924762" y="1.62667" />
                  <PolyStepSegment x="2.92937" y="1.625753" />
                  <PolyStepSegment x="2.956929" y="1.625753" />
                </Polygon>
                <LineDesc lineEnd="NONE" lineWidth="0" lineProperty="SOLID" />
              </Outline>
            </SlotCavity>
          </Set>
          <Set>
            <SlotCavity name="J2-8 Hole" platingStatus="PLATED" plusTol="0" minusTol="0">
              <Outline>
                <Polygon>
                  <PolyBegin x="2.956929" y="1.350162" />
                  <PolyStepSegment x="2.961538" y="1.351079" />
                  <PolyStepSegment x="2.965444" y="1.35369" />
                  <PolyStepSegment x="2.968055" y="1.357596" />
                  <PolyStepSegment x="2.968972" y="1.362205" />
                  <PolyStepSegment x="2.968055" y="1.366813" />
                  <PolyStepSegment x="2.965444" y="1.37072" />
                  <PolyStepSegment x="2.961538" y="1.37333" />
                  <PolyStepSegment x="2.956929" y="1.374247" />
                  <PolyStepSegment x="2.92937" y="1.374247" />
                  <PolyStepSegment x="2.924762" y="1.37333" />
                  <PolyStepSegment x="2.920855" y="1.37072" />
                  <PolyStepSegment x="2.918244" y="1.366813" />
                  <PolyStepSegment x="2.917328" y="1.362205" />
                  <PolyStepSegment x="2.918244" y="1.357596" />
                  <PolyStepSegment x="2.920855" y="1.35369" />
                  <PolyStepSegment x="2.924762" y="1.351079" />
                  <PolyStepSegment x="2.92937" y="1.350162" />
                  <PolyStepSegment x="2.956929" y="1.350162" />
                </Polygon>
                <LineDesc lineEnd="NONE" lineWidth="0" lineProperty="SOLID" />
              </Outline>
            </SlotCavity>
          </Set>
        </LayerFeature>
        <LayerFeature layerRef="Bottom Solder">
          <Set>
            <ColorRef id="LAYER_COLOR_Bottom Solder" />
          </Set>
        </LayerFeature>
        <LayerFeature layerRef="Bottom Overlay">
          <Set>
            <ColorRef id="LAYER_COLOR_Bottom Overlay" />
          </Set>
          <Set net="No Net">
            <Features>
              <UserSpecial>
                <Arc startX="2.11" startY="2.49" endX="2.11" endY="2.49" centerX="2.095" centerY="2.49" clockwise="false">
                  <LineDesc lineEnd="ROUND" lineWidth="0.02" lineProperty="SOLID" />
                </Arc>
                <Arc startX="2.11" startY="1.48" endX="2.11" endY="1.48" centerX="2.095" centerY="1.48" clockwise="false">
                  <LineDesc lineEnd="ROUND" lineWidth="0.02" lineProperty="SOLID" />
                </Arc>
              </UserSpecial>
            </Features>
          </Set>
          <Set>
            <SlotCavity name="J2-11 Hole" platingStatus="PLATED" plusTol="0" minusTol="0">
              <Outline>
                <Polygon>
                  <PolyBegin x="2.956929" y="1.625753" />
                  <PolyStepSegment x="2.961538" y="1.62667" />
                  <PolyStepSegment x="2.965444" y="1.62928" />
                  <PolyStepSegment x="2.968055" y="1.633187" />
                  <PolyStepSegment x="2.968972" y="1.637795" />
                  <PolyStepSegment x="2.968055" y="1.642404" />
                  <PolyStepSegment x="2.965444" y="1.646311" />
                  <PolyStepSegment x="2.961538" y="1.648921" />
                  <PolyStepSegment x="2.956929" y="1.649838" />
                  <PolyStepSegment x="2.92937" y="1.649838" />
                  <PolyStepSegment x="2.924762" y="1.648921" />
                  <PolyStepSegment x="2.920855" y="1.646311" />
                  <PolyStepSegment x="2.918244" y="1.642404" />
                  <PolyStepSegment x="2.917328" y="1.637795" />
                  <PolyStepSegment x="2.918244" y="1.633187" />
                  <PolyStepSegment x="2.920855" y="1.62928" />
                  <PolyStepSegment x="2.924762" y="1.62667" />
                  <PolyStepSegment x="2.92937" y="1.625753" />
                  <PolyStepSegment x="2.956929" y="1.625753" />
                </Polygon>
                <LineDesc lineEnd="NONE" lineWidth="0" lineProperty="SOLID" />
              </Outline>
            </SlotCavity>
          </Set>
          <Set>
            <SlotCavity name="J2-8 Hole" platingStatus="PLATED" plusTol="0" minusTol="0">
              <Outline>
                <Polygon>
                  <PolyBegin x="2.956929" y="1.350162" />
                  <PolyStepSegment x="2.961538" y="1.351079" />
                  <PolyStepSegment x="2.965444" y="1.35369" />
                  <PolyStepSegment x="2.968055" y="1.357596" />
                  <PolyStepSegment x="2.968972" y="1.362205" />
                  <PolyStepSegment x="2.968055" y="1.366813" />
                  <PolyStepSegment x="2.965444" y="1.37072" />
                  <PolyStepSegment x="2.961538" y="1.37333" />
                  <PolyStepSegment x="2.956929" y="1.374247" />
                  <PolyStepSegment x="2.92937" y="1.374247" />
                  <PolyStepSegment x="2.924762" y="1.37333" />
                  <PolyStepSegment x="2.920855" y="1.37072" />
                  <PolyStepSegment x="2.918244" y="1.366813" />
                  <PolyStepSegment x="2.917328" y="1.362205" />
                  <PolyStepSegment x="2.918244" y="1.357596" />
                  <PolyStepSegment x="2.920855" y="1.35369" />
                  <PolyStepSegment x="2.924762" y="1.351079" />
                  <PolyStepSegment x="2.92937" y="1.350162" />
                  <PolyStepSegment x="2.956929" y="1.350162" />
                </Polygon>
                <LineDesc lineEnd="NONE" lineWidth="0" lineProperty="SOLID" />
              </Outline>
            </SlotCavity>
          </Set>
        </LayerFeature>
        <LayerFeature layerRef="Bottom Paste">
          <Set>
            <ColorRef id="LAYER_COLOR_Bottom Paste" />
          </Set>
        </LayerFeature>
        <LayerFeature layerRef="Keep-Out Layer">
          <Set>
            <ColorRef id="LAYER_COLOR_Keep-Out Layer" />
          </Set>
          <Set>
            <SlotCavity name="J2-11 Hole" platingStatus="PLATED" plusTol="0" minusTol="0">
              <Outline>
                <Polygon>
                  <PolyBegin x="2.956929" y="1.625753" />
                  <PolyStepSegment x="2.961538" y="1.62667" />
                  <PolyStepSegment x="2.965444" y="1.62928" />
                  <PolyStepSegment x="2.968055" y="1.633187" />
                  <PolyStepSegment x="2.968972" y="1.637795" />
                  <PolyStepSegment x="2.968055" y="1.642404" />
                  <PolyStepSegment x="2.965444" y="1.646311" />
                  <PolyStepSegment x="2.961538" y="1.648921" />
                  <PolyStepSegment x="2.956929" y="1.649838" />
                  <PolyStepSegment x="2.92937" y="1.649838" />
                  <PolyStepSegment x="2.924762" y="1.648921" />
                  <PolyStepSegment x="2.920855" y="1.646311" />
                  <PolyStepSegment x="2.918244" y="1.642404" />
                  <PolyStepSegment x="2.917328" y="1.637795" />
                  <PolyStepSegment x="2.918244" y="1.633187" />
                  <PolyStepSegment x="2.920855" y="1.62928" />
                  <PolyStepSegment x="2.924762" y="1.62667" />
                  <PolyStepSegment x="2.92937" y="1.625753" />
                  <PolyStepSegment x="2.956929" y="1.625753" />
                </Polygon>
                <LineDesc lineEnd="NONE" lineWidth="0" lineProperty="SOLID" />
              </Outline>
            </SlotCavity>
          </Set>
          <Set>
            <SlotCavity name="J2-8 Hole" platingStatus="PLATED" plusTol="0" minusTol="0">
              <Outline>
                <Polygon>
                  <PolyBegin x="2.956929" y="1.350162" />
                  <PolyStepSegment x="2.961538" y="1.351079" />
                  <PolyStepSegment x="2.965444" y="1.35369" />
                  <PolyStepSegment x="2.968055" y="1.357596" />
                  <PolyStepSegment x="2.968972" y="1.362205" />
                  <PolyStepSegment x="2.968055" y="1.366813" />
                  <PolyStepSegment x="2.965444" y="1.37072" />
                  <PolyStepSegment x="2.961538" y="1.37333" />
                  <PolyStepSegment x="2.956929" y="1.374247" />
                  <PolyStepSegment x="2.92937" y="1.374247" />
                  <PolyStepSegment x="2.924762" y="1.37333" />
                  <PolyStepSegment x="2.920855" y="1.37072" />
                  <PolyStepSegment x="2.918244" y="1.366813" />
                  <PolyStepSegment x="2.917328" y="1.362205" />
                  <PolyStepSegment x="2.918244" y="1.357596" />
                  <PolyStepSegment x="2.920855" y="1.35369" />
                  <PolyStepSegment x="2.924762" y="1.351079" />
                  <PolyStepSegment x="2.92937" y="1.350162" />
                  <PolyStepSegment x="2.956929" y="1.350162" />
                </Polygon>
                <LineDesc lineEnd="NONE" lineWidth="0" lineProperty="SOLID" />
              </Outline>
            </SlotCavity>
          </Set>
        </LayerFeature>
        <LayerFeature layerRef="Mechanical 1">
          <Set>
            <ColorRef id="LAYER_COLOR_Mechanical 1" />
          </Set>
          <Set net="No Net">
            <Features>
              <UserSpecial>
                <Line startX="3.000236" startY="1.314961" endX="3.000236" endY="1.675788">
                  <LineDesc lineEnd="ROUND" lineWidth="0.003937" lineProperty="SOLID" />
                </Line>
                <Line startX="3.004173" startY="1.216536" endX="2.992366" endY="1.216536">
                  <LineDesc lineEnd="ROUND" lineWidth="0.003937" lineProperty="SOLID" />
                </Line>
                <Line startX="2.992366" startY="1.216536" endX="2.992366" endY="1.222439">
                  <LineDesc lineEnd="ROUND" lineWidth="0.003937" lineProperty="SOLID" />
                </Line>
                <Line startX="2.992366" startY="1.222439" endX="2.994334" endY="1.224407">
                  <LineDesc lineEnd="ROUND" lineWidth="0.003937" lineProperty="SOLID" />
                </Line>
                <Line startX="2.994334" startY="1.224407" endX="2.99827" endY="1.224407">
                  <LineDesc lineEnd="ROUND" lineWidth="0.003937" lineProperty="SOLID" />
                </Line>
                <Line startX="2.99827" startY="1.224407" endX="3.000238" endY="1.222439">
                  <LineDesc lineEnd="ROUND" lineWidth="0.003937" lineProperty="SOLID" />
                </Line>
                <Line startX="3.000238" startY="1.222439" endX="3.000238" endY="1.216536">
                  <LineDesc lineEnd="ROUND" lineWidth="0.003937" lineProperty="SOLID" />
                </Line>
                <Line startX="2.994334" startY="1.236214" endX="2.992366" endY="1.234246">
                  <LineDesc lineEnd="ROUND" lineWidth="0.003937" lineProperty="SOLID" />
                </Line>
                <Line startX="2.992366" startY="1.234246" endX="2.992366" endY="1.230311">
                  <LineDesc lineEnd="ROUND" lineWidth="0.003937" lineProperty="SOLID" />
                </Line>
                <Line startX="2.992366" startY="1.230311" endX="2.994334" endY="1.228343">
                  <LineDesc lineEnd="ROUND" lineWidth="0.003937" lineProperty="SOLID" />
                </Line>
                <Line startX="2.994334" startY="1.228343" endX="3.002205" endY="1.228343">
                  <LineDesc lineEnd="ROUND" lineWidth="0.003937" lineProperty="SOLID" />
                </Line>
                <Line startX="3.002205" startY="1.228343" endX="3.004173" endY="1.230311">
                  <LineDesc lineEnd="ROUND" lineWidth="0.003937" lineProperty="SOLID" />
                </Line>
                <Line startX="3.004173" startY="1.230311" endX="3.004173" endY="1.234246">
                  <LineDesc lineEnd="ROUND" lineWidth="0.003937" lineProperty="SOLID" />
                </Line>
                <Line startX="3.004173" startY="1.234246" endX="3.002205" endY="1.236214">
                  <LineDesc lineEnd="ROUND" lineWidth="0.003937" lineProperty="SOLID" />
                </Line>
                <Line startX="2.992366" startY="1.24015" endX="3.004173" endY="1.24015">
                  <LineDesc lineEnd="ROUND" lineWidth="0.003937" lineProperty="SOLID" />
                </Line>
                <Line startX="3.004173" startY="1.24015" endX="3.004173" endY="1.246054">
                  <LineDesc lineEnd="ROUND" lineWidth="0.003937" lineProperty="SOLID" />
                </Line>
                <Line startX="3.004173" startY="1.246054" endX="3.002205" endY="1.248022">
                  <LineDesc lineEnd="ROUND" lineWidth="0.003937" lineProperty="SOLID" />
                </Line>
                <Line startX="3.002205" startY="1.248022" endX="3.000238" endY="1.248022">
                  <LineDesc lineEnd="ROUND" lineWidth="0.003937" lineProperty="SOLID" />
                </Line>
                <Line startX="3.000238" startY="1.248022" endX="2.99827" endY="1.246054">
                  <LineDesc lineEnd="ROUND" lineWidth="0.003937" lineProperty="SOLID" />
                </Line>
                <Line startX="2.99827" startY="1.246054" endX="2.99827" endY="1.24015">
                  <LineDesc lineEnd="ROUND" lineWidth="0.003937" lineProperty="SOLID" />
                </Line>
                <Line startX="2.99827" startY="1.24015" endX="2.99827" endY="1.24015">
                  <LineDesc lineEnd="ROUND" lineWidth="0.003937" lineProperty="SOLID" />
                </Line>
                <Line startX="2.99827" startY="1.24015" endX="2.99827" endY="1.24015">
                  <LineDesc lineEnd="ROUND" lineWidth="0.003937" lineProperty="SOLID" />
                </Line>
                <Line startX="2.99827" startY="1.24015" endX="2.99827" endY="1.24015">
                  <LineDesc lineEnd="ROUND" lineWidth="0.003937" lineProperty="SOLID" />
                </Line>
                <Line startX="2.99827" startY="1.24015" endX="2.99827" endY="1.246054">
                  <LineDesc lineEnd="ROUND" lineWidth="0.003937" lineProperty="SOLID" />
                </Line>
                <Line startX="2.99827" startY="1.246054" endX="2.996302" endY="1.248022">
                  <LineDesc lineEnd="ROUND" lineWidth="0.003937" lineProperty="SOLID" />
                </Line>
                <Line startX="2.996302" startY="1.248022" endX="2.994334" endY="1.248022">
                  <LineDesc lineEnd="ROUND" lineWidth="0.003937" lineProperty="SOLID" />
                </Line>
                <Line startX="2.994334" startY="1.248022" endX="2.992366" endY="1.246054">
                  <LineDesc lineEnd="ROUND" lineWidth="0.003937" lineProperty="SOLID" />
                </Line>
                <Line startX="2.992366" startY="1.246054" endX="2.992366" endY="1.24015">
                  <LineDesc lineEnd="ROUND" lineWidth="0.003937" lineProperty="SOLID" />
                </Line>
                <Line startX="2.992366" startY="1.271636" endX="2.992366" endY="1.263764">
                  <LineDesc lineEnd="ROUND" lineWidth="0.003937" lineProperty="SOLID" />
                </Line>
                <Line startX="2.992366" startY="1.263764" endX="3.004173" endY="1.263764">
                  <LineDesc lineEnd="ROUND" lineWidth="0.003937" lineProperty="SOLID" />
                </Line>
                <Line startX="3.004173" startY="1.263764" endX="3.004173" endY="1.271636">
                  <LineDesc lineEnd="ROUND" lineWidth="0.003937" lineProperty="SOLID" />
                </Line>
                <Line startX="2.99827" startY="1.263764" endX="2.99827" endY="1.2677">
                  <LineDesc lineEnd="ROUND" lineWidth="0.003937" lineProperty="SOLID" />
                </Line>
                <Line startX="2.992366" startY="1.275572" endX="3.004173" endY="1.275572">
                  <LineDesc lineEnd="ROUND" lineWidth="0.003937" lineProperty="SOLID" />
                </Line>
                <Line startX="3.004173" startY="1.275572" endX="3.004173" endY="1.281475">
                  <LineDesc lineEnd="ROUND" lineWidth="0.003937" lineProperty="SOLID" />
                </Line>
                <Line startX="3.004173" startY="1.281475" endX="3.002205" endY="1.283443">
                  <LineDesc lineEnd="ROUND" lineWidth="0.003937" lineProperty="SOLID" />
                </Line>
                <Line startX="3.002205" startY="1.283443" endX="2.994334" endY="1.283443">
                  <LineDesc lineEnd="ROUND" lineWidth="0.003937" lineProperty="SOLID" />
                </Line>
                <Line startX="2.994334" startY="1.283443" endX="2.992366" endY="1.281475">
                  <LineDesc lineEnd="ROUND" lineWidth="0.003937" lineProperty="SOLID" />
                </Line>
                <Line startX="2.992366" startY="1.281475" endX="2.992366" endY="1.275572">
                  <LineDesc lineEnd="ROUND" lineWidth="0.003937" lineProperty="SOLID" />
                </Line>
                <Line startX="2.994334" startY="1.29525" endX="2.992366" endY="1.293282">
                  <LineDesc lineEnd="ROUND" lineWidth="0.003937" lineProperty="SOLID" />
                </Line>
                <Line startX="2.992366" startY="1.293282" endX="2.992366" endY="1.289347">
                  <LineDesc lineEnd="ROUND" lineWidth="0.003937" lineProperty="SOLID" />
                </Line>
                <Line startX="2.992366" startY="1.289347" endX="2.994334" endY="1.287379">
                  <LineDesc lineEnd="ROUND" lineWidth="0.003937" lineProperty="SOLID" />
                </Line>
                <Line startX="2.994334" startY="1.287379" endX="3.002205" endY="1.287379">
                  <LineDesc lineEnd="ROUND" lineWidth="0.003937" lineProperty="SOLID" />
                </Line>
                <Line startX="3.002205" startY="1.287379" endX="3.004173" endY="1.289347">
                  <LineDesc lineEnd="ROUND" lineWidth="0.003937" lineProperty="SOLID" />
                </Line>
                <Line startX="3.004173" startY="1.289347" endX="3.004173" endY="1.293282">
                  <LineDesc lineEnd="ROUND" lineWidth="0.003937" lineProperty="SOLID" />
                </Line>
                <Line startX="3.004173" startY="1.293282" endX="3.002205" endY="1.29525">
                  <LineDesc lineEnd="ROUND" lineWidth="0.003937" lineProperty="SOLID" />
                </Line>
                <Line startX="3.002205" startY="1.29525" endX="2.99827" endY="1.29525">
                  <LineDesc lineEnd="ROUND" lineWidth="0.003937" lineProperty="SOLID" />
                </Line>
                <Line startX="2.99827" startY="1.29525" endX="2.99827" endY="1.291315">
                  <LineDesc lineEnd="ROUND" lineWidth="0.003937" lineProperty="SOLID" />
                </Line>
                <Line startX="2.992366" startY="1.307058" endX="2.992366" endY="1.299186">
                  <LineDesc lineEnd="ROUND" lineWidth="0.003937" lineProperty="SOLID" />
                </Line>
                <Line startX="2.992366" startY="1.299186" endX="3.004173" endY="1.299186">
                  <LineDesc lineEnd="ROUND" lineWidth="0.003937" lineProperty="SOLID" />
                </Line>
                <Line startX="3.004173" startY="1.299186" endX="3.004173" endY="1.307058">
                  <LineDesc lineEnd="ROUND" lineWidth="0.003937" lineProperty="SOLID" />
                </Line>
                <Line startX="2.99827" startY="1.299186" endX="2.99827" endY="1.303122">
                  <LineDesc lineEnd="ROUND" lineWidth="0.003937" lineProperty="SOLID" />
                </Line>
              </UserSpecial>
            </Features>
          </Set>
          <Set>
            <SlotCavity name="J2-11 Hole" platingStatus="PLATED" plusTol="0" minusTol="0">
              <Outline>
                <Polygon>
                  <PolyBegin x="2.956929" y="1.625753" />
                  <PolyStepSegment x="2.961538" y="1.62667" />
                  <PolyStepSegment x="2.965444" y="1.62928" />
                  <PolyStepSegment x="2.968055" y="1.633187" />
                  <PolyStepSegment x="2.968972" y="1.637795" />
                  <PolyStepSegment x="2.968055" y="1.642404" />
                  <PolyStepSegment x="2.965444" y="1.646311" />
                  <PolyStepSegment x="2.961538" y="1.648921" />
                  <PolyStepSegment x="2.956929" y="1.649838" />
                  <PolyStepSegment x="2.92937" y="1.649838" />
                  <PolyStepSegment x="2.924762" y="1.648921" />
                  <PolyStepSegment x="2.920855" y="1.646311" />
                  <PolyStepSegment x="2.918244" y="1.642404" />
                  <PolyStepSegment x="2.917328" y="1.637795" />
                  <PolyStepSegment x="2.918244" y="1.633187" />
                  <PolyStepSegment x="2.920855" y="1.62928" />
                  <PolyStepSegment x="2.924762" y="1.62667" />
                  <PolyStepSegment x="2.92937" y="1.625753" />
                  <PolyStepSegment x="2.956929" y="1.625753" />
                </Polygon>
                <LineDesc lineEnd="NONE" lineWidth="0" lineProperty="SOLID" />
              </Outline>
            </SlotCavity>
          </Set>
          <Set>
            <SlotCavity name="J2-8 Hole" platingStatus="PLATED" plusTol="0" minusTol="0">
              <Outline>
                <Polygon>
                  <PolyBegin x="2.956929" y="1.350162" />
                  <PolyStepSegment x="2.961538" y="1.351079" />
                  <PolyStepSegment x="2.965444" y="1.35369" />
                  <PolyStepSegment x="2.968055" y="1.357596" />
                  <PolyStepSegment x="2.968972" y="1.362205" />
                  <PolyStepSegment x="2.968055" y="1.366813" />
                  <PolyStepSegment x="2.965444" y="1.37072" />
                  <PolyStepSegment x="2.961538" y="1.37333" />
                  <PolyStepSegment x="2.956929" y="1.374247" />
                  <PolyStepSegment x="2.92937" y="1.374247" />
                  <PolyStepSegment x="2.924762" y="1.37333" />
                  <PolyStepSegment x="2.920855" y="1.37072" />
                  <PolyStepSegment x="2.918244" y="1.366813" />
                  <PolyStepSegment x="2.917328" y="1.362205" />
                  <PolyStepSegment x="2.918244" y="1.357596" />
                  <PolyStepSegment x="2.920855" y="1.35369" />
                  <PolyStepSegment x="2.924762" y="1.351079" />
                  <PolyStepSegment x="2.92937" y="1.350162" />
                  <PolyStepSegment x="2.956929" y="1.350162" />
                </Polygon>
                <LineDesc lineEnd="NONE" lineWidth="0" lineProperty="SOLID" />
              </Outline>
            </SlotCavity>
          </Set>
        </LayerFeature>
        <LayerFeature layerRef="Top Assembly">
          <Set>
            <ColorRef id="LAYER_COLOR_Top Assembly" />
          </Set>
          <Set net="No Net">
            <Features>
              <UserSpecial>
                <Line startX="2.356339" startY="2.107008" endX="2.356339" endY="2.232992">
                  <LineDesc lineEnd="ROUND" lineWidth="0.007874" lineProperty="SOLID" />
                </Line>
                <Line startX="2.273661" startY="2.107008" endX="2.356339" endY="2.107008">
                  <LineDesc lineEnd="ROUND" lineWidth="0.007874" lineProperty="SOLID" />
                </Line>
                <Line startX="2.273661" startY="2.107008" endX="2.273661" endY="2.232992">
                  <LineDesc lineEnd="ROUND" lineWidth="0.007874" lineProperty="SOLID" />
                </Line>
                <Line startX="2.273661" startY="2.232992" endX="2.356339" endY="2.232992">
                  <LineDesc lineEnd="ROUND" lineWidth="0.007874" lineProperty="SOLID" />
                </Line>
                <Line startX="2.285591" startY="2.277913" endX="2.285591" endY="2.948976">
                  <LineDesc lineEnd="ROUND" lineWidth="0.007874" lineProperty="SOLID" />
                </Line>
                <Line startX="2.285591" startY="2.948976" endX="3.00437" endY="2.948976">
                  <LineDesc lineEnd="ROUND" lineWidth="0.007874" lineProperty="SOLID" />
                </Line>
                <Line startX="3.00437" startY="2.277913" endX="3.00437" endY="2.948976">
                  <LineDesc lineEnd="ROUND" lineWidth="0.007874" lineProperty="SOLID" />
                </Line>
                <Line startX="2.285591" startY="2.277913" endX="3.00437" endY="2.277913">
                  <LineDesc lineEnd="ROUND" lineWidth="0.007874" lineProperty="SOLID" />
                </Line>
                <Line startX="1.922437" startY="2.842909" endX="1.922437" endY="2.977091">
                  <LineDesc lineEnd="ROUND" lineWidth="0.007874" lineProperty="SOLID" />
                </Line>
                <Line startX="1.922437" startY="2.977091" endX="1.997563" endY="2.977091">
                  <LineDesc lineEnd="ROUND" lineWidth="0.007874" lineProperty="SOLID" />
                </Line>
                <Line startX="1.997563" startY="2.842909" endX="1.997563" endY="2.977091">
                  <LineDesc lineEnd="ROUND" lineWidth="0.007874" lineProperty="SOLID" />
                </Line>
                <Line startX="1.922437" startY="2.842909" endX="1.997563" endY="2.842909">
                  <LineDesc lineEnd="ROUND" lineWidth="0.007874" lineProperty="SOLID" />
                </Line>
                <Line startX="2.123344" startY="2.834801" endX="2.123344" endY="2.965199">
                  <LineDesc lineEnd="ROUND" lineWidth="0.007874" lineProperty="SOLID" />
                </Line>
                <Line startX="2.123344" startY="2.965199" endX="2.196656" endY="2.965199">
                  <LineDesc lineEnd="ROUND" lineWidth="0.007874" lineProperty="SOLID" />
                </Line>
                <Line startX="2.196656" startY="2.834801" endX="2.196656" endY="2.965199">
                  <LineDesc lineEnd="ROUND" lineWidth="0.007874" lineProperty="SOLID" />
                </Line>
                <Line startX="2.123344" startY="2.834801" endX="2.196656" endY="2.834801">
                  <LineDesc lineEnd="ROUND" lineWidth="0.007874" lineProperty="SOLID" />
                </Line>
                <Line startX="1.204606" startY="2.23315" endX="1.655394" endY="2.23315">
                  <LineDesc lineEnd="ROUND" lineWidth="0.007874" lineProperty="SOLID" />
                </Line>
                <Line startX="1.655394" startY="2.12685" endX="1.655394" endY="2.23315">
                  <LineDesc lineEnd="ROUND" lineWidth="0.007874" lineProperty="SOLID" />
                </Line>
                <Line startX="1.204606" startY="2.12685" endX="1.655394" endY="2.12685">
                  <LineDesc lineEnd="ROUND" lineWidth="0.007874" lineProperty="SOLID" />
                </Line>
                <Line startX="1.204606" startY="2.12685" endX="1.204606" endY="2.23315">
                  <LineDesc lineEnd="ROUND" lineWidth="0.007874" lineProperty="SOLID" />
                </Line>
                <Line startX="2.236339" startY="1.607008" endX="2.236339" endY="1.732992">
                  <LineDesc lineEnd="ROUND" lineWidth="0.007874" lineProperty="SOLID" />
                </Line>
                <Line startX="2.153661" startY="1.607008" endX="2.236339" endY="1.607008">
                  <LineDesc lineEnd="ROUND" lineWidth="0.007874" lineProperty="SOLID" />
                </Line>
                <Line startX="2.153661" startY="1.607008" endX="2.153661" endY="1.732992">
                  <LineDesc lineEnd="ROUND" lineWidth="0.007874" lineProperty="SOLID" />
                </Line>
                <Line startX="2.153661" startY="1.732992" endX="2.236339" endY="1.732992">
                  <LineDesc lineEnd="ROUND" lineWidth="0.007874" lineProperty="SOLID" />
                </Line>
              </UserSpecial>
            </Features>
            <Features>
              <Contour>
                <Polygon>
                  <PolyBegin x="2.315436" y="2.133236" />
                  <PolyStepSegment x="2.315436" y="2.13633" />
                  <PolyStepSegment x="2.335129" y="2.13633" />
                  <PolyStepSegment x="2.335092" y="2.136367" />
                  <PolyStepSegment x="2.334947" y="2.136549" />
                  <PolyStepSegment x="2.334728" y="2.136767" />
                  <PolyStepSegment x="2.334474" y="2.137131" />
                  <PolyStepSegment x="2.334146" y="2.137532" />
                  <PolyStepSegment x="2.333782" y="2.138041" />
                  <PolyStepSegment x="2.333382" y="2.138624" />
                  <PolyStepSegment x="2.332981" y="2.139279" />
                  <PolyStepSegment x="2.332981" y="2.139315" />
                  <PolyStepSegment x="2.332945" y="2.139352" />
                  <PolyStepSegment x="2.332799" y="2.13957" />
                  <PolyStepSegment x="2.332617" y="2.139934" />
                  <PolyStepSegment x="2.332399" y="2.140371" />
                  <PolyStepSegment x="2.332144" y="2.14088" />
                  <PolyStepSegment x="2.331889" y="2.141426" />
                  <PolyStepSegment x="2.331634" y="2.141972" />
                  <PolyStepSegment x="2.331416" y="2.142518" />
                  <PolyStepSegment x="2.334401" y="2.142518" />
                  <PolyStepSegment x="2.334401" y="2.142482" />
                  <PolyStepSegment x="2.334474" y="2.142409" />
                  <PolyStepSegment x="2.33451" y="2.142264" />
                  <PolyStepSegment x="2.334619" y="2.142082" />
                  <PolyStepSegment x="2.334728" y="2.141863" />
                  <PolyStepSegment x="2.334874" y="2.141608" />
                  <PolyStepSegment x="2.335238" y="2.14099" />
                  <PolyStepSegment x="2.335638" y="2.140262" />
                  <PolyStepSegment x="2.336148" y="2.139534" />
                  <PolyStepSegment x="2.33673" y="2.138769" />
                  <PolyStepSegment x="2.337349" y="2.138005" />
                  <PolyStepSegment x="2.337386" y="2.137968" />
                  <PolyStepSegment x="2.337422" y="2.137932" />
                  <PolyStepSegment x="2.337531" y="2.137823" />
                  <PolyStepSegment x="2.33764" y="2.137677" />
                  <PolyStepSegment x="2.338004" y="2.13735" />
                  <PolyStepSegment x="2.338441" y="2.136913" />
                  <PolyStepSegment x="2.338951" y="2.136476" />
                  <PolyStepSegment x="2.339533" y="2.136003" />
                  <PolyStepSegment x="2.340116" y="2.135602" />
                  <PolyStepSegment x="2.340734" y="2.135238" />
                  <PolyStepSegment x="2.340734" y="2.133236" />
                  <PolyStepSegment x="2.315436" y="2.133236" />
                </Polygon>
              </Contour>
            </Features>
            <Features>
              <Contour>
                <Polygon>
                  <PolyBegin x="2.341026" y="2.157515" />
                  <PolyStepSegment x="2.340989" y="2.157188" />
                  <PolyStepSegment x="2.340953" y="2.156787" />
                  <PolyStepSegment x="2.340916" y="2.156387" />
                  <PolyStepSegment x="2.340807" y="2.155914" />
                  <PolyStepSegment x="2.340589" y="2.154931" />
                  <PolyStepSegment x="2.340261" y="2.153839" />
                  <PolyStepSegment x="2.340043" y="2.153293" />
                  <PolyStepSegment x="2.339788" y="2.152783" />
                  <PolyStepSegment x="2.33946" y="2.152274" />
                  <PolyStepSegment x="2.339133" y="2.151764" />
                  <PolyStepSegment x="2.339096" y="2.151728" />
                  <PolyStepSegment x="2.33906" y="2.151655" />
                  <PolyStepSegment x="2.338951" y="2.151509" />
                  <PolyStepSegment x="2.338769" y="2.151327" />
                  <PolyStepSegment x="2.338587" y="2.151145" />
                  <PolyStepSegment x="2.338332" y="2.15089" />
                  <PolyStepSegment x="2.338041" y="2.150636" />
                  <PolyStepSegment x="2.33775" y="2.150344" />
                  <PolyStepSegment x="2.337386" y="2.150053" />
                  <PolyStepSegment x="2.336949" y="2.149762" />
                  <PolyStepSegment x="2.336512" y="2.149434" />
                  <PolyStepSegment x="2.336039" y="2.149143" />
                  <PolyStepSegment x="2.335493" y="2.148888" />
                  <PolyStepSegment x="2.334947" y="2.148597" />
                  <PolyStepSegment x="2.334364" y="2.148379" />
                  <PolyStepSegment x="2.333709" y="2.14816" />
                  <PolyStepSegment x="2.332945" y="2.151436" />
                  <PolyStepSegment x="2.332981" y="2.151436" />
                  <PolyStepSegment x="2.333054" y="2.151473" />
                  <PolyStepSegment x="2.3332" y="2.151546" />
                  <PolyStepSegment x="2.333382" y="2.151618" />
                  <PolyStepSegment x="2.3336" y="2.151691" />
                  <PolyStepSegment x="2.333891" y="2.1518" />
                  <PolyStepSegment x="2.334474" y="2.152092" />
                  <PolyStepSegment x="2.335129" y="2.152456" />
                  <PolyStepSegment x="2.335784" y="2.152892" />
                  <PolyStepSegment x="2.336403" y="2.153438" />
                  <PolyStepSegment x="2.336949" y="2.154021" />
                  <PolyStepSegment x="2.337022" y="2.154094" />
                  <PolyStepSegment x="2.337167" y="2.154312" />
                  <PolyStepSegment x="2.337349" y="2.154676" />
                  <PolyStepSegment x="2.337604" y="2.155149" />
                  <PolyStepSegment x="2.337822" y="2.155768" />
                  <PolyStepSegment x="2.338041" y="2.15646" />
                  <PolyStepSegment x="2.338186" y="2.157297" />
                  <PolyStepSegment x="2.338223" y="2.158207" />
                  <PolyStepSegment x="2.338223" y="2.158498" />
                  <PolyStepSegment x="2.338186" y="2.15868" />
                  <PolyStepSegment x="2.338186" y="2.158935" />
                  <PolyStepSegment x="2.33815" y="2.159226" />
                  <PolyStepSegment x="2.338041" y="2.159918" />
                  <PolyStepSegment x="2.337895" y="2.160682" />
                  <PolyStepSegment x="2.33764" y="2.161483" />
                  <PolyStepSegment x="2.337276" y="2.16232" />
                  <PolyStepSegment x="2.336803" y="2.163084" />
                  <PolyStepSegment x="2.336803" y="2.163121" />
                  <PolyStepSegment x="2.33673" y="2.163157" />
                  <PolyStepSegment x="2.336548" y="2.163412" />
                  <PolyStepSegment x="2.336257" y="2.16374" />
                  <PolyStepSegment x="2.33582" y="2.16414" />
                  <PolyStepSegment x="2.335274" y="2.164613" />
                  <PolyStepSegment x="2.334656" y="2.16505" />
                  <PolyStepSegment x="2.333891" y="2.16545" />
                  <PolyStepSegment x="2.333054" y="2.165814" />
                  <PolyStepSegment x="2.333018" y="2.165814" />
                  <PolyStepSegment x="2.332945" y="2.165851" />
                  <PolyStepSegment x="2.332836" y="2.165887" />
                  <PolyStepSegment x="2.332654" y="2.165924" />
                  <PolyStepSegment x="2.332435" y="2.165996" />
                  <PolyStepSegment x="2.33218" y="2.166069" />
                  <PolyStepSegment x="2.331562" y="2.166178" />
                  <PolyStepSegment x="2.330834" y="2.166324" />
                  <PolyStepSegment x="2.330033" y="2.16647" />
                  <PolyStepSegment x="2.329159" y="2.166542" />
                  <PolyStepSegment x="2.328213" y="2.166579" />
                  <PolyStepSegment x="2.328176" y="2.166579" />
                  <PolyStepSegment x="2.328067" y="2.166579" />
                  <PolyStepSegment x="2.327885" y="2.166579" />
                  <PolyStepSegment x="2.327667" y="2.166579" />
                  <PolyStepSegment x="2.327412" y="2.166542" />
                  <PolyStepSegment x="2.327084" y="2.166542" />
                  <PolyStepSegment x="2.32672" y="2.166506" />
                  <PolyStepSegment x="2.32632" y="2.16647" />
                  <PolyStepSegment x="2.325446" y="2.16636" />
                  <PolyStepSegment x="2.3245" y="2.166178" />
                  <PolyStepSegment x="2.323554" y="2.16596" />
                  <PolyStepSegment x="2.322607" y="2.165669" />
                  <PolyStepSegment x="2.322571" y="2.165669" />
                  <PolyStepSegment x="2.322498" y="2.165632" />
                  <PolyStepSegment x="2.322389" y="2.16556" />
                  <PolyStepSegment x="2.322207" y="2.165487" />
                  <PolyStepSegment x="2.32177" y="2.165268" />
                  <PolyStepSegment x="2.32126" y="2.164941" />
                  <PolyStepSegment x="2.320678" y="2.16454" />
                  <PolyStepSegment x="2.320059" y="2.164031" />
                  <PolyStepSegment x="2.319513" y="2.163448" />
                  <PolyStepSegment x="2.319004" y="2.162757" />
                  <PolyStepSegment x="2.319004" y="2.16272" />
                  <PolyStepSegment x="2.318967" y="2.162648" />
                  <PolyStepSegment x="2.318894" y="2.162538" />
                  <PolyStepSegment x="2.318822" y="2.162393" />
                  <PolyStepSegment x="2.318749" y="2.162211" />
                  <PolyStepSegment x="2.31864" y="2.161992" />
                  <PolyStepSegment x="2.318421" y="2.161483" />
                  <PolyStepSegment x="2.318203" y="2.160828" />
                  <PolyStepSegment x="2.318021" y="2.1601" />
                  <PolyStepSegment x="2.317875" y="2.159299" />
                  <PolyStepSegment x="2.317839" y="2.158462" />
                  <PolyStepSegment x="2.317839" y="2.158207" />
                  <PolyStepSegment x="2.317875" y="2.157988" />
                  <PolyStepSegment x="2.317875" y="2.157734" />
                  <PolyStepSegment x="2.317912" y="2.157479" />
                  <PolyStepSegment x="2.318057" y="2.156824" />
                  <PolyStepSegment x="2.318239" y="2.156059" />
                  <PolyStepSegment x="2.31853" y="2.155295" />
                  <PolyStepSegment x="2.318931" y="2.154494" />
                  <PolyStepSegment x="2.319149" y="2.154094" />
                  <PolyStepSegment x="2.31944" y="2.15373" />
                  <PolyStepSegment x="2.319477" y="2.153693" />
                  <PolyStepSegment x="2.319513" y="2.153657" />
                  <PolyStepSegment x="2.319622" y="2.153548" />
                  <PolyStepSegment x="2.319732" y="2.153402" />
                  <PolyStepSegment x="2.319914" y="2.153256" />
                  <PolyStepSegment x="2.320132" y="2.153074" />
                  <PolyStepSegment x="2.32035" y="2.152856" />
                  <PolyStepSegment x="2.320642" y="2.152674" />
                  <PolyStepSegment x="2.320969" y="2.152456" />
                  <PolyStepSegment x="2.321333" y="2.152201" />
                  <PolyStepSegment x="2.321697" y="2.151982" />
                  <PolyStepSegment x="2.322134" y="2.151764" />
                  <PolyStepSegment x="2.322607" y="2.151582" />
                  <PolyStepSegment x="2.323117" y="2.1514" />
                  <PolyStepSegment x="2.323663" y="2.151218" />
                  <PolyStepSegment x="2.324245" y="2.151072" />
                  <PolyStepSegment x="2.323408" y="2.147724" />
                  <PolyStepSegment x="2.323372" y="2.147724" />
                  <PolyStepSegment x="2.323226" y="2.14776" />
                  <PolyStepSegment x="2.323008" y="2.147833" />
                  <PolyStepSegment x="2.322716" y="2.147942" />
                  <PolyStepSegment x="2.322389" y="2.148051" />
                  <PolyStepSegment x="2.321988" y="2.148197" />
                  <PolyStepSegment x="2.321552" y="2.148379" />
                  <PolyStepSegment x="2.321078" y="2.148597" />
                  <PolyStepSegment x="2.320059" y="2.149107" />
                  <PolyStepSegment x="2.31904" y="2.149762" />
                  <PolyStepSegment x="2.31853" y="2.150162" />
                  <PolyStepSegment x="2.318021" y="2.150563" />
                  <PolyStepSegment x="2.317584" y="2.151" />
                  <PolyStepSegment x="2.317147" y="2.151509" />
                  <PolyStepSegment x="2.317111" y="2.151546" />
                  <PolyStepSegment x="2.317038" y="2.151618" />
                  <PolyStepSegment x="2.316965" y="2.1518" />
                  <PolyStepSegment x="2.31682" y="2.151982" />
                  <PolyStepSegment x="2.316638" y="2.152274" />
                  <PolyStepSegment x="2.316456" y="2.152565" />
                  <PolyStepSegment x="2.316274" y="2.152965" />
                  <PolyStepSegment x="2.316092" y="2.153366" />
                  <PolyStepSegment x="2.315873" y="2.153839" />
                  <PolyStepSegment x="2.315691" y="2.154348" />
                  <PolyStepSegment x="2.315509" y="2.154894" />
                  <PolyStepSegment x="2.315327" y="2.155477" />
                  <PolyStepSegment x="2.315182" y="2.156096" />
                  <PolyStepSegment x="2.315109" y="2.156751" />
                  <PolyStepSegment x="2.315036" y="2.157442" />
                  <PolyStepSegment x="2.315" y="2.15817" />
                  <PolyStepSegment x="2.315" y="2.158571" />
                  <PolyStepSegment x="2.315036" y="2.158862" />
                  <PolyStepSegment x="2.315036" y="2.15919" />
                  <PolyStepSegment x="2.315072" y="2.15959" />
                  <PolyStepSegment x="2.315145" y="2.160027" />
                  <PolyStepSegment x="2.315218" y="2.160536" />
                  <PolyStepSegment x="2.3154" y="2.161592" />
                  <PolyStepSegment x="2.315691" y="2.162684" />
                  <PolyStepSegment x="2.316092" y="2.163776" />
                  <PolyStepSegment x="2.316346" y="2.164286" />
                  <PolyStepSegment x="2.316638" y="2.164795" />
                  <PolyStepSegment x="2.316674" y="2.164832" />
                  <PolyStepSegment x="2.31671" y="2.164904" />
                  <PolyStepSegment x="2.31682" y="2.16505" />
                  <PolyStepSegment x="2.316965" y="2.165196" />
                  <PolyStepSegment x="2.317111" y="2.165414" />
                  <PolyStepSegment x="2.317329" y="2.165669" />
                  <PolyStepSegment x="2.317584" y="2.16596" />
                  <PolyStepSegment x="2.317875" y="2.166251" />
                  <PolyStepSegment x="2.318203" y="2.166542" />
                  <PolyStepSegment x="2.31853" y="2.16687" />
                  <PolyStepSegment x="2.319368" y="2.167525" />
                  <PolyStepSegment x="2.32035" y="2.168144" />
                  <PolyStepSegment x="2.321442" y="2.16869" />
                  <PolyStepSegment x="2.321479" y="2.16869" />
                  <PolyStepSegment x="2.321588" y="2.168763" />
                  <PolyStepSegment x="2.32177" y="2.168799" />
                  <PolyStepSegment x="2.321988" y="2.168908" />
                  <PolyStepSegment x="2.32228" y="2.168981" />
                  <PolyStepSegment x="2.322644" y="2.16909" />
                  <PolyStepSegment x="2.323044" y="2.169236" />
                  <PolyStepSegment x="2.323481" y="2.169345" />
                  <PolyStepSegment x="2.323954" y="2.169454" />
                  <PolyStepSegment x="2.3245" y="2.1696" />
                  <PolyStepSegment x="2.325628" y="2.169782" />
                  <PolyStepSegment x="2.326902" y="2.169928" />
                  <PolyStepSegment x="2.328213" y="2.17" />
                  <PolyStepSegment x="2.328249" y="2.17" />
                  <PolyStepSegment x="2.328395" y="2.17" />
                  <PolyStepSegment x="2.328613" y="2.17" />
                  <PolyStepSegment x="2.328868" y="2.169964" />
                  <PolyStepSegment x="2.329232" y="2.169964" />
                  <PolyStepSegment x="2.329596" y="2.169928" />
                  <PolyStepSegment x="2.330069" y="2.169891" />
                  <PolyStepSegment x="2.330542" y="2.169818" />
                  <PolyStepSegment x="2.331598" y="2.169636" />
                  <PolyStepSegment x="2.332763" y="2.169382" />
                  <PolyStepSegment x="2.333928" y="2.169018" />
                  <PolyStepSegment x="2.335056" y="2.168508" />
                  <PolyStepSegment x="2.335092" y="2.168472" />
                  <PolyStepSegment x="2.335202" y="2.168435" />
                  <PolyStepSegment x="2.335347" y="2.168362" />
                  <PolyStepSegment x="2.335529" y="2.168217" />
                  <PolyStepSegment x="2.335784" y="2.168071" />
                  <PolyStepSegment x="2.336075" y="2.167889" />
                  <PolyStepSegment x="2.33673" y="2.167416" />
                  <PolyStepSegment x="2.337458" y="2.166797" />
                  <PolyStepSegment x="2.338186" y="2.166069" />
                  <PolyStepSegment x="2.338914" y="2.165232" />
                  <PolyStepSegment x="2.339533" y="2.164249" />
                  <PolyStepSegment x="2.33957" y="2.164213" />
                  <PolyStepSegment x="2.339606" y="2.164104" />
                  <PolyStepSegment x="2.339679" y="2.163958" />
                  <PolyStepSegment x="2.339788" y="2.163776" />
                  <PolyStepSegment x="2.339897" y="2.163485" />
                  <PolyStepSegment x="2.340006" y="2.163194" />
                  <PolyStepSegment x="2.340152" y="2.16283" />
                  <PolyStepSegment x="2.340298" y="2.162429" />
                  <PolyStepSegment x="2.340443" y="2.161992" />
                  <PolyStepSegment x="2.340589" y="2.161519" />
                  <PolyStepSegment x="2.340807" y="2.1605" />
                  <PolyStepSegment x="2.340989" y="2.159335" />
                  <PolyStepSegment x="2.341062" y="2.158134" />
                  <PolyStepSegment x="2.341062" y="2.15777" />
                  <PolyStepSegment x="2.341026" y="2.157515" />
                </Polygon>
              </Contour>
            </Features>
            <Features>
              <Contour>
                <Polygon>
                  <PolyBegin x="2.636536" y="2.627313" />
                  <PolyStepSegment x="2.636572" y="2.627313" />
                  <PolyStepSegment x="2.636682" y="2.627313" />
                  <PolyStepSegment x="2.636827" y="2.627313" />
                  <PolyStepSegment x="2.637046" y="2.627313" />
                  <PolyStepSegment x="2.637337" y="2.627276" />
                  <PolyStepSegment x="2.637628" y="2.627276" />
                  <PolyStepSegment x="2.63832" y="2.627204" />
                  <PolyStepSegment x="2.63912" y="2.627131" />
                  <PolyStepSegment x="2.639958" y="2.626985" />
                  <PolyStepSegment x="2.640722" y="2.626767" />
                  <PolyStepSegment x="2.64145" y="2.626512" />
                  <PolyStepSegment x="2.641486" y="2.626512" />
                  <PolyStepSegment x="2.641523" y="2.626476" />
                  <PolyStepSegment x="2.641741" y="2.626366" />
                  <PolyStepSegment x="2.642032" y="2.626184" />
                  <PolyStepSegment x="2.642433" y="2.62593" />
                  <PolyStepSegment x="2.642833" y="2.625566" />
                  <PolyStepSegment x="2.64327" y="2.625165" />
                  <PolyStepSegment x="2.643707" y="2.624656" />
                  <PolyStepSegment x="2.644071" y="2.624073" />
                  <PolyStepSegment x="2.644107" y="2.624" />
                  <PolyStepSegment x="2.644216" y="2.623782" />
                  <PolyStepSegment x="2.644362" y="2.623454" />
                  <PolyStepSegment x="2.644508" y="2.622981" />
                  <PolyStepSegment x="2.64469" y="2.622399" />
                  <PolyStepSegment x="2.644835" y="2.621744" />
                  <PolyStepSegment x="2.644944" y="2.621016" />
                  <PolyStepSegment x="2.644981" y="2.620215" />
                  <PolyStepSegment x="2.644981" y="2.619887" />
                  <PolyStepSegment x="2.644944" y="2.619669" />
                  <PolyStepSegment x="2.644908" y="2.619378" />
                  <PolyStepSegment x="2.644872" y="2.619086" />
                  <PolyStepSegment x="2.644726" y="2.618322" />
                  <PolyStepSegment x="2.644508" y="2.617521" />
                  <PolyStepSegment x="2.64418" y="2.616684" />
                  <PolyStepSegment x="2.643962" y="2.616247" />
                  <PolyStepSegment x="2.643707" y="2.615847" />
                  <PolyStepSegment x="2.643416" y="2.615483" />
                  <PolyStepSegment x="2.643088" y="2.615119" />
                  <PolyStepSegment x="2.643052" y="2.615082" />
                  <PolyStepSegment x="2.643015" y="2.615046" />
                  <PolyStepSegment x="2.64287" y="2.614973" />
                  <PolyStepSegment x="2.642724" y="2.614864" />
                  <PolyStepSegment x="2.642542" y="2.614718" />
                  <PolyStepSegment x="2.642287" y="2.614573" />
                  <PolyStepSegment x="2.641996" y="2.614427" />
                  <PolyStepSegment x="2.641668" y="2.614245" />
                  <PolyStepSegment x="2.641304" y="2.6141" />
                  <PolyStepSegment x="2.640868" y="2.613954" />
                  <PolyStepSegment x="2.640431" y="2.613808" />
                  <PolyStepSegment x="2.639921" y="2.613663" />
                  <PolyStepSegment x="2.639375" y="2.61359" />
                  <PolyStepSegment x="2.638756" y="2.613481" />
                  <PolyStepSegment x="2.638138" y="2.613444" />
                  <PolyStepSegment x="2.637446" y="2.613444" />
                  <PolyStepSegment x="2.637009" y="2.616466" />
                  <PolyStepSegment x="2.637046" y="2.616466" />
                  <PolyStepSegment x="2.637118" y="2.616466" />
                  <PolyStepSegment x="2.637264" y="2.616466" />
                  <PolyStepSegment x="2.637482" y="2.616502" />
                  <PolyStepSegment x="2.637701" y="2.616538" />
                  <PolyStepSegment x="2.637956" y="2.616538" />
                  <PolyStepSegment x="2.638574" y="2.616648" />
                  <PolyStepSegment x="2.63923" y="2.616757" />
                  <PolyStepSegment x="2.639885" y="2.616975" />
                  <PolyStepSegment x="2.640467" y="2.617194" />
                  <PolyStepSegment x="2.640722" y="2.617339" />
                  <PolyStepSegment x="2.64094" y="2.617521" />
                  <PolyStepSegment x="2.640977" y="2.617558" />
                  <PolyStepSegment x="2.641086" y="2.617703" />
                  <PolyStepSegment x="2.641268" y="2.617922" />
                  <PolyStepSegment x="2.64145" y="2.618213" />
                  <PolyStepSegment x="2.641668" y="2.618613" />
                  <PolyStepSegment x="2.641814" y="2.61905" />
                  <PolyStepSegment x="2.64196" y="2.619596" />
                  <PolyStepSegment x="2.641996" y="2.620178" />
                  <PolyStepSegment x="2.641996" y="2.620397" />
                  <PolyStepSegment x="2.64196" y="2.620615" />
                  <PolyStepSegment x="2.641923" y="2.620943" />
                  <PolyStepSegment x="2.64185" y="2.62127" />
                  <PolyStepSegment x="2.641778" y="2.621634" />
                  <PolyStepSegment x="2.641632" y="2.621998" />
                  <PolyStepSegment x="2.64145" y="2.622362" />
                  <PolyStepSegment x="2.641414" y="2.622399" />
                  <PolyStepSegment x="2.641341" y="2.622508" />
                  <PolyStepSegment x="2.641195" y="2.622654" />
                  <PolyStepSegment x="2.64105" y="2.622872" />
                  <PolyStepSegment x="2.640795" y="2.623054" />
                  <PolyStepSegment x="2.64054" y="2.623272" />
                  <PolyStepSegment x="2.640249" y="2.623454" />
                  <PolyStepSegment x="2.639885" y="2.6236" />
                  <PolyStepSegment x="2.639848" y="2.6236" />
                  <PolyStepSegment x="2.639703" y="2.623673" />
                  <PolyStepSegment x="2.639448" y="2.623709" />
                  <PolyStepSegment x="2.63912" y="2.623782" />
                  <PolyStepSegment x="2.638684" y="2.623855" />
                  <PolyStepSegment x="2.638138" y="2.623891" />
                  <PolyStepSegment x="2.637482" y="2.623964" />
                  <PolyStepSegment x="2.636718" y="2.623964" />
                  <PolyStepSegment x="2.619355" y="2.623964" />
                  <PolyStepSegment x="2.619355" y="2.627313" />
                  <PolyStepSegment x="2.636536" y="2.627313" />
                </Polygon>
              </Contour>
            </Features>
            <Features>
              <Contour>
                <Polygon>
                  <PolyBegin x="2.619282" y="2.640926" />
                  <PolyStepSegment x="2.619282" y="2.641181" />
                  <PolyStepSegment x="2.619319" y="2.641472" />
                  <PolyStepSegment x="2.619464" y="2.642164" />
                  <PolyStepSegment x="2.619646" y="2.642928" />
                  <PolyStepSegment x="2.619938" y="2.643729" />
                  <PolyStepSegment x="2.620374" y="2.64453" />
                  <PolyStepSegment x="2.620629" y="2.64493" />
                  <PolyStepSegment x="2.62092" y="2.645294" />
                  <PolyStepSegment x="2.620957" y="2.645331" />
                  <PolyStepSegment x="2.620993" y="2.645367" />
                  <PolyStepSegment x="2.621102" y="2.645476" />
                  <PolyStepSegment x="2.621212" y="2.645586" />
                  <PolyStepSegment x="2.621394" y="2.645768" />
                  <PolyStepSegment x="2.621612" y="2.645913" />
                  <PolyStepSegment x="2.622122" y="2.646314" />
                  <PolyStepSegment x="2.622777" y="2.646714" />
                  <PolyStepSegment x="2.623578" y="2.647078" />
                  <PolyStepSegment x="2.624488" y="2.647406" />
                  <PolyStepSegment x="2.625507" y="2.647624" />
                  <PolyStepSegment x="2.625762" y="2.64453" />
                  <PolyStepSegment x="2.625725" y="2.64453" />
                  <PolyStepSegment x="2.625689" y="2.644494" />
                  <PolyStepSegment x="2.62547" y="2.644457" />
                  <PolyStepSegment x="2.625143" y="2.644348" />
                  <PolyStepSegment x="2.624742" y="2.644202" />
                  <PolyStepSegment x="2.624306" y="2.644057" />
                  <PolyStepSegment x="2.623869" y="2.643838" />
                  <PolyStepSegment x="2.623468" y="2.643584" />
                  <PolyStepSegment x="2.623141" y="2.643329" />
                  <PolyStepSegment x="2.623068" y="2.643256" />
                  <PolyStepSegment x="2.622922" y="2.64311" />
                  <PolyStepSegment x="2.622704" y="2.642856" />
                  <PolyStepSegment x="2.622449" y="2.642492" />
                  <PolyStepSegment x="2.622231" y="2.642018" />
                  <PolyStepSegment x="2.622012" y="2.641509" />
                  <PolyStepSegment x="2.621867" y="2.64089" />
                  <PolyStepSegment x="2.621794" y="2.640235" />
                  <PolyStepSegment x="2.621794" y="2.63998" />
                  <PolyStepSegment x="2.62183" y="2.639689" />
                  <PolyStepSegment x="2.621903" y="2.639361" />
                  <PolyStepSegment x="2.622012" y="2.638924" />
                  <PolyStepSegment x="2.622158" y="2.638488" />
                  <PolyStepSegment x="2.62234" y="2.638051" />
                  <PolyStepSegment x="2.622631" y="2.637614" />
                  <PolyStepSegment x="2.622668" y="2.637541" />
                  <PolyStepSegment x="2.622813" y="2.637359" />
                  <PolyStepSegment x="2.623068" y="2.637104" />
                  <PolyStepSegment x="2.623432" y="2.636777" />
                  <PolyStepSegment x="2.623869" y="2.636413" />
                  <PolyStepSegment x="2.624378" y="2.636012" />
                  <PolyStepSegment x="2.625034" y="2.635648" />
                  <PolyStepSegment x="2.625762" y="2.635284" />
                  <PolyStepSegment x="2.625798" y="2.635284" />
                  <PolyStepSegment x="2.625871" y="2.635248" />
                  <PolyStepSegment x="2.62598" y="2.635212" />
                  <PolyStepSegment x="2.626126" y="2.635139" />
                  <PolyStepSegment x="2.626344" y="2.635102" />
                  <PolyStepSegment x="2.626599" y="2.63503" />
                  <PolyStepSegment x="2.62689" y="2.634957" />
                  <PolyStepSegment x="2.627254" y="2.634884" />
                  <PolyStepSegment x="2.627654" y="2.634775" />
                  <PolyStepSegment x="2.628091" y="2.634702" />
                  <PolyStepSegment x="2.628564" y="2.634629" />
                  <PolyStepSegment x="2.629074" y="2.634593" />
                  <PolyStepSegment x="2.629656" y="2.63452" />
                  <PolyStepSegment x="2.630239" y="2.634484" />
                  <PolyStepSegment x="2.630894" y="2.634447" />
                  <PolyStepSegment x="2.631549" y="2.634447" />
                  <PolyStepSegment x="2.631513" y="2.634484" />
                  <PolyStepSegment x="2.631294" y="2.634629" />
                  <PolyStepSegment x="2.631003" y="2.634884" />
                  <PolyStepSegment x="2.630639" y="2.635212" />
                  <PolyStepSegment x="2.630202" y="2.635576" />
                  <PolyStepSegment x="2.629802" y="2.636049" />
                  <PolyStepSegment x="2.629402" y="2.636558" />
                  <PolyStepSegment x="2.629038" y="2.637141" />
                  <PolyStepSegment x="2.629038" y="2.637177" />
                  <PolyStepSegment x="2.629001" y="2.637214" />
                  <PolyStepSegment x="2.628892" y="2.637432" />
                  <PolyStepSegment x="2.628783" y="2.63776" />
                  <PolyStepSegment x="2.628601" y="2.638196" />
                  <PolyStepSegment x="2.628455" y="2.638706" />
                  <PolyStepSegment x="2.628346" y="2.639288" />
                  <PolyStepSegment x="2.628237" y="2.639907" />
                  <PolyStepSegment x="2.6282" y="2.640562" />
                  <PolyStepSegment x="2.6282" y="2.640854" />
                  <PolyStepSegment x="2.628237" y="2.641072" />
                  <PolyStepSegment x="2.628273" y="2.641363" />
                  <PolyStepSegment x="2.62831" y="2.641654" />
                  <PolyStepSegment x="2.628382" y="2.642018" />
                  <PolyStepSegment x="2.628492" y="2.642382" />
                  <PolyStepSegment x="2.628746" y="2.64322" />
                  <PolyStepSegment x="2.628928" y="2.643656" />
                  <PolyStepSegment x="2.629183" y="2.644093" />
                  <PolyStepSegment x="2.629438" y="2.64453" />
                  <PolyStepSegment x="2.629729" y="2.645003" />
                  <PolyStepSegment x="2.630093" y="2.64544" />
                  <PolyStepSegment x="2.630494" y="2.64584" />
                  <PolyStepSegment x="2.63053" y="2.645877" />
                  <PolyStepSegment x="2.630603" y="2.64595" />
                  <PolyStepSegment x="2.630712" y="2.646059" />
                  <PolyStepSegment x="2.630894" y="2.646168" />
                  <PolyStepSegment x="2.631149" y="2.64635" />
                  <PolyStepSegment x="2.631404" y="2.646532" />
                  <PolyStepSegment x="2.631731" y="2.646714" />
                  <PolyStepSegment x="2.632095" y="2.646932" />
                  <PolyStepSegment x="2.632496" y="2.647151" />
                  <PolyStepSegment x="2.632932" y="2.647333" />
                  <PolyStepSegment x="2.633442" y="2.647515" />
                  <PolyStepSegment x="2.633952" y="2.647697" />
                  <PolyStepSegment x="2.634498" y="2.647806" />
                  <PolyStepSegment x="2.635116" y="2.647915" />
                  <PolyStepSegment x="2.635735" y="2.647988" />
                  <PolyStepSegment x="2.63639" y="2.648024" />
                  <PolyStepSegment x="2.636427" y="2.648024" />
                  <PolyStepSegment x="2.6365" y="2.648024" />
                  <PolyStepSegment x="2.636609" y="2.648024" />
                  <PolyStepSegment x="2.636791" y="2.648024" />
                  <PolyStepSegment x="2.637009" y="2.647988" />
                  <PolyStepSegment x="2.637228" y="2.647988" />
                  <PolyStepSegment x="2.63781" y="2.647879" />
                  <PolyStepSegment x="2.638502" y="2.64777" />
                  <PolyStepSegment x="2.63923" y="2.647588" />
                  <PolyStepSegment x="2.64003" y="2.647333" />
                  <PolyStepSegment x="2.640795" y="2.646969" />
                  <PolyStepSegment x="2.640831" y="2.646969" />
                  <PolyStepSegment x="2.640868" y="2.646932" />
                  <PolyStepSegment x="2.640977" y="2.64686" />
                  <PolyStepSegment x="2.641122" y="2.646787" />
                  <PolyStepSegment x="2.641486" y="2.646568" />
                  <PolyStepSegment x="2.64196" y="2.646241" />
                  <PolyStepSegment x="2.642469" y="2.64584" />
                  <PolyStepSegment x="2.642979" y="2.645367" />
                  <PolyStepSegment x="2.643488" y="2.644785" />
                  <PolyStepSegment x="2.643925" y="2.644166" />
                  <PolyStepSegment x="2.643925" y="2.64413" />
                  <PolyStepSegment x="2.643962" y="2.644093" />
                  <PolyStepSegment x="2.644034" y="2.643984" />
                  <PolyStepSegment x="2.644071" y="2.643838" />
                  <PolyStepSegment x="2.644253" y="2.643474" />
                  <PolyStepSegment x="2.644435" y="2.643001" />
                  <PolyStepSegment x="2.644653" y="2.642382" />
                  <PolyStepSegment x="2.644799" y="2.641691" />
                  <PolyStepSegment x="2.644944" y="2.640926" />
                  <PolyStepSegment x="2.644981" y="2.640089" />
                  <PolyStepSegment x="2.644981" y="2.639907" />
                  <PolyStepSegment x="2.644944" y="2.639725" />
                  <PolyStepSegment x="2.644944" y="2.639434" />
                  <PolyStepSegment x="2.644908" y="2.639106" />
                  <PolyStepSegment x="2.644835" y="2.638742" />
                  <PolyStepSegment x="2.644726" y="2.638306" />
                  <PolyStepSegment x="2.644617" y="2.637869" />
                  <PolyStepSegment x="2.644471" y="2.637359" />
                  <PolyStepSegment x="2.644289" y="2.63685" />
                  <PolyStepSegment x="2.644071" y="2.63634" />
                  <PolyStepSegment x="2.64378" y="2.635794" />
                  <PolyStepSegment x="2.643452" y="2.635284" />
                  <PolyStepSegment x="2.643088" y="2.634775" />
                  <PolyStepSegment x="2.642651" y="2.634265" />
                  <PolyStepSegment x="2.642142" y="2.633792" />
                  <PolyStepSegment x="2.642105" y="2.633756" />
                  <PolyStepSegment x="2.641996" y="2.633683" />
                  <PolyStepSegment x="2.64185" y="2.633574" />
                  <PolyStepSegment x="2.641596" y="2.633428" />
                  <PolyStepSegment x="2.641268" y="2.63321" />
                  <PolyStepSegment x="2.640904" y="2.633028" />
                  <PolyStepSegment x="2.640431" y="2.632809" />
                  <PolyStepSegment x="2.639921" y="2.632591" />
                  <PolyStepSegment x="2.639302" y="2.632336" />
                  <PolyStepSegment x="2.638611" y="2.632118" />
                  <PolyStepSegment x="2.637846" y="2.631936" />
                  <PolyStepSegment x="2.637009" y="2.631754" />
                  <PolyStepSegment x="2.636063" y="2.631572" />
                  <PolyStepSegment x="2.635044" y="2.631462" />
                  <PolyStepSegment x="2.633952" y="2.63139" />
                  <PolyStepSegment x="2.632787" y="2.631353" />
                  <PolyStepSegment x="2.63275" y="2.631353" />
                  <PolyStepSegment x="2.632714" y="2.631353" />
                  <PolyStepSegment x="2.632605" y="2.631353" />
                  <PolyStepSegment x="2.632459" y="2.631353" />
                  <PolyStepSegment x="2.632095" y="2.63139" />
                  <PolyStepSegment x="2.631586" y="2.63139" />
                  <PolyStepSegment x="2.631003" y="2.631426" />
                  <PolyStepSegment x="2.630312" y="2.631499" />
                  <PolyStepSegment x="2.629547" y="2.631572" />
                  <PolyStepSegment x="2.62871" y="2.631681" />
                  <PolyStepSegment x="2.627873" y="2.631826" />
                  <PolyStepSegment x="2.626963" y="2.632008" />
                  <PolyStepSegment x="2.626089" y="2.632227" />
                  <PolyStepSegment x="2.625216" y="2.632482" />
                  <PolyStepSegment x="2.624378" y="2.632809" />
                  <PolyStepSegment x="2.623578" y="2.633173" />
                  <PolyStepSegment x="2.622813" y="2.633574" />
                  <PolyStepSegment x="2.622158" y="2.634047" />
                  <PolyStepSegment x="2.622122" y="2.634083" />
                  <PolyStepSegment x="2.622049" y="2.634156" />
                  <PolyStepSegment x="2.621903" y="2.634302" />
                  <PolyStepSegment x="2.621685" y="2.634484" />
                  <PolyStepSegment x="2.621466" y="2.634702" />
                  <PolyStepSegment x="2.621248" y="2.634993" />
                  <PolyStepSegment x="2.620957" y="2.635357" />
                  <PolyStepSegment x="2.620702" y="2.635721" />
                  <PolyStepSegment x="2.620447" y="2.636158" />
                  <PolyStepSegment x="2.620156" y="2.636631" />
                  <PolyStepSegment x="2.619938" y="2.637177" />
                  <PolyStepSegment x="2.619683" y="2.637723" />
                  <PolyStepSegment x="2.619501" y="2.638342" />
                  <PolyStepSegment x="2.619355" y="2.638997" />
                  <PolyStepSegment x="2.619282" y="2.639689" />
                  <PolyStepSegment x="2.619246" y="2.640417" />
                  <PolyStepSegment x="2.619246" y="2.640708" />
                  <PolyStepSegment x="2.619282" y="2.640926" />
                </Polygon>
                <Cutout>
                  <PolyBegin x="2.63093" y="2.639944" />
                  <PolyStepSegment x="2.63093" y="2.639725" />
                  <PolyStepSegment x="2.630967" y="2.63958" />
                  <PolyStepSegment x="2.631003" y="2.639216" />
                  <PolyStepSegment x="2.631112" y="2.638706" />
                  <PolyStepSegment x="2.631294" y="2.63816" />
                  <PolyStepSegment x="2.631586" y="2.637541" />
                  <PolyStepSegment x="2.63195" y="2.636959" />
                  <PolyStepSegment x="2.632459" y="2.636376" />
                  <PolyStepSegment x="2.632532" y="2.636304" />
                  <PolyStepSegment x="2.632714" y="2.636158" />
                  <PolyStepSegment x="2.633042" y="2.635903" />
                  <PolyStepSegment x="2.633515" y="2.635648" />
                  <PolyStepSegment x="2.634061" y="2.635394" />
                  <PolyStepSegment x="2.634752" y="2.635139" />
                  <PolyStepSegment x="2.635517" y="2.634993" />
                  <PolyStepSegment x="2.63639" y="2.63492" />
                  <PolyStepSegment x="2.636463" y="2.63492" />
                  <PolyStepSegment x="2.636645" y="2.63492" />
                  <PolyStepSegment x="2.636973" y="2.634957" />
                  <PolyStepSegment x="2.637373" y="2.634993" />
                  <PolyStepSegment x="2.637846" y="2.635066" />
                  <PolyStepSegment x="2.638356" y="2.635212" />
                  <PolyStepSegment x="2.638902" y="2.635357" />
                  <PolyStepSegment x="2.639448" y="2.635576" />
                  <PolyStepSegment x="2.639521" y="2.635612" />
                  <PolyStepSegment x="2.639703" y="2.635721" />
                  <PolyStepSegment x="2.639958" y="2.635867" />
                  <PolyStepSegment x="2.640285" y="2.636085" />
                  <PolyStepSegment x="2.640613" y="2.63634" />
                  <PolyStepSegment x="2.641013" y="2.636668" />
                  <PolyStepSegment x="2.641341" y="2.637032" />
                  <PolyStepSegment x="2.641668" y="2.637468" />
                  <PolyStepSegment x="2.641705" y="2.637541" />
                  <PolyStepSegment x="2.641778" y="2.637687" />
                  <PolyStepSegment x="2.641923" y="2.637942" />
                  <PolyStepSegment x="2.642032" y="2.638269" />
                  <PolyStepSegment x="2.642178" y="2.638633" />
                  <PolyStepSegment x="2.642324" y="2.63907" />
                  <PolyStepSegment x="2.642396" y="2.639543" />
                  <PolyStepSegment x="2.642433" y="2.640053" />
                  <PolyStepSegment x="2.642433" y="2.640235" />
                  <PolyStepSegment x="2.642396" y="2.64038" />
                  <PolyStepSegment x="2.64236" y="2.640744" />
                  <PolyStepSegment x="2.642251" y="2.641218" />
                  <PolyStepSegment x="2.642032" y="2.641727" />
                  <PolyStepSegment x="2.641778" y="2.64231" />
                  <PolyStepSegment x="2.641377" y="2.642892" />
                  <PolyStepSegment x="2.641159" y="2.643183" />
                  <PolyStepSegment x="2.640868" y="2.643438" />
                  <PolyStepSegment x="2.640831" y="2.643438" />
                  <PolyStepSegment x="2.640795" y="2.643511" />
                  <PolyStepSegment x="2.640576" y="2.643656" />
                  <PolyStepSegment x="2.640212" y="2.643875" />
                  <PolyStepSegment x="2.639739" y="2.644166" />
                  <PolyStepSegment x="2.63912" y="2.644421" />
                  <PolyStepSegment x="2.638392" y="2.644639" />
                  <PolyStepSegment x="2.637555" y="2.644785" />
                  <PolyStepSegment x="2.636572" y="2.644858" />
                  <PolyStepSegment x="2.636536" y="2.644858" />
                  <PolyStepSegment x="2.636463" y="2.644858" />
                  <PolyStepSegment x="2.636318" y="2.644858" />
                  <PolyStepSegment x="2.636136" y="2.644821" />
                  <PolyStepSegment x="2.635917" y="2.644821" />
                  <PolyStepSegment x="2.635662" y="2.644785" />
                  <PolyStepSegment x="2.63508" y="2.644676" />
                  <PolyStepSegment x="2.634425" y="2.64453" />
                  <PolyStepSegment x="2.633733" y="2.644275" />
                  <PolyStepSegment x="2.633078" y="2.643911" />
                  <PolyStepSegment x="2.632459" y="2.643438" />
                  <PolyStepSegment x="2.632386" y="2.643365" />
                  <PolyStepSegment x="2.632204" y="2.643183" />
                  <PolyStepSegment x="2.631986" y="2.642892" />
                  <PolyStepSegment x="2.631695" y="2.642492" />
                  <PolyStepSegment x="2.631404" y="2.641982" />
                  <PolyStepSegment x="2.631185" y="2.6414" />
                  <PolyStepSegment x="2.631003" y="2.640708" />
                  <PolyStepSegment x="2.63093" y="2.639944" />
                </Cutout>
              </Contour>
            </Features>
            <Features>
              <Contour>
                <Polygon>
                  <PolyBegin x="1.934411" y="2.921975" />
                  <PolyStepSegment x="1.934411" y="2.922303" />
                  <PolyStepSegment x="1.934448" y="2.923067" />
                  <PolyStepSegment x="1.934557" y="2.923868" />
                  <PolyStepSegment x="1.934666" y="2.924742" />
                  <PolyStepSegment x="1.934848" y="2.925542" />
                  <PolyStepSegment x="1.934957" y="2.925943" />
                  <PolyStepSegment x="1.935066" y="2.92627" />
                  <PolyStepSegment x="1.935066" y="2.926307" />
                  <PolyStepSegment x="1.935103" y="2.926343" />
                  <PolyStepSegment x="1.935212" y="2.926562" />
                  <PolyStepSegment x="1.935358" y="2.926889" />
                  <PolyStepSegment x="1.935612" y="2.92729" />
                  <PolyStepSegment x="1.93594" y="2.927726" />
                  <PolyStepSegment x="1.936377" y="2.9282" />
                  <PolyStepSegment x="1.936886" y="2.928636" />
                  <PolyStepSegment x="1.937469" y="2.929073" />
                  <PolyStepSegment x="1.937505" y="2.929073" />
                  <PolyStepSegment x="1.937542" y="2.92911" />
                  <PolyStepSegment x="1.93776" y="2.929255" />
                  <PolyStepSegment x="1.938124" y="2.929401" />
                  <PolyStepSegment x="1.938597" y="2.929619" />
                  <PolyStepSegment x="1.939143" y="2.929801" />
                  <PolyStepSegment x="1.939798" y="2.929983" />
                  <PolyStepSegment x="1.94049" y="2.930092" />
                  <PolyStepSegment x="1.941254" y="2.930129" />
                  <PolyStepSegment x="1.941291" y="2.930129" />
                  <PolyStepSegment x="1.941364" y="2.930129" />
                  <PolyStepSegment x="1.941509" y="2.930129" />
                  <PolyStepSegment x="1.941691" y="2.930092" />
                  <PolyStepSegment x="1.941946" y="2.930092" />
                  <PolyStepSegment x="1.942201" y="2.930056" />
                  <PolyStepSegment x="1.94282" y="2.92991" />
                  <PolyStepSegment x="1.943548" y="2.929692" />
                  <PolyStepSegment x="1.944312" y="2.929401" />
                  <PolyStepSegment x="1.945076" y="2.928964" />
                  <PolyStepSegment x="1.94544" y="2.928673" />
                  <PolyStepSegment x="1.945804" y="2.928382" />
                  <PolyStepSegment x="1.945841" y="2.928345" />
                  <PolyStepSegment x="1.945877" y="2.928309" />
                  <PolyStepSegment x="1.945986" y="2.9282" />
                  <PolyStepSegment x="1.946096" y="2.928054" />
                  <PolyStepSegment x="1.946241" y="2.927872" />
                  <PolyStepSegment x="1.946387" y="2.927654" />
                  <PolyStepSegment x="1.946569" y="2.927362" />
                  <PolyStepSegment x="1.946787" y="2.927071" />
                  <PolyStepSegment x="1.946969" y="2.926707" />
                  <PolyStepSegment x="1.947151" y="2.926307" />
                  <PolyStepSegment x="1.94737" y="2.92587" />
                  <PolyStepSegment x="1.947552" y="2.925397" />
                  <PolyStepSegment x="1.947697" y="2.924851" />
                  <PolyStepSegment x="1.947879" y="2.924305" />
                  <PolyStepSegment x="1.947988" y="2.923686" />
                  <PolyStepSegment x="1.948098" y="2.923031" />
                  <PolyStepSegment x="1.948134" y="2.923104" />
                  <PolyStepSegment x="1.948207" y="2.923249" />
                  <PolyStepSegment x="1.948352" y="2.923468" />
                  <PolyStepSegment x="1.948498" y="2.923759" />
                  <PolyStepSegment x="1.948898" y="2.924414" />
                  <PolyStepSegment x="1.949153" y="2.924742" />
                  <PolyStepSegment x="1.949372" y="2.925033" />
                  <PolyStepSegment x="1.949444" y="2.925106" />
                  <PolyStepSegment x="1.949626" y="2.925288" />
                  <PolyStepSegment x="1.949918" y="2.925579" />
                  <PolyStepSegment x="1.950282" y="2.925943" />
                  <PolyStepSegment x="1.950791" y="2.926343" />
                  <PolyStepSegment x="1.951337" y="2.926816" />
                  <PolyStepSegment x="1.951992" y="2.92729" />
                  <PolyStepSegment x="1.95272" y="2.927799" />
                  <PolyStepSegment x="1.959564" y="2.932131" />
                  <PolyStepSegment x="1.959564" y="2.927981" />
                  <PolyStepSegment x="1.954322" y="2.924669" />
                  <PolyStepSegment x="1.954286" y="2.924669" />
                  <PolyStepSegment x="1.954213" y="2.924596" />
                  <PolyStepSegment x="1.954104" y="2.924523" />
                  <PolyStepSegment x="1.953958" y="2.924414" />
                  <PolyStepSegment x="1.953558" y="2.924159" />
                  <PolyStepSegment x="1.953048" y="2.923832" />
                  <PolyStepSegment x="1.952502" y="2.923431" />
                  <PolyStepSegment x="1.95192" y="2.923031" />
                  <PolyStepSegment x="1.951374" y="2.92263" />
                  <PolyStepSegment x="1.950864" y="2.922266" />
                  <PolyStepSegment x="1.950828" y="2.92223" />
                  <PolyStepSegment x="1.950682" y="2.922121" />
                  <PolyStepSegment x="1.950464" y="2.921939" />
                  <PolyStepSegment x="1.950209" y="2.921684" />
                  <PolyStepSegment x="1.949663" y="2.921138" />
                  <PolyStepSegment x="1.949408" y="2.920847" />
                  <PolyStepSegment x="1.94919" y="2.920556" />
                  <PolyStepSegment x="1.949153" y="2.920519" />
                  <PolyStepSegment x="1.949117" y="2.920446" />
                  <PolyStepSegment x="1.949044" y="2.920301" />
                  <PolyStepSegment x="1.948935" y="2.920082" />
                  <PolyStepSegment x="1.948826" y="2.919864" />
                  <PolyStepSegment x="1.948716" y="2.919609" />
                  <PolyStepSegment x="1.948534" y="2.919027" />
                  <PolyStepSegment x="1.948534" y="2.91899" />
                  <PolyStepSegment x="1.948498" y="2.918918" />
                  <PolyStepSegment x="1.948498" y="2.918772" />
                  <PolyStepSegment x="1.948462" y="2.91859" />
                  <PolyStepSegment x="1.948425" y="2.918335" />
                  <PolyStepSegment x="1.948425" y="2.918044" />
                  <PolyStepSegment x="1.948389" y="2.917644" />
                  <PolyStepSegment x="1.948389" y="2.913348" />
                  <PolyStepSegment x="1.959564" y="2.913348" />
                  <PolyStepSegment x="1.959564" y="2.91" />
                  <PolyStepSegment x="1.934375" y="2.91" />
                  <PolyStepSegment x="1.934375" y="2.921684" />
                  <PolyStepSegment x="1.934411" y="2.921975" />
                </Polygon>
                <Cutout>
                  <PolyBegin x="1.937178" y="2.921284" />
                  <PolyStepSegment x="1.937178" y="2.913348" />
                  <PolyStepSegment x="1.945513" y="2.913348" />
                  <PolyStepSegment x="1.945513" y="2.920847" />
                  <PolyStepSegment x="1.945477" y="2.921284" />
                  <PolyStepSegment x="1.94544" y="2.921793" />
                  <PolyStepSegment x="1.945404" y="2.922376" />
                  <PolyStepSegment x="1.945331" y="2.922958" />
                  <PolyStepSegment x="1.945222" y="2.92354" />
                  <PolyStepSegment x="1.945076" y="2.92405" />
                  <PolyStepSegment x="1.94504" y="2.924123" />
                  <PolyStepSegment x="1.944967" y="2.924268" />
                  <PolyStepSegment x="1.944858" y="2.924487" />
                  <PolyStepSegment x="1.944712" y="2.924778" />
                  <PolyStepSegment x="1.944494" y="2.925106" />
                  <PolyStepSegment x="1.944239" y="2.925433" />
                  <PolyStepSegment x="1.943912" y="2.925761" />
                  <PolyStepSegment x="1.943548" y="2.926016" />
                  <PolyStepSegment x="1.943511" y="2.926052" />
                  <PolyStepSegment x="1.943366" y="2.926125" />
                  <PolyStepSegment x="1.943147" y="2.926234" />
                  <PolyStepSegment x="1.942856" y="2.92638" />
                  <PolyStepSegment x="1.942528" y="2.926489" />
                  <PolyStepSegment x="1.942164" y="2.926598" />
                  <PolyStepSegment x="1.941728" y="2.926671" />
                  <PolyStepSegment x="1.941291" y="2.926707" />
                  <PolyStepSegment x="1.941254" y="2.926707" />
                  <PolyStepSegment x="1.941218" y="2.926707" />
                  <PolyStepSegment x="1.941" y="2.926671" />
                  <PolyStepSegment x="1.940672" y="2.926634" />
                  <PolyStepSegment x="1.940235" y="2.926562" />
                  <PolyStepSegment x="1.939798" y="2.92638" />
                  <PolyStepSegment x="1.939289" y="2.926161" />
                  <PolyStepSegment x="1.938816" y="2.925834" />
                  <PolyStepSegment x="1.938342" y="2.925397" />
                  <PolyStepSegment x="1.938306" y="2.925324" />
                  <PolyStepSegment x="1.93816" y="2.925142" />
                  <PolyStepSegment x="1.937978" y="2.924851" />
                  <PolyStepSegment x="1.93776" y="2.924378" />
                  <PolyStepSegment x="1.937542" y="2.923832" />
                  <PolyStepSegment x="1.93736" y="2.923104" />
                  <PolyStepSegment x="1.937214" y="2.922266" />
                  <PolyStepSegment x="1.937178" y="2.921284" />
                </Cutout>
              </Contour>
            </Features>
            <Features>
              <Contour>
                <Polygon>
                  <PolyBegin x="1.934302" y="2.94276" />
                  <PolyStepSegment x="1.934375" y="2.943233" />
                  <PolyStepSegment x="1.934484" y="2.943815" />
                  <PolyStepSegment x="1.934666" y="2.94447" />
                  <PolyStepSegment x="1.934884" y="2.945126" />
                  <PolyStepSegment x="1.935176" y="2.945781" />
                  <PolyStepSegment x="1.935176" y="2.945817" />
                  <PolyStepSegment x="1.935212" y="2.945854" />
                  <PolyStepSegment x="1.935321" y="2.946072" />
                  <PolyStepSegment x="1.93554" y="2.9464" />
                  <PolyStepSegment x="1.935794" y="2.946764" />
                  <PolyStepSegment x="1.936158" y="2.9472" />
                  <PolyStepSegment x="1.936559" y="2.947637" />
                  <PolyStepSegment x="1.937032" y="2.948074" />
                  <PolyStepSegment x="1.937578" y="2.948438" />
                  <PolyStepSegment x="1.937651" y="2.948474" />
                  <PolyStepSegment x="1.937833" y="2.948584" />
                  <PolyStepSegment x="1.93816" y="2.948729" />
                  <PolyStepSegment x="1.938561" y="2.948911" />
                  <PolyStepSegment x="1.939034" y="2.949093" />
                  <PolyStepSegment x="1.93958" y="2.949239" />
                  <PolyStepSegment x="1.940199" y="2.949348" />
                  <PolyStepSegment x="1.940818" y="2.949384" />
                  <PolyStepSegment x="1.94089" y="2.949384" />
                  <PolyStepSegment x="1.941109" y="2.949384" />
                  <PolyStepSegment x="1.9414" y="2.949348" />
                  <PolyStepSegment x="1.9418" y="2.949275" />
                  <PolyStepSegment x="1.942274" y="2.949166" />
                  <PolyStepSegment x="1.942783" y="2.948984" />
                  <PolyStepSegment x="1.943293" y="2.948766" />
                  <PolyStepSegment x="1.943802" y="2.948474" />
                  <PolyStepSegment x="1.943875" y="2.948438" />
                  <PolyStepSegment x="1.944021" y="2.948329" />
                  <PolyStepSegment x="1.944276" y="2.94811" />
                  <PolyStepSegment x="1.944567" y="2.947819" />
                  <PolyStepSegment x="1.944894" y="2.947455" />
                  <PolyStepSegment x="1.945258" y="2.947018" />
                  <PolyStepSegment x="1.945586" y="2.946509" />
                  <PolyStepSegment x="1.945914" y="2.94589" />
                  <PolyStepSegment x="1.945914" y="2.945926" />
                  <PolyStepSegment x="1.94595" y="2.945999" />
                  <PolyStepSegment x="1.945986" y="2.946108" />
                  <PolyStepSegment x="1.946023" y="2.946254" />
                  <PolyStepSegment x="1.946168" y="2.946654" />
                  <PolyStepSegment x="1.946387" y="2.947164" />
                  <PolyStepSegment x="1.946678" y="2.947746" />
                  <PolyStepSegment x="1.947042" y="2.948329" />
                  <PolyStepSegment x="1.947515" y="2.948875" />
                  <PolyStepSegment x="1.948061" y="2.949384" />
                  <PolyStepSegment x="1.948134" y="2.949421" />
                  <PolyStepSegment x="1.948352" y="2.949566" />
                  <PolyStepSegment x="1.948716" y="2.949785" />
                  <PolyStepSegment x="1.94919" y="2.950003" />
                  <PolyStepSegment x="1.949772" y="2.950222" />
                  <PolyStepSegment x="1.950464" y="2.95044" />
                  <PolyStepSegment x="1.951264" y="2.950586" />
                  <PolyStepSegment x="1.952138" y="2.950622" />
                  <PolyStepSegment x="1.952174" y="2.950622" />
                  <PolyStepSegment x="1.952284" y="2.950622" />
                  <PolyStepSegment x="1.952466" y="2.950622" />
                  <PolyStepSegment x="1.952684" y="2.950586" />
                  <PolyStepSegment x="1.952975" y="2.950549" />
                  <PolyStepSegment x="1.953303" y="2.950476" />
                  <PolyStepSegment x="1.953667" y="2.950404" />
                  <PolyStepSegment x="1.954067" y="2.950331" />
                  <PolyStepSegment x="1.954941" y="2.95004" />
                  <PolyStepSegment x="1.955414" y="2.949821" />
                  <PolyStepSegment x="1.955851" y="2.949603" />
                  <PolyStepSegment x="1.956324" y="2.949312" />
                  <PolyStepSegment x="1.956797" y="2.948984" />
                  <PolyStepSegment x="1.95727" y="2.94862" />
                  <PolyStepSegment x="1.957707" y="2.948183" />
                  <PolyStepSegment x="1.957744" y="2.948147" />
                  <PolyStepSegment x="1.957816" y="2.948074" />
                  <PolyStepSegment x="1.957926" y="2.947928" />
                  <PolyStepSegment x="1.958071" y="2.947746" />
                  <PolyStepSegment x="1.958253" y="2.947528" />
                  <PolyStepSegment x="1.958435" y="2.947237" />
                  <PolyStepSegment x="1.958654" y="2.946909" />
                  <PolyStepSegment x="1.958836" y="2.946509" />
                  <PolyStepSegment x="1.959054" y="2.946108" />
                  <PolyStepSegment x="1.959272" y="2.945635" />
                  <PolyStepSegment x="1.959454" y="2.945162" />
                  <PolyStepSegment x="1.959636" y="2.944616" />
                  <PolyStepSegment x="1.959782" y="2.944034" />
                  <PolyStepSegment x="1.959891" y="2.943415" />
                  <PolyStepSegment x="1.959964" y="2.942796" />
                  <PolyStepSegment x="1.96" y="2.942104" />
                  <PolyStepSegment x="1.96" y="2.941777" />
                  <PolyStepSegment x="1.959964" y="2.941558" />
                  <PolyStepSegment x="1.959928" y="2.941267" />
                  <PolyStepSegment x="1.959891" y="2.94094" />
                  <PolyStepSegment x="1.959818" y="2.940576" />
                  <PolyStepSegment x="1.959746" y="2.940175" />
                  <PolyStepSegment x="1.959527" y="2.939302" />
                  <PolyStepSegment x="1.959163" y="2.938392" />
                  <PolyStepSegment x="1.958945" y="2.937918" />
                  <PolyStepSegment x="1.95869" y="2.937482" />
                  <PolyStepSegment x="1.958362" y="2.937045" />
                  <PolyStepSegment x="1.958035" y="2.936608" />
                  <PolyStepSegment x="1.957998" y="2.936572" />
                  <PolyStepSegment x="1.957926" y="2.936499" />
                  <PolyStepSegment x="1.957816" y="2.93639" />
                  <PolyStepSegment x="1.957671" y="2.93628" />
                  <PolyStepSegment x="1.957489" y="2.936098" />
                  <PolyStepSegment x="1.957234" y="2.935916" />
                  <PolyStepSegment x="1.956979" y="2.935698" />
                  <PolyStepSegment x="1.956652" y="2.93548" />
                  <PolyStepSegment x="1.956288" y="2.935261" />
                  <PolyStepSegment x="1.955924" y="2.935043" />
                  <PolyStepSegment x="1.95505" y="2.934642" />
                  <PolyStepSegment x="1.954031" y="2.934315" />
                  <PolyStepSegment x="1.953485" y="2.934206" />
                  <PolyStepSegment x="1.952902" y="2.934133" />
                  <PolyStepSegment x="1.952502" y="2.937227" />
                  <PolyStepSegment x="1.952538" y="2.937227" />
                  <PolyStepSegment x="1.952611" y="2.937263" />
                  <PolyStepSegment x="1.952757" y="2.9373" />
                  <PolyStepSegment x="1.952939" y="2.937336" />
                  <PolyStepSegment x="1.953157" y="2.937372" />
                  <PolyStepSegment x="1.953412" y="2.937445" />
                  <PolyStepSegment x="1.953958" y="2.937627" />
                  <PolyStepSegment x="1.954613" y="2.937882" />
                  <PolyStepSegment x="1.955232" y="2.93821" />
                  <PolyStepSegment x="1.955814" y="2.938574" />
                  <PolyStepSegment x="1.956324" y="2.93901" />
                  <PolyStepSegment x="1.95636" y="2.939083" />
                  <PolyStepSegment x="1.956506" y="2.939229" />
                  <PolyStepSegment x="1.956688" y="2.93952" />
                  <PolyStepSegment x="1.95687" y="2.939884" />
                  <PolyStepSegment x="1.957088" y="2.940321" />
                  <PolyStepSegment x="1.95727" y="2.940867" />
                  <PolyStepSegment x="1.957416" y="2.941486" />
                  <PolyStepSegment x="1.957452" y="2.942141" />
                  <PolyStepSegment x="1.957452" y="2.942359" />
                  <PolyStepSegment x="1.957416" y="2.942505" />
                  <PolyStepSegment x="1.95738" y="2.942905" />
                  <PolyStepSegment x="1.95727" y="2.943415" />
                  <PolyStepSegment x="1.957088" y="2.943997" />
                  <PolyStepSegment x="1.956834" y="2.944616" />
                  <PolyStepSegment x="1.95647" y="2.945235" />
                  <PolyStepSegment x="1.95596" y="2.945817" />
                  <PolyStepSegment x="1.955887" y="2.94589" />
                  <PolyStepSegment x="1.955669" y="2.946072" />
                  <PolyStepSegment x="1.955341" y="2.94629" />
                  <PolyStepSegment x="1.954904" y="2.946582" />
                  <PolyStepSegment x="1.954358" y="2.946873" />
                  <PolyStepSegment x="1.95374" y="2.947091" />
                  <PolyStepSegment x="1.953012" y="2.947273" />
                  <PolyStepSegment x="1.952211" y="2.947346" />
                  <PolyStepSegment x="1.952174" y="2.947346" />
                  <PolyStepSegment x="1.952102" y="2.947346" />
                  <PolyStepSegment x="1.951992" y="2.947346" />
                  <PolyStepSegment x="1.951847" y="2.94731" />
                  <PolyStepSegment x="1.951446" y="2.947273" />
                  <PolyStepSegment x="1.950973" y="2.947164" />
                  <PolyStepSegment x="1.950391" y="2.947018" />
                  <PolyStepSegment x="1.949808" y="2.946764" />
                  <PolyStepSegment x="1.949226" y="2.9464" />
                  <PolyStepSegment x="1.94868" y="2.945926" />
                  <PolyStepSegment x="1.948607" y="2.945854" />
                  <PolyStepSegment x="1.948462" y="2.945672" />
                  <PolyStepSegment x="1.948243" y="2.94538" />
                  <PolyStepSegment x="1.947988" y="2.94498" />
                  <PolyStepSegment x="1.947734" y="2.94447" />
                  <PolyStepSegment x="1.947515" y="2.943852" />
                  <PolyStepSegment x="1.94737" y="2.94316" />
                  <PolyStepSegment x="1.947297" y="2.942396" />
                  <PolyStepSegment x="1.947297" y="2.942068" />
                  <PolyStepSegment x="1.947333" y="2.941813" />
                  <PolyStepSegment x="1.94737" y="2.941486" />
                  <PolyStepSegment x="1.947442" y="2.941122" />
                  <PolyStepSegment x="1.947515" y="2.940685" />
                  <PolyStepSegment x="1.947624" y="2.940212" />
                  <PolyStepSegment x="1.944894" y="2.940576" />
                  <PolyStepSegment x="1.944894" y="2.940758" />
                  <PolyStepSegment x="1.944931" y="2.940903" />
                  <PolyStepSegment x="1.944931" y="2.941376" />
                  <PolyStepSegment x="1.944858" y="2.941777" />
                  <PolyStepSegment x="1.944785" y="2.94225" />
                  <PolyStepSegment x="1.944676" y="2.942796" />
                  <PolyStepSegment x="1.944494" y="2.943415" />
                  <PolyStepSegment x="1.944239" y="2.943997" />
                  <PolyStepSegment x="1.943912" y="2.944616" />
                  <PolyStepSegment x="1.943912" y="2.944652" />
                  <PolyStepSegment x="1.943875" y="2.944689" />
                  <PolyStepSegment x="1.94373" y="2.944871" />
                  <PolyStepSegment x="1.943475" y="2.945126" />
                  <PolyStepSegment x="1.943147" y="2.945417" />
                  <PolyStepSegment x="1.942674" y="2.945708" />
                  <PolyStepSegment x="1.942128" y="2.945963" />
                  <PolyStepSegment x="1.941509" y="2.946145" />
                  <PolyStepSegment x="1.941145" y="2.946218" />
                  <PolyStepSegment x="1.940745" y="2.946218" />
                  <PolyStepSegment x="1.940708" y="2.946218" />
                  <PolyStepSegment x="1.940672" y="2.946218" />
                  <PolyStepSegment x="1.940454" y="2.946218" />
                  <PolyStepSegment x="1.940162" y="2.946145" />
                  <PolyStepSegment x="1.939762" y="2.946072" />
                  <PolyStepSegment x="1.939325" y="2.945926" />
                  <PolyStepSegment x="1.938852" y="2.945744" />
                  <PolyStepSegment x="1.938379" y="2.945453" />
                  <PolyStepSegment x="1.937942" y="2.945053" />
                  <PolyStepSegment x="1.937906" y="2.945016" />
                  <PolyStepSegment x="1.93776" y="2.944834" />
                  <PolyStepSegment x="1.937578" y="2.94458" />
                  <PolyStepSegment x="1.93736" y="2.944252" />
                  <PolyStepSegment x="1.937178" y="2.943815" />
                  <PolyStepSegment x="1.936996" y="2.943306" />
                  <PolyStepSegment x="1.93685" y="2.942723" />
                  <PolyStepSegment x="1.936814" y="2.942068" />
                  <PolyStepSegment x="1.936814" y="2.941777" />
                  <PolyStepSegment x="1.936886" y="2.941449" />
                  <PolyStepSegment x="1.936959" y="2.941012" />
                  <PolyStepSegment x="1.937105" y="2.940539" />
                  <PolyStepSegment x="1.937287" y="2.940066" />
                  <PolyStepSegment x="1.937578" y="2.939556" />
                  <PolyStepSegment x="1.937942" y="2.939083" />
                  <PolyStepSegment x="1.937978" y="2.939047" />
                  <PolyStepSegment x="1.93816" y="2.938901" />
                  <PolyStepSegment x="1.938415" y="2.938683" />
                  <PolyStepSegment x="1.938779" y="2.938428" />
                  <PolyStepSegment x="1.939252" y="2.938173" />
                  <PolyStepSegment x="1.939835" y="2.937918" />
                  <PolyStepSegment x="1.940526" y="2.9377" />
                  <PolyStepSegment x="1.941327" y="2.937554" />
                  <PolyStepSegment x="1.940781" y="2.93446" />
                  <PolyStepSegment x="1.940745" y="2.93446" />
                  <PolyStepSegment x="1.940636" y="2.934497" />
                  <PolyStepSegment x="1.94049" y="2.934533" />
                  <PolyStepSegment x="1.940272" y="2.93457" />
                  <PolyStepSegment x="1.940017" y="2.934642" />
                  <PolyStepSegment x="1.939726" y="2.934752" />
                  <PolyStepSegment x="1.939034" y="2.93497" />
                  <PolyStepSegment x="1.938233" y="2.935334" />
                  <PolyStepSegment x="1.937432" y="2.935771" />
                  <PolyStepSegment x="1.936668" y="2.936317" />
                  <PolyStepSegment x="1.935976" y="2.937008" />
                  <PolyStepSegment x="1.93594" y="2.937045" />
                  <PolyStepSegment x="1.935904" y="2.937118" />
                  <PolyStepSegment x="1.935831" y="2.937227" />
                  <PolyStepSegment x="1.935722" y="2.937372" />
                  <PolyStepSegment x="1.935576" y="2.937554" />
                  <PolyStepSegment x="1.93543" y="2.937809" />
                  <PolyStepSegment x="1.935285" y="2.938064" />
                  <PolyStepSegment x="1.935103" y="2.938392" />
                  <PolyStepSegment x="1.934812" y="2.93912" />
                  <PolyStepSegment x="1.93452" y="2.939957" />
                  <PolyStepSegment x="1.934338" y="2.94094" />
                  <PolyStepSegment x="1.934266" y="2.941449" />
                  <PolyStepSegment x="1.934266" y="2.942359" />
                  <PolyStepSegment x="1.934302" y="2.94276" />
                </Polygon>
              </Contour>
            </Features>
            <Features>
              <Contour>
                <Polygon>
                  <PolyBegin x="2.134848" y="2.911975" />
                  <PolyStepSegment x="2.134848" y="2.912303" />
                  <PolyStepSegment x="2.134884" y="2.913067" />
                  <PolyStepSegment x="2.134994" y="2.913868" />
                  <PolyStepSegment x="2.135103" y="2.914742" />
                  <PolyStepSegment x="2.135285" y="2.915542" />
                  <PolyStepSegment x="2.135394" y="2.915943" />
                  <PolyStepSegment x="2.135503" y="2.91627" />
                  <PolyStepSegment x="2.135503" y="2.916307" />
                  <PolyStepSegment x="2.13554" y="2.916343" />
                  <PolyStepSegment x="2.135649" y="2.916562" />
                  <PolyStepSegment x="2.135794" y="2.916889" />
                  <PolyStepSegment x="2.136049" y="2.91729" />
                  <PolyStepSegment x="2.136377" y="2.917726" />
                  <PolyStepSegment x="2.136814" y="2.9182" />
                  <PolyStepSegment x="2.137323" y="2.918636" />
                  <PolyStepSegment x="2.137906" y="2.919073" />
                  <PolyStepSegment x="2.137942" y="2.919073" />
                  <PolyStepSegment x="2.137978" y="2.91911" />
                  <PolyStepSegment x="2.138197" y="2.919255" />
                  <PolyStepSegment x="2.138561" y="2.919401" />
                  <PolyStepSegment x="2.139034" y="2.919619" />
                  <PolyStepSegment x="2.13958" y="2.919801" />
                  <PolyStepSegment x="2.140235" y="2.919983" />
                  <PolyStepSegment x="2.140927" y="2.920092" />
                  <PolyStepSegment x="2.141691" y="2.920129" />
                  <PolyStepSegment x="2.141728" y="2.920129" />
                  <PolyStepSegment x="2.1418" y="2.920129" />
                  <PolyStepSegment x="2.141946" y="2.920129" />
                  <PolyStepSegment x="2.142128" y="2.920092" />
                  <PolyStepSegment x="2.142383" y="2.920092" />
                  <PolyStepSegment x="2.142638" y="2.920056" />
                  <PolyStepSegment x="2.143256" y="2.91991" />
                  <PolyStepSegment x="2.143984" y="2.919692" />
                  <PolyStepSegment x="2.144749" y="2.919401" />
                  <PolyStepSegment x="2.145513" y="2.918964" />
                  <PolyStepSegment x="2.145877" y="2.918673" />
                  <PolyStepSegment x="2.146241" y="2.918382" />
                  <PolyStepSegment x="2.146278" y="2.918345" />
                  <PolyStepSegment x="2.146314" y="2.918309" />
                  <PolyStepSegment x="2.146423" y="2.9182" />
                  <PolyStepSegment x="2.146532" y="2.918054" />
                  <PolyStepSegment x="2.146678" y="2.917872" />
                  <PolyStepSegment x="2.146824" y="2.917654" />
                  <PolyStepSegment x="2.147006" y="2.917362" />
                  <PolyStepSegment x="2.147224" y="2.917071" />
                  <PolyStepSegment x="2.147406" y="2.916707" />
                  <PolyStepSegment x="2.147588" y="2.916307" />
                  <PolyStepSegment x="2.147806" y="2.91587" />
                  <PolyStepSegment x="2.147988" y="2.915397" />
                  <PolyStepSegment x="2.148134" y="2.914851" />
                  <PolyStepSegment x="2.148316" y="2.914305" />
                  <PolyStepSegment x="2.148425" y="2.913686" />
                  <PolyStepSegment x="2.148534" y="2.913031" />
                  <PolyStepSegment x="2.148571" y="2.913104" />
                  <PolyStepSegment x="2.148644" y="2.913249" />
                  <PolyStepSegment x="2.148789" y="2.913468" />
                  <PolyStepSegment x="2.148935" y="2.913759" />
                  <PolyStepSegment x="2.149335" y="2.914414" />
                  <PolyStepSegment x="2.14959" y="2.914742" />
                  <PolyStepSegment x="2.149808" y="2.915033" />
                  <PolyStepSegment x="2.149881" y="2.915106" />
                  <PolyStepSegment x="2.150063" y="2.915288" />
                  <PolyStepSegment x="2.150354" y="2.915579" />
                  <PolyStepSegment x="2.150718" y="2.915943" />
                  <PolyStepSegment x="2.151228" y="2.916343" />
                  <PolyStepSegment x="2.151774" y="2.916816" />
                  <PolyStepSegment x="2.152429" y="2.91729" />
                  <PolyStepSegment x="2.153157" y="2.917799" />
                  <PolyStepSegment x="2.16" y="2.922131" />
                  <PolyStepSegment x="2.16" y="2.917981" />
                  <PolyStepSegment x="2.154759" y="2.914669" />
                  <PolyStepSegment x="2.154722" y="2.914669" />
                  <PolyStepSegment x="2.15465" y="2.914596" />
                  <PolyStepSegment x="2.15454" y="2.914523" />
                  <PolyStepSegment x="2.154395" y="2.914414" />
                  <PolyStepSegment x="2.153994" y="2.914159" />
                  <PolyStepSegment x="2.153485" y="2.913832" />
                  <PolyStepSegment x="2.152939" y="2.913431" />
                  <PolyStepSegment x="2.152356" y="2.913031" />
                  <PolyStepSegment x="2.15181" y="2.91263" />
                  <PolyStepSegment x="2.151301" y="2.912266" />
                  <PolyStepSegment x="2.151264" y="2.91223" />
                  <PolyStepSegment x="2.151119" y="2.912121" />
                  <PolyStepSegment x="2.1509" y="2.911939" />
                  <PolyStepSegment x="2.150646" y="2.911684" />
                  <PolyStepSegment x="2.1501" y="2.911138" />
                  <PolyStepSegment x="2.149845" y="2.910847" />
                  <PolyStepSegment x="2.149626" y="2.910556" />
                  <PolyStepSegment x="2.14959" y="2.910519" />
                  <PolyStepSegment x="2.149554" y="2.910446" />
                  <PolyStepSegment x="2.149481" y="2.910301" />
                  <PolyStepSegment x="2.149372" y="2.910082" />
                  <PolyStepSegment x="2.149262" y="2.909864" />
                  <PolyStepSegment x="2.149153" y="2.909609" />
                  <PolyStepSegment x="2.148971" y="2.909027" />
                  <PolyStepSegment x="2.148971" y="2.90899" />
                  <PolyStepSegment x="2.148935" y="2.908918" />
                  <PolyStepSegment x="2.148935" y="2.908772" />
                  <PolyStepSegment x="2.148898" y="2.90859" />
                  <PolyStepSegment x="2.148862" y="2.908335" />
                  <PolyStepSegment x="2.148862" y="2.908044" />
                  <PolyStepSegment x="2.148826" y="2.907644" />
                  <PolyStepSegment x="2.148826" y="2.903348" />
                  <PolyStepSegment x="2.16" y="2.903348" />
                  <PolyStepSegment x="2.16" y="2.9" />
                  <PolyStepSegment x="2.134812" y="2.9" />
                  <PolyStepSegment x="2.134812" y="2.911684" />
                  <PolyStepSegment x="2.134848" y="2.911975" />
                </Polygon>
                <Cutout>
                  <PolyBegin x="2.137614" y="2.911284" />
                  <PolyStepSegment x="2.137614" y="2.903348" />
                  <PolyStepSegment x="2.14595" y="2.903348" />
                  <PolyStepSegment x="2.14595" y="2.910847" />
                  <PolyStepSegment x="2.145914" y="2.911284" />
                  <PolyStepSegment x="2.145877" y="2.911793" />
                  <PolyStepSegment x="2.145841" y="2.912376" />
                  <PolyStepSegment x="2.145768" y="2.912958" />
                  <PolyStepSegment x="2.145659" y="2.91354" />
                  <PolyStepSegment x="2.145513" y="2.91405" />
                  <PolyStepSegment x="2.145477" y="2.914123" />
                  <PolyStepSegment x="2.145404" y="2.914268" />
                  <PolyStepSegment x="2.145295" y="2.914487" />
                  <PolyStepSegment x="2.145149" y="2.914778" />
                  <PolyStepSegment x="2.144931" y="2.915106" />
                  <PolyStepSegment x="2.144676" y="2.915433" />
                  <PolyStepSegment x="2.144348" y="2.915761" />
                  <PolyStepSegment x="2.143984" y="2.916016" />
                  <PolyStepSegment x="2.143948" y="2.916052" />
                  <PolyStepSegment x="2.143802" y="2.916125" />
                  <PolyStepSegment x="2.143584" y="2.916234" />
                  <PolyStepSegment x="2.143293" y="2.91638" />
                  <PolyStepSegment x="2.142965" y="2.916489" />
                  <PolyStepSegment x="2.142601" y="2.916598" />
                  <PolyStepSegment x="2.142164" y="2.916671" />
                  <PolyStepSegment x="2.141728" y="2.916707" />
                  <PolyStepSegment x="2.141691" y="2.916707" />
                  <PolyStepSegment x="2.141655" y="2.916707" />
                  <PolyStepSegment x="2.141436" y="2.916671" />
                  <PolyStepSegment x="2.141109" y="2.916634" />
                  <PolyStepSegment x="2.140672" y="2.916562" />
                  <PolyStepSegment x="2.140235" y="2.91638" />
                  <PolyStepSegment x="2.139726" y="2.916161" />
                  <PolyStepSegment x="2.139252" y="2.915834" />
                  <PolyStepSegment x="2.138779" y="2.915397" />
                  <PolyStepSegment x="2.138743" y="2.915324" />
                  <PolyStepSegment x="2.138597" y="2.915142" />
                  <PolyStepSegment x="2.138415" y="2.914851" />
                  <PolyStepSegment x="2.138197" y="2.914378" />
                  <PolyStepSegment x="2.137978" y="2.913832" />
                  <PolyStepSegment x="2.137796" y="2.913104" />
                  <PolyStepSegment x="2.137651" y="2.912266" />
                  <PolyStepSegment x="2.137614" y="2.911284" />
                </Cutout>
              </Contour>
            </Features>
            <Features>
              <Contour>
                <Polygon>
                  <PolyBegin x="2.151119" y="2.937091" />
                  <PolyStepSegment x="2.151119" y="2.940513" />
                  <PolyStepSegment x="2.153958" y="2.940513" />
                  <PolyStepSegment x="2.153958" y="2.937091" />
                  <PolyStepSegment x="2.16" y="2.937091" />
                  <PolyStepSegment x="2.16" y="2.933997" />
                  <PolyStepSegment x="2.153958" y="2.933997" />
                  <PolyStepSegment x="2.153958" y="2.923041" />
                  <PolyStepSegment x="2.151119" y="2.923041" />
                  <PolyStepSegment x="2.134812" y="2.93458" />
                  <PolyStepSegment x="2.134812" y="2.937091" />
                  <PolyStepSegment x="2.151119" y="2.937091" />
                </Polygon>
                <Cutout>
                  <PolyBegin x="2.139835" y="2.933997" />
                  <PolyStepSegment x="2.151119" y="2.926062" />
                  <PolyStepSegment x="2.151119" y="2.933997" />
                  <PolyStepSegment x="2.139835" y="2.933997" />
                </Cutout>
              </Contour>
            </Features>
            <Features>
              <Contour>
                <Polygon>
                  <PolyBegin x="1.441975" y="2.205152" />
                  <PolyStepSegment x="1.442303" y="2.205152" />
                  <PolyStepSegment x="1.443067" y="2.205116" />
                  <PolyStepSegment x="1.443868" y="2.205006" />
                  <PolyStepSegment x="1.444742" y="2.204897" />
                  <PolyStepSegment x="1.445542" y="2.204715" />
                  <PolyStepSegment x="1.445943" y="2.204606" />
                  <PolyStepSegment x="1.44627" y="2.204497" />
                  <PolyStepSegment x="1.446307" y="2.204497" />
                  <PolyStepSegment x="1.446343" y="2.20446" />
                  <PolyStepSegment x="1.446562" y="2.204351" />
                  <PolyStepSegment x="1.446889" y="2.204206" />
                  <PolyStepSegment x="1.44729" y="2.203951" />
                  <PolyStepSegment x="1.447726" y="2.203623" />
                  <PolyStepSegment x="1.4482" y="2.203186" />
                  <PolyStepSegment x="1.448636" y="2.202677" />
                  <PolyStepSegment x="1.449073" y="2.202094" />
                  <PolyStepSegment x="1.449073" y="2.202058" />
                  <PolyStepSegment x="1.44911" y="2.202022" />
                  <PolyStepSegment x="1.449255" y="2.201803" />
                  <PolyStepSegment x="1.449401" y="2.201439" />
                  <PolyStepSegment x="1.449619" y="2.200966" />
                  <PolyStepSegment x="1.449801" y="2.20042" />
                  <PolyStepSegment x="1.449983" y="2.199765" />
                  <PolyStepSegment x="1.450092" y="2.199073" />
                  <PolyStepSegment x="1.450129" y="2.198309" />
                  <PolyStepSegment x="1.450129" y="2.198272" />
                  <PolyStepSegment x="1.450129" y="2.1982" />
                  <PolyStepSegment x="1.450129" y="2.198054" />
                  <PolyStepSegment x="1.450092" y="2.197872" />
                  <PolyStepSegment x="1.450092" y="2.197617" />
                  <PolyStepSegment x="1.450056" y="2.197362" />
                  <PolyStepSegment x="1.44991" y="2.196744" />
                  <PolyStepSegment x="1.449692" y="2.196016" />
                  <PolyStepSegment x="1.449401" y="2.195251" />
                  <PolyStepSegment x="1.448964" y="2.194487" />
                  <PolyStepSegment x="1.448673" y="2.194123" />
                  <PolyStepSegment x="1.448382" y="2.193759" />
                  <PolyStepSegment x="1.448345" y="2.193722" />
                  <PolyStepSegment x="1.448309" y="2.193686" />
                  <PolyStepSegment x="1.4482" y="2.193577" />
                  <PolyStepSegment x="1.448054" y="2.193468" />
                  <PolyStepSegment x="1.447872" y="2.193322" />
                  <PolyStepSegment x="1.447654" y="2.193176" />
                  <PolyStepSegment x="1.447362" y="2.192994" />
                  <PolyStepSegment x="1.447071" y="2.192776" />
                  <PolyStepSegment x="1.446707" y="2.192594" />
                  <PolyStepSegment x="1.446307" y="2.192412" />
                  <PolyStepSegment x="1.44587" y="2.192194" />
                  <PolyStepSegment x="1.445397" y="2.192012" />
                  <PolyStepSegment x="1.444851" y="2.191866" />
                  <PolyStepSegment x="1.444305" y="2.191684" />
                  <PolyStepSegment x="1.443686" y="2.191575" />
                  <PolyStepSegment x="1.443031" y="2.191466" />
                  <PolyStepSegment x="1.443104" y="2.191429" />
                  <PolyStepSegment x="1.443249" y="2.191356" />
                  <PolyStepSegment x="1.443468" y="2.191211" />
                  <PolyStepSegment x="1.443759" y="2.191065" />
                  <PolyStepSegment x="1.444414" y="2.190665" />
                  <PolyStepSegment x="1.444742" y="2.19041" />
                  <PolyStepSegment x="1.445033" y="2.190192" />
                  <PolyStepSegment x="1.445106" y="2.190119" />
                  <PolyStepSegment x="1.445288" y="2.189937" />
                  <PolyStepSegment x="1.445579" y="2.189646" />
                  <PolyStepSegment x="1.445943" y="2.189282" />
                  <PolyStepSegment x="1.446343" y="2.188772" />
                  <PolyStepSegment x="1.446816" y="2.188226" />
                  <PolyStepSegment x="1.44729" y="2.187571" />
                  <PolyStepSegment x="1.447799" y="2.186843" />
                  <PolyStepSegment x="1.452131" y="2.18" />
                  <PolyStepSegment x="1.447981" y="2.18" />
                  <PolyStepSegment x="1.444669" y="2.185241" />
                  <PolyStepSegment x="1.444669" y="2.185278" />
                  <PolyStepSegment x="1.444596" y="2.18535" />
                  <PolyStepSegment x="1.444523" y="2.18546" />
                  <PolyStepSegment x="1.444414" y="2.185605" />
                  <PolyStepSegment x="1.444159" y="2.186006" />
                  <PolyStepSegment x="1.443832" y="2.186515" />
                  <PolyStepSegment x="1.443431" y="2.187061" />
                  <PolyStepSegment x="1.443031" y="2.187644" />
                  <PolyStepSegment x="1.44263" y="2.18819" />
                  <PolyStepSegment x="1.442266" y="2.188699" />
                  <PolyStepSegment x="1.44223" y="2.188736" />
                  <PolyStepSegment x="1.442121" y="2.188881" />
                  <PolyStepSegment x="1.441939" y="2.1891" />
                  <PolyStepSegment x="1.441684" y="2.189354" />
                  <PolyStepSegment x="1.441138" y="2.1899" />
                  <PolyStepSegment x="1.440847" y="2.190155" />
                  <PolyStepSegment x="1.440556" y="2.190374" />
                  <PolyStepSegment x="1.440519" y="2.19041" />
                  <PolyStepSegment x="1.440446" y="2.190446" />
                  <PolyStepSegment x="1.440301" y="2.190519" />
                  <PolyStepSegment x="1.440082" y="2.190628" />
                  <PolyStepSegment x="1.439864" y="2.190738" />
                  <PolyStepSegment x="1.439609" y="2.190847" />
                  <PolyStepSegment x="1.439027" y="2.191029" />
                  <PolyStepSegment x="1.43899" y="2.191029" />
                  <PolyStepSegment x="1.438918" y="2.191065" />
                  <PolyStepSegment x="1.438772" y="2.191065" />
                  <PolyStepSegment x="1.43859" y="2.191102" />
                  <PolyStepSegment x="1.438335" y="2.191138" />
                  <PolyStepSegment x="1.438044" y="2.191138" />
                  <PolyStepSegment x="1.437644" y="2.191174" />
                  <PolyStepSegment x="1.433348" y="2.191174" />
                  <PolyStepSegment x="1.433348" y="2.18" />
                  <PolyStepSegment x="1.43" y="2.18" />
                  <PolyStepSegment x="1.43" y="2.205188" />
                  <PolyStepSegment x="1.441684" y="2.205188" />
                  <PolyStepSegment x="1.441975" y="2.205152" />
                </Polygon>
                <Cutout>
                  <PolyBegin x="1.441284" y="2.202386" />
                  <PolyStepSegment x="1.433348" y="2.202386" />
                  <PolyStepSegment x="1.433348" y="2.19405" />
                  <PolyStepSegment x="1.440847" y="2.19405" />
                  <PolyStepSegment x="1.441284" y="2.194086" />
                  <PolyStepSegment x="1.441793" y="2.194123" />
                  <PolyStepSegment x="1.442376" y="2.194159" />
                  <PolyStepSegment x="1.442958" y="2.194232" />
                  <PolyStepSegment x="1.44354" y="2.194341" />
                  <PolyStepSegment x="1.44405" y="2.194487" />
                  <PolyStepSegment x="1.444123" y="2.194523" />
                  <PolyStepSegment x="1.444268" y="2.194596" />
                  <PolyStepSegment x="1.444487" y="2.194705" />
                  <PolyStepSegment x="1.444778" y="2.194851" />
                  <PolyStepSegment x="1.445106" y="2.195069" />
                  <PolyStepSegment x="1.445433" y="2.195324" />
                  <PolyStepSegment x="1.445761" y="2.195652" />
                  <PolyStepSegment x="1.446016" y="2.196016" />
                  <PolyStepSegment x="1.446052" y="2.196052" />
                  <PolyStepSegment x="1.446125" y="2.196198" />
                  <PolyStepSegment x="1.446234" y="2.196416" />
                  <PolyStepSegment x="1.44638" y="2.196707" />
                  <PolyStepSegment x="1.446489" y="2.197035" />
                  <PolyStepSegment x="1.446598" y="2.197399" />
                  <PolyStepSegment x="1.446671" y="2.197836" />
                  <PolyStepSegment x="1.446707" y="2.198272" />
                  <PolyStepSegment x="1.446707" y="2.198309" />
                  <PolyStepSegment x="1.446707" y="2.198345" />
                  <PolyStepSegment x="1.446671" y="2.198564" />
                  <PolyStepSegment x="1.446634" y="2.198891" />
                  <PolyStepSegment x="1.446562" y="2.199328" />
                  <PolyStepSegment x="1.44638" y="2.199765" />
                  <PolyStepSegment x="1.446161" y="2.200274" />
                  <PolyStepSegment x="1.445834" y="2.200748" />
                  <PolyStepSegment x="1.445397" y="2.201221" />
                  <PolyStepSegment x="1.445324" y="2.201257" />
                  <PolyStepSegment x="1.445142" y="2.201403" />
                  <PolyStepSegment x="1.444851" y="2.201585" />
                  <PolyStepSegment x="1.444378" y="2.201803" />
                  <PolyStepSegment x="1.443832" y="2.202022" />
                  <PolyStepSegment x="1.443104" y="2.202204" />
                  <PolyStepSegment x="1.442266" y="2.202349" />
                  <PolyStepSegment x="1.441284" y="2.202386" />
                </Cutout>
              </Contour>
            </Features>
            <Features>
              <Contour>
                <Polygon>
                  <PolyBegin x="1.463051" y="2.205261" />
                  <PolyStepSegment x="1.463342" y="2.205225" />
                  <PolyStepSegment x="1.463706" y="2.205188" />
                  <PolyStepSegment x="1.464106" y="2.205116" />
                  <PolyStepSegment x="1.464507" y="2.205043" />
                  <PolyStepSegment x="1.465453" y="2.204788" />
                  <PolyStepSegment x="1.4664" y="2.204424" />
                  <PolyStepSegment x="1.466873" y="2.204206" />
                  <PolyStepSegment x="1.467346" y="2.203951" />
                  <PolyStepSegment x="1.467783" y="2.203623" />
                  <PolyStepSegment x="1.468183" y="2.203259" />
                  <PolyStepSegment x="1.46822" y="2.203223" />
                  <PolyStepSegment x="1.468292" y="2.203186" />
                  <PolyStepSegment x="1.468365" y="2.203041" />
                  <PolyStepSegment x="1.468511" y="2.202895" />
                  <PolyStepSegment x="1.468693" y="2.202713" />
                  <PolyStepSegment x="1.468875" y="2.202458" />
                  <PolyStepSegment x="1.469057" y="2.202204" />
                  <PolyStepSegment x="1.469275" y="2.201876" />
                  <PolyStepSegment x="1.469639" y="2.201184" />
                  <PolyStepSegment x="1.470003" y="2.200311" />
                  <PolyStepSegment x="1.470149" y="2.199874" />
                  <PolyStepSegment x="1.470222" y="2.199364" />
                  <PolyStepSegment x="1.470294" y="2.198855" />
                  <PolyStepSegment x="1.470331" y="2.198309" />
                  <PolyStepSegment x="1.470331" y="2.198236" />
                  <PolyStepSegment x="1.470331" y="2.198054" />
                  <PolyStepSegment x="1.470294" y="2.197763" />
                  <PolyStepSegment x="1.470258" y="2.197362" />
                  <PolyStepSegment x="1.470185" y="2.196926" />
                  <PolyStepSegment x="1.47004" y="2.196416" />
                  <PolyStepSegment x="1.469894" y="2.19587" />
                  <PolyStepSegment x="1.469676" y="2.195324" />
                  <PolyStepSegment x="1.469639" y="2.195251" />
                  <PolyStepSegment x="1.469566" y="2.195069" />
                  <PolyStepSegment x="1.469421" y="2.194778" />
                  <PolyStepSegment x="1.469202" y="2.194378" />
                  <PolyStepSegment x="1.468911" y="2.193941" />
                  <PolyStepSegment x="1.468547" y="2.193395" />
                  <PolyStepSegment x="1.46811" y="2.192849" />
                  <PolyStepSegment x="1.467601" y="2.19223" />
                  <PolyStepSegment x="1.467528" y="2.192157" />
                  <PolyStepSegment x="1.467346" y="2.191939" />
                  <PolyStepSegment x="1.467164" y="2.191757" />
                  <PolyStepSegment x="1.466982" y="2.191575" />
                  <PolyStepSegment x="1.466764" y="2.191356" />
                  <PolyStepSegment x="1.466472" y="2.191065" />
                  <PolyStepSegment x="1.466181" y="2.190774" />
                  <PolyStepSegment x="1.465817" y="2.190446" />
                  <PolyStepSegment x="1.465453" y="2.190082" />
                  <PolyStepSegment x="1.465016" y="2.189682" />
                  <PolyStepSegment x="1.464543" y="2.189282" />
                  <PolyStepSegment x="1.464034" y="2.188808" />
                  <PolyStepSegment x="1.463451" y="2.188335" />
                  <PolyStepSegment x="1.462869" y="2.187826" />
                  <PolyStepSegment x="1.462832" y="2.187789" />
                  <PolyStepSegment x="1.46276" y="2.187716" />
                  <PolyStepSegment x="1.462614" y="2.187607" />
                  <PolyStepSegment x="1.462432" y="2.187462" />
                  <PolyStepSegment x="1.462214" y="2.187243" />
                  <PolyStepSegment x="1.461959" y="2.187025" />
                  <PolyStepSegment x="1.461376" y="2.186552" />
                  <PolyStepSegment x="1.460758" y="2.186006" />
                  <PolyStepSegment x="1.460175" y="2.18546" />
                  <PolyStepSegment x="1.459666" y="2.184986" />
                  <PolyStepSegment x="1.459447" y="2.184804" />
                  <PolyStepSegment x="1.459265" y="2.184622" />
                  <PolyStepSegment x="1.459229" y="2.184586" />
                  <PolyStepSegment x="1.45912" y="2.184477" />
                  <PolyStepSegment x="1.458974" y="2.184331" />
                  <PolyStepSegment x="1.458792" y="2.184113" />
                  <PolyStepSegment x="1.45861" y="2.183858" />
                  <PolyStepSegment x="1.458392" y="2.183603" />
                  <PolyStepSegment x="1.457955" y="2.182984" />
                  <PolyStepSegment x="1.470367" y="2.182984" />
                  <PolyStepSegment x="1.470367" y="2.18" />
                  <PolyStepSegment x="1.45366" y="2.18" />
                  <PolyStepSegment x="1.45366" y="2.180036" />
                  <PolyStepSegment x="1.45366" y="2.180182" />
                  <PolyStepSegment x="1.45366" y="2.1804" />
                  <PolyStepSegment x="1.453696" y="2.180691" />
                  <PolyStepSegment x="1.453732" y="2.181019" />
                  <PolyStepSegment x="1.453805" y="2.181383" />
                  <PolyStepSegment x="1.453878" y="2.181747" />
                  <PolyStepSegment x="1.454024" y="2.182147" />
                  <PolyStepSegment x="1.454024" y="2.182184" />
                  <PolyStepSegment x="1.45406" y="2.18222" />
                  <PolyStepSegment x="1.454133" y="2.182438" />
                  <PolyStepSegment x="1.454278" y="2.182766" />
                  <PolyStepSegment x="1.454497" y="2.183203" />
                  <PolyStepSegment x="1.454788" y="2.183712" />
                  <PolyStepSegment x="1.455152" y="2.184295" />
                  <PolyStepSegment x="1.455552" y="2.184877" />
                  <PolyStepSegment x="1.456062" y="2.185496" />
                  <PolyStepSegment x="1.456062" y="2.185532" />
                  <PolyStepSegment x="1.456135" y="2.185569" />
                  <PolyStepSegment x="1.456317" y="2.185787" />
                  <PolyStepSegment x="1.456644" y="2.186115" />
                  <PolyStepSegment x="1.457118" y="2.186588" />
                  <PolyStepSegment x="1.457664" y="2.187134" />
                  <PolyStepSegment x="1.458355" y="2.187789" />
                  <PolyStepSegment x="1.459192" y="2.188517" />
                  <PolyStepSegment x="1.460102" y="2.189282" />
                  <PolyStepSegment x="1.460139" y="2.189318" />
                  <PolyStepSegment x="1.460284" y="2.189427" />
                  <PolyStepSegment x="1.460503" y="2.189609" />
                  <PolyStepSegment x="1.460758" y="2.189828" />
                  <PolyStepSegment x="1.461085" y="2.190119" />
                  <PolyStepSegment x="1.461486" y="2.190446" />
                  <PolyStepSegment x="1.461886" y="2.19081" />
                  <PolyStepSegment x="1.462359" y="2.191211" />
                  <PolyStepSegment x="1.463269" y="2.192084" />
                  <PolyStepSegment x="1.464179" y="2.192958" />
                  <PolyStepSegment x="1.464616" y="2.193395" />
                  <PolyStepSegment x="1.465016" y="2.193832" />
                  <PolyStepSegment x="1.46538" y="2.194232" />
                  <PolyStepSegment x="1.465672" y="2.194632" />
                  <PolyStepSegment x="1.465672" y="2.194669" />
                  <PolyStepSegment x="1.465744" y="2.194705" />
                  <PolyStepSegment x="1.465817" y="2.194814" />
                  <PolyStepSegment x="1.46589" y="2.19496" />
                  <PolyStepSegment x="1.466145" y="2.19536" />
                  <PolyStepSegment x="1.466436" y="2.195834" />
                  <PolyStepSegment x="1.466691" y="2.196416" />
                  <PolyStepSegment x="1.466946" y="2.197035" />
                  <PolyStepSegment x="1.467091" y="2.197726" />
                  <PolyStepSegment x="1.467164" y="2.198382" />
                  <PolyStepSegment x="1.467164" y="2.198418" />
                  <PolyStepSegment x="1.467164" y="2.198454" />
                  <PolyStepSegment x="1.467128" y="2.198673" />
                  <PolyStepSegment x="1.467091" y="2.199037" />
                  <PolyStepSegment x="1.466982" y="2.199437" />
                  <PolyStepSegment x="1.466836" y="2.199947" />
                  <PolyStepSegment x="1.466582" y="2.200456" />
                  <PolyStepSegment x="1.466254" y="2.200966" />
                  <PolyStepSegment x="1.465817" y="2.201476" />
                  <PolyStepSegment x="1.465744" y="2.201548" />
                  <PolyStepSegment x="1.465562" y="2.201694" />
                  <PolyStepSegment x="1.465308" y="2.201876" />
                  <PolyStepSegment x="1.464907" y="2.202131" />
                  <PolyStepSegment x="1.464398" y="2.202349" />
                  <PolyStepSegment x="1.463815" y="2.202568" />
                  <PolyStepSegment x="1.463124" y="2.202713" />
                  <PolyStepSegment x="1.462359" y="2.20275" />
                  <PolyStepSegment x="1.462141" y="2.20275" />
                  <PolyStepSegment x="1.461995" y="2.202713" />
                  <PolyStepSegment x="1.461558" y="2.202677" />
                  <PolyStepSegment x="1.461049" y="2.202568" />
                  <PolyStepSegment x="1.460503" y="2.202422" />
                  <PolyStepSegment x="1.459884" y="2.202167" />
                  <PolyStepSegment x="1.459302" y="2.20184" />
                  <PolyStepSegment x="1.458756" y="2.201403" />
                  <PolyStepSegment x="1.458683" y="2.20133" />
                  <PolyStepSegment x="1.458537" y="2.201148" />
                  <PolyStepSegment x="1.458319" y="2.200857" />
                  <PolyStepSegment x="1.4581" y="2.20042" />
                  <PolyStepSegment x="1.457846" y="2.19991" />
                  <PolyStepSegment x="1.457627" y="2.199255" />
                  <PolyStepSegment x="1.457482" y="2.198527" />
                  <PolyStepSegment x="1.457409" y="2.19769" />
                  <PolyStepSegment x="1.454242" y="2.198018" />
                  <PolyStepSegment x="1.454242" y="2.198054" />
                  <PolyStepSegment x="1.454278" y="2.198163" />
                  <PolyStepSegment x="1.454278" y="2.198345" />
                  <PolyStepSegment x="1.454315" y="2.1986" />
                  <PolyStepSegment x="1.454388" y="2.198891" />
                  <PolyStepSegment x="1.45446" y="2.199219" />
                  <PolyStepSegment x="1.45457" y="2.199619" />
                  <PolyStepSegment x="1.454679" y="2.20002" />
                  <PolyStepSegment x="1.45497" y="2.200893" />
                  <PolyStepSegment x="1.455407" y="2.201767" />
                  <PolyStepSegment x="1.455662" y="2.202204" />
                  <PolyStepSegment x="1.455989" y="2.20264" />
                  <PolyStepSegment x="1.456317" y="2.203041" />
                  <PolyStepSegment x="1.456681" y="2.203405" />
                  <PolyStepSegment x="1.456717" y="2.203441" />
                  <PolyStepSegment x="1.45679" y="2.203478" />
                  <PolyStepSegment x="1.456899" y="2.203587" />
                  <PolyStepSegment x="1.457081" y="2.203696" />
                  <PolyStepSegment x="1.4573" y="2.203842" />
                  <PolyStepSegment x="1.457554" y="2.203987" />
                  <PolyStepSegment x="1.457846" y="2.204169" />
                  <PolyStepSegment x="1.45821" y="2.204351" />
                  <PolyStepSegment x="1.45861" y="2.204533" />
                  <PolyStepSegment x="1.459047" y="2.204715" />
                  <PolyStepSegment x="1.45952" y="2.204861" />
                  <PolyStepSegment x="1.46003" y="2.205006" />
                  <PolyStepSegment x="1.460576" y="2.205116" />
                  <PolyStepSegment x="1.461158" y="2.205225" />
                  <PolyStepSegment x="1.461777" y="2.205261" />
                  <PolyStepSegment x="1.462432" y="2.205298" />
                  <PolyStepSegment x="1.462796" y="2.205298" />
                  <PolyStepSegment x="1.463051" y="2.205261" />
                </Polygon>
              </Contour>
            </Features>
            <Features>
              <Contour>
                <Polygon>
                  <PolyBegin x="2.220698" y="1.63593" />
                  <PolyStepSegment x="2.220662" y="1.635639" />
                  <PolyStepSegment x="2.220625" y="1.635275" />
                  <PolyStepSegment x="2.220552" y="1.634874" />
                  <PolyStepSegment x="2.22048" y="1.634474" />
                  <PolyStepSegment x="2.220225" y="1.633528" />
                  <PolyStepSegment x="2.219861" y="1.632581" />
                  <PolyStepSegment x="2.219642" y="1.632108" />
                  <PolyStepSegment x="2.219388" y="1.631635" />
                  <PolyStepSegment x="2.21906" y="1.631198" />
                  <PolyStepSegment x="2.218696" y="1.630798" />
                  <PolyStepSegment x="2.21866" y="1.630761" />
                  <PolyStepSegment x="2.218623" y="1.630688" />
                  <PolyStepSegment x="2.218478" y="1.630616" />
                  <PolyStepSegment x="2.218332" y="1.63047" />
                  <PolyStepSegment x="2.21815" y="1.630288" />
                  <PolyStepSegment x="2.217895" y="1.630106" />
                  <PolyStepSegment x="2.21764" y="1.629924" />
                  <PolyStepSegment x="2.217313" y="1.629706" />
                  <PolyStepSegment x="2.216621" y="1.629342" />
                  <PolyStepSegment x="2.215748" y="1.628978" />
                  <PolyStepSegment x="2.215311" y="1.628832" />
                  <PolyStepSegment x="2.214801" y="1.628759" />
                  <PolyStepSegment x="2.214292" y="1.628686" />
                  <PolyStepSegment x="2.213746" y="1.62865" />
                  <PolyStepSegment x="2.213673" y="1.62865" />
                  <PolyStepSegment x="2.213491" y="1.62865" />
                  <PolyStepSegment x="2.2132" y="1.628686" />
                  <PolyStepSegment x="2.212799" y="1.628723" />
                  <PolyStepSegment x="2.212362" y="1.628796" />
                  <PolyStepSegment x="2.211853" y="1.628941" />
                  <PolyStepSegment x="2.211307" y="1.629087" />
                  <PolyStepSegment x="2.210761" y="1.629305" />
                  <PolyStepSegment x="2.210688" y="1.629342" />
                  <PolyStepSegment x="2.210506" y="1.629414" />
                  <PolyStepSegment x="2.210215" y="1.62956" />
                  <PolyStepSegment x="2.209814" y="1.629778" />
                  <PolyStepSegment x="2.209378" y="1.63007" />
                  <PolyStepSegment x="2.208832" y="1.630434" />
                  <PolyStepSegment x="2.208286" y="1.63087" />
                  <PolyStepSegment x="2.207667" y="1.63138" />
                  <PolyStepSegment x="2.207594" y="1.631453" />
                  <PolyStepSegment x="2.207376" y="1.631635" />
                  <PolyStepSegment x="2.207194" y="1.631817" />
                  <PolyStepSegment x="2.207012" y="1.631999" />
                  <PolyStepSegment x="2.206793" y="1.632217" />
                  <PolyStepSegment x="2.206502" y="1.632508" />
                  <PolyStepSegment x="2.206211" y="1.6328" />
                  <PolyStepSegment x="2.205883" y="1.633164" />
                  <PolyStepSegment x="2.205519" y="1.633528" />
                  <PolyStepSegment x="2.205119" y="1.633964" />
                  <PolyStepSegment x="2.204718" y="1.634438" />
                  <PolyStepSegment x="2.204245" y="1.634947" />
                  <PolyStepSegment x="2.203772" y="1.63553" />
                  <PolyStepSegment x="2.203262" y="1.636112" />
                  <PolyStepSegment x="2.203226" y="1.636148" />
                  <PolyStepSegment x="2.203153" y="1.636221" />
                  <PolyStepSegment x="2.203044" y="1.636367" />
                  <PolyStepSegment x="2.202898" y="1.636549" />
                  <PolyStepSegment x="2.20268" y="1.636767" />
                  <PolyStepSegment x="2.202462" y="1.637022" />
                  <PolyStepSegment x="2.201988" y="1.637604" />
                  <PolyStepSegment x="2.201442" y="1.638223" />
                  <PolyStepSegment x="2.200896" y="1.638806" />
                  <PolyStepSegment x="2.200423" y="1.639315" />
                  <PolyStepSegment x="2.200241" y="1.639534" />
                  <PolyStepSegment x="2.200059" y="1.639716" />
                  <PolyStepSegment x="2.200023" y="1.639752" />
                  <PolyStepSegment x="2.199914" y="1.639861" />
                  <PolyStepSegment x="2.199768" y="1.640007" />
                  <PolyStepSegment x="2.19955" y="1.640189" />
                  <PolyStepSegment x="2.199295" y="1.640371" />
                  <PolyStepSegment x="2.19904" y="1.640589" />
                  <PolyStepSegment x="2.198421" y="1.641026" />
                  <PolyStepSegment x="2.198421" y="1.628614" />
                  <PolyStepSegment x="2.195436" y="1.628614" />
                  <PolyStepSegment x="2.195436" y="1.645321" />
                  <PolyStepSegment x="2.195473" y="1.645321" />
                  <PolyStepSegment x="2.195618" y="1.645321" />
                  <PolyStepSegment x="2.195837" y="1.645321" />
                  <PolyStepSegment x="2.196128" y="1.645285" />
                  <PolyStepSegment x="2.196456" y="1.645248" />
                  <PolyStepSegment x="2.19682" y="1.645176" />
                  <PolyStepSegment x="2.197184" y="1.645103" />
                  <PolyStepSegment x="2.197584" y="1.644957" />
                  <PolyStepSegment x="2.19762" y="1.644957" />
                  <PolyStepSegment x="2.197657" y="1.644921" />
                  <PolyStepSegment x="2.197875" y="1.644848" />
                  <PolyStepSegment x="2.198203" y="1.644702" />
                  <PolyStepSegment x="2.19864" y="1.644484" />
                  <PolyStepSegment x="2.199149" y="1.644193" />
                  <PolyStepSegment x="2.199732" y="1.643829" />
                  <PolyStepSegment x="2.200314" y="1.643428" />
                  <PolyStepSegment x="2.200933" y="1.642919" />
                  <PolyStepSegment x="2.200969" y="1.642919" />
                  <PolyStepSegment x="2.201006" y="1.642846" />
                  <PolyStepSegment x="2.201224" y="1.642664" />
                  <PolyStepSegment x="2.201552" y="1.642336" />
                  <PolyStepSegment x="2.202025" y="1.641863" />
                  <PolyStepSegment x="2.202571" y="1.641317" />
                  <PolyStepSegment x="2.203226" y="1.640626" />
                  <PolyStepSegment x="2.203954" y="1.639788" />
                  <PolyStepSegment x="2.204718" y="1.638878" />
                  <PolyStepSegment x="2.204755" y="1.638842" />
                  <PolyStepSegment x="2.204864" y="1.638696" />
                  <PolyStepSegment x="2.205046" y="1.638478" />
                  <PolyStepSegment x="2.205264" y="1.638223" />
                  <PolyStepSegment x="2.205556" y="1.637896" />
                  <PolyStepSegment x="2.205883" y="1.637495" />
                  <PolyStepSegment x="2.206247" y="1.637095" />
                  <PolyStepSegment x="2.206648" y="1.636622" />
                  <PolyStepSegment x="2.207521" y="1.635712" />
                  <PolyStepSegment x="2.208395" y="1.634802" />
                  <PolyStepSegment x="2.208832" y="1.634365" />
                  <PolyStepSegment x="2.209268" y="1.633964" />
                  <PolyStepSegment x="2.209669" y="1.6336" />
                  <PolyStepSegment x="2.210069" y="1.633309" />
                  <PolyStepSegment x="2.210106" y="1.633309" />
                  <PolyStepSegment x="2.210142" y="1.633236" />
                  <PolyStepSegment x="2.210251" y="1.633164" />
                  <PolyStepSegment x="2.210397" y="1.633091" />
                  <PolyStepSegment x="2.210797" y="1.632836" />
                  <PolyStepSegment x="2.21127" y="1.632545" />
                  <PolyStepSegment x="2.211853" y="1.63229" />
                  <PolyStepSegment x="2.212472" y="1.632035" />
                  <PolyStepSegment x="2.213163" y="1.63189" />
                  <PolyStepSegment x="2.213818" y="1.631817" />
                  <PolyStepSegment x="2.213855" y="1.631817" />
                  <PolyStepSegment x="2.213891" y="1.631817" />
                  <PolyStepSegment x="2.21411" y="1.631853" />
                  <PolyStepSegment x="2.214474" y="1.63189" />
                  <PolyStepSegment x="2.214874" y="1.631999" />
                  <PolyStepSegment x="2.215384" y="1.632144" />
                  <PolyStepSegment x="2.215893" y="1.632399" />
                  <PolyStepSegment x="2.216403" y="1.632727" />
                  <PolyStepSegment x="2.216912" y="1.633164" />
                  <PolyStepSegment x="2.216985" y="1.633236" />
                  <PolyStepSegment x="2.217131" y="1.633418" />
                  <PolyStepSegment x="2.217313" y="1.633673" />
                  <PolyStepSegment x="2.217568" y="1.634074" />
                  <PolyStepSegment x="2.217786" y="1.634583" />
                  <PolyStepSegment x="2.218004" y="1.635166" />
                  <PolyStepSegment x="2.21815" y="1.635857" />
                  <PolyStepSegment x="2.218186" y="1.636622" />
                  <PolyStepSegment x="2.218186" y="1.63684" />
                  <PolyStepSegment x="2.21815" y="1.636986" />
                  <PolyStepSegment x="2.218114" y="1.637422" />
                  <PolyStepSegment x="2.218004" y="1.637932" />
                  <PolyStepSegment x="2.217859" y="1.638478" />
                  <PolyStepSegment x="2.217604" y="1.639097" />
                  <PolyStepSegment x="2.217276" y="1.639679" />
                  <PolyStepSegment x="2.21684" y="1.640225" />
                  <PolyStepSegment x="2.216767" y="1.640298" />
                  <PolyStepSegment x="2.216585" y="1.640444" />
                  <PolyStepSegment x="2.216294" y="1.640662" />
                  <PolyStepSegment x="2.215857" y="1.64088" />
                  <PolyStepSegment x="2.215347" y="1.641135" />
                  <PolyStepSegment x="2.214692" y="1.641354" />
                  <PolyStepSegment x="2.213964" y="1.641499" />
                  <PolyStepSegment x="2.213127" y="1.641572" />
                  <PolyStepSegment x="2.213454" y="1.644739" />
                  <PolyStepSegment x="2.213491" y="1.644739" />
                  <PolyStepSegment x="2.2136" y="1.644702" />
                  <PolyStepSegment x="2.213782" y="1.644702" />
                  <PolyStepSegment x="2.214037" y="1.644666" />
                  <PolyStepSegment x="2.214328" y="1.644593" />
                  <PolyStepSegment x="2.214656" y="1.64452" />
                  <PolyStepSegment x="2.215056" y="1.644411" />
                  <PolyStepSegment x="2.215456" y="1.644302" />
                  <PolyStepSegment x="2.21633" y="1.644011" />
                  <PolyStepSegment x="2.217204" y="1.643574" />
                  <PolyStepSegment x="2.21764" y="1.643319" />
                  <PolyStepSegment x="2.218077" y="1.642992" />
                  <PolyStepSegment x="2.218478" y="1.642664" />
                  <PolyStepSegment x="2.218842" y="1.6423" />
                  <PolyStepSegment x="2.218878" y="1.642264" />
                  <PolyStepSegment x="2.218914" y="1.642191" />
                  <PolyStepSegment x="2.219024" y="1.642082" />
                  <PolyStepSegment x="2.219133" y="1.6419" />
                  <PolyStepSegment x="2.219278" y="1.641681" />
                  <PolyStepSegment x="2.219424" y="1.641426" />
                  <PolyStepSegment x="2.219606" y="1.641135" />
                  <PolyStepSegment x="2.219788" y="1.640771" />
                  <PolyStepSegment x="2.21997" y="1.640371" />
                  <PolyStepSegment x="2.220152" y="1.639934" />
                  <PolyStepSegment x="2.220298" y="1.639461" />
                  <PolyStepSegment x="2.220443" y="1.638951" />
                  <PolyStepSegment x="2.220552" y="1.6384049999999999" />
                  <PolyStepSegment x="2.220662" y="1.637823" />
                  <PolyStepSegment x="2.220698" y="1.637204" />
                  <PolyStepSegment x="2.220734" y="1.636549" />
                  <PolyStepSegment x="2.220734" y="1.636185" />
                  <PolyStepSegment x="2.220698" y="1.63593" />
                </Polygon>
              </Contour>
            </Features>
            <Features>
              <Contour>
                <Polygon>
                  <PolyBegin x="2.221026" y="1.657515" />
                  <PolyStepSegment x="2.220989" y="1.657188" />
                  <PolyStepSegment x="2.220953" y="1.656787" />
                  <PolyStepSegment x="2.220916" y="1.656387" />
                  <PolyStepSegment x="2.220807" y="1.655914" />
                  <PolyStepSegment x="2.220589" y="1.654931" />
                  <PolyStepSegment x="2.220261" y="1.653839" />
                  <PolyStepSegment x="2.220043" y="1.653293" />
                  <PolyStepSegment x="2.219788" y="1.652783" />
                  <PolyStepSegment x="2.21946" y="1.652274" />
                  <PolyStepSegment x="2.219133" y="1.651764" />
                  <PolyStepSegment x="2.219096" y="1.651728" />
                  <PolyStepSegment x="2.21906" y="1.651655" />
                  <PolyStepSegment x="2.218951" y="1.651509" />
                  <PolyStepSegment x="2.218769" y="1.651327" />
                  <PolyStepSegment x="2.218587" y="1.651145" />
                  <PolyStepSegment x="2.218332" y="1.65089" />
                  <PolyStepSegment x="2.218041" y="1.650636" />
                  <PolyStepSegment x="2.21775" y="1.650344" />
                  <PolyStepSegment x="2.217386" y="1.650053" />
                  <PolyStepSegment x="2.216949" y="1.649762" />
                  <PolyStepSegment x="2.216512" y="1.649434" />
                  <PolyStepSegment x="2.216039" y="1.649143" />
                  <PolyStepSegment x="2.215493" y="1.648888" />
                  <PolyStepSegment x="2.214947" y="1.648597" />
                  <PolyStepSegment x="2.214364" y="1.648379" />
                  <PolyStepSegment x="2.213709" y="1.64816" />
                  <PolyStepSegment x="2.212945" y="1.651436" />
                  <PolyStepSegment x="2.212981" y="1.651436" />
                  <PolyStepSegment x="2.213054" y="1.651473" />
                  <PolyStepSegment x="2.2132" y="1.651546" />
                  <PolyStepSegment x="2.213382" y="1.651618" />
                  <PolyStepSegment x="2.2136" y="1.651691" />
                  <PolyStepSegment x="2.213891" y="1.6518" />
                  <PolyStepSegment x="2.214474" y="1.652092" />
                  <PolyStepSegment x="2.215129" y="1.652456" />
                  <PolyStepSegment x="2.215784" y="1.652892" />
                  <PolyStepSegment x="2.216403" y="1.653438" />
                  <PolyStepSegment x="2.216949" y="1.654021" />
                  <PolyStepSegment x="2.217022" y="1.654094" />
                  <PolyStepSegment x="2.217167" y="1.654312" />
                  <PolyStepSegment x="2.217349" y="1.654676" />
                  <PolyStepSegment x="2.217604" y="1.655149" />
                  <PolyStepSegment x="2.217822" y="1.655768" />
                  <PolyStepSegment x="2.218041" y="1.65646" />
                  <PolyStepSegment x="2.218186" y="1.657297" />
                  <PolyStepSegment x="2.218223" y="1.658207" />
                  <PolyStepSegment x="2.218223" y="1.658498" />
                  <PolyStepSegment x="2.218186" y="1.65868" />
                  <PolyStepSegment x="2.218186" y="1.658935" />
                  <PolyStepSegment x="2.21815" y="1.659226" />
                  <PolyStepSegment x="2.218041" y="1.659918" />
                  <PolyStepSegment x="2.217895" y="1.660682" />
                  <PolyStepSegment x="2.21764" y="1.661483" />
                  <PolyStepSegment x="2.217276" y="1.66232" />
                  <PolyStepSegment x="2.216803" y="1.663084" />
                  <PolyStepSegment x="2.216803" y="1.663121" />
                  <PolyStepSegment x="2.21673" y="1.663157" />
                  <PolyStepSegment x="2.216548" y="1.663412" />
                  <PolyStepSegment x="2.216257" y="1.66374" />
                  <PolyStepSegment x="2.21582" y="1.66414" />
                  <PolyStepSegment x="2.215274" y="1.664613" />
                  <PolyStepSegment x="2.214656" y="1.66505" />
                  <PolyStepSegment x="2.213891" y="1.66545" />
                  <PolyStepSegment x="2.213054" y="1.665814" />
                  <PolyStepSegment x="2.213018" y="1.665814" />
                  <PolyStepSegment x="2.212945" y="1.665851" />
                  <PolyStepSegment x="2.212836" y="1.665887" />
                  <PolyStepSegment x="2.212654" y="1.665924" />
                  <PolyStepSegment x="2.212435" y="1.665996" />
                  <PolyStepSegment x="2.21218" y="1.666069" />
                  <PolyStepSegment x="2.211562" y="1.666178" />
                  <PolyStepSegment x="2.210834" y="1.666324" />
                  <PolyStepSegment x="2.210033" y="1.66647" />
                  <PolyStepSegment x="2.209159" y="1.666542" />
                  <PolyStepSegment x="2.208213" y="1.666579" />
                  <PolyStepSegment x="2.208176" y="1.666579" />
                  <PolyStepSegment x="2.208067" y="1.666579" />
                  <PolyStepSegment x="2.207885" y="1.666579" />
                  <PolyStepSegment x="2.207667" y="1.666579" />
                  <PolyStepSegment x="2.207412" y="1.666542" />
                  <PolyStepSegment x="2.207084" y="1.666542" />
                  <PolyStepSegment x="2.20672" y="1.666506" />
                  <PolyStepSegment x="2.20632" y="1.66647" />
                  <PolyStepSegment x="2.205446" y="1.66636" />
                  <PolyStepSegment x="2.2045" y="1.666178" />
                  <PolyStepSegment x="2.203554" y="1.66596" />
                  <PolyStepSegment x="2.202607" y="1.665669" />
                  <PolyStepSegment x="2.202571" y="1.665669" />
                  <PolyStepSegment x="2.202498" y="1.665632" />
                  <PolyStepSegment x="2.202389" y="1.66556" />
                  <PolyStepSegment x="2.202207" y="1.665487" />
                  <PolyStepSegment x="2.20177" y="1.665268" />
                  <PolyStepSegment x="2.20126" y="1.664941" />
                  <PolyStepSegment x="2.200678" y="1.66454" />
                  <PolyStepSegment x="2.200059" y="1.664031" />
                  <PolyStepSegment x="2.199513" y="1.663448" />
                  <PolyStepSegment x="2.199004" y="1.662757" />
                  <PolyStepSegment x="2.199004" y="1.66272" />
                  <PolyStepSegment x="2.198967" y="1.662648" />
                  <PolyStepSegment x="2.198894" y="1.662538" />
                  <PolyStepSegment x="2.198822" y="1.662393" />
                  <PolyStepSegment x="2.198749" y="1.662211" />
                  <PolyStepSegment x="2.19864" y="1.661992" />
                  <PolyStepSegment x="2.198421" y="1.661483" />
                  <PolyStepSegment x="2.198203" y="1.660828" />
                  <PolyStepSegment x="2.198021" y="1.6601" />
                  <PolyStepSegment x="2.197875" y="1.659299" />
                  <PolyStepSegment x="2.197839" y="1.658462" />
                  <PolyStepSegment x="2.197839" y="1.658207" />
                  <PolyStepSegment x="2.197875" y="1.657988" />
                  <PolyStepSegment x="2.197875" y="1.657734" />
                  <PolyStepSegment x="2.197912" y="1.657479" />
                  <PolyStepSegment x="2.198057" y="1.656824" />
                  <PolyStepSegment x="2.198239" y="1.656059" />
                  <PolyStepSegment x="2.19853" y="1.655295" />
                  <PolyStepSegment x="2.198931" y="1.654494" />
                  <PolyStepSegment x="2.199149" y="1.654094" />
                  <PolyStepSegment x="2.19944" y="1.65373" />
                  <PolyStepSegment x="2.199477" y="1.653693" />
                  <PolyStepSegment x="2.199513" y="1.653657" />
                  <PolyStepSegment x="2.199622" y="1.653548" />
                  <PolyStepSegment x="2.199732" y="1.653402" />
                  <PolyStepSegment x="2.199914" y="1.653256" />
                  <PolyStepSegment x="2.200132" y="1.653074" />
                  <PolyStepSegment x="2.20035" y="1.652856" />
                  <PolyStepSegment x="2.200642" y="1.652674" />
                  <PolyStepSegment x="2.200969" y="1.652456" />
                  <PolyStepSegment x="2.201333" y="1.652201" />
                  <PolyStepSegment x="2.201697" y="1.651982" />
                  <PolyStepSegment x="2.202134" y="1.651764" />
                  <PolyStepSegment x="2.202607" y="1.651582" />
                  <PolyStepSegment x="2.203117" y="1.6514" />
                  <PolyStepSegment x="2.203663" y="1.651218" />
                  <PolyStepSegment x="2.204245" y="1.651072" />
                  <PolyStepSegment x="2.203408" y="1.647724" />
                  <PolyStepSegment x="2.203372" y="1.647724" />
                  <PolyStepSegment x="2.203226" y="1.64776" />
                  <PolyStepSegment x="2.203008" y="1.647833" />
                  <PolyStepSegment x="2.202716" y="1.647942" />
                  <PolyStepSegment x="2.202389" y="1.648051" />
                  <PolyStepSegment x="2.201988" y="1.648197" />
                  <PolyStepSegment x="2.201552" y="1.648379" />
                  <PolyStepSegment x="2.201078" y="1.648597" />
                  <PolyStepSegment x="2.200059" y="1.649107" />
                  <PolyStepSegment x="2.19904" y="1.649762" />
                  <PolyStepSegment x="2.19853" y="1.650162" />
                  <PolyStepSegment x="2.198021" y="1.650563" />
                  <PolyStepSegment x="2.197584" y="1.651" />
                  <PolyStepSegment x="2.197147" y="1.651509" />
                  <PolyStepSegment x="2.197111" y="1.651546" />
                  <PolyStepSegment x="2.197038" y="1.651618" />
                  <PolyStepSegment x="2.196965" y="1.6518" />
                  <PolyStepSegment x="2.19682" y="1.651982" />
                  <PolyStepSegment x="2.196638" y="1.652274" />
                  <PolyStepSegment x="2.196456" y="1.652565" />
                  <PolyStepSegment x="2.196274" y="1.652965" />
                  <PolyStepSegment x="2.196092" y="1.653366" />
                  <PolyStepSegment x="2.195873" y="1.653839" />
                  <PolyStepSegment x="2.195691" y="1.654348" />
                  <PolyStepSegment x="2.195509" y="1.654894" />
                  <PolyStepSegment x="2.195327" y="1.655477" />
                  <PolyStepSegment x="2.195182" y="1.656096" />
                  <PolyStepSegment x="2.195109" y="1.656751" />
                  <PolyStepSegment x="2.195036" y="1.657442" />
                  <PolyStepSegment x="2.195" y="1.65817" />
                  <PolyStepSegment x="2.195" y="1.658571" />
                  <PolyStepSegment x="2.195036" y="1.658862" />
                  <PolyStepSegment x="2.195036" y="1.65919" />
                  <PolyStepSegment x="2.195072" y="1.65959" />
                  <PolyStepSegment x="2.195145" y="1.660027" />
                  <PolyStepSegment x="2.195218" y="1.660536" />
                  <PolyStepSegment x="2.1954" y="1.661592" />
                  <PolyStepSegment x="2.195691" y="1.662684" />
                  <PolyStepSegment x="2.196092" y="1.663776" />
                  <PolyStepSegment x="2.196346" y="1.664286" />
                  <PolyStepSegment x="2.196638" y="1.664795" />
                  <PolyStepSegment x="2.196674" y="1.664832" />
                  <PolyStepSegment x="2.19671" y="1.664904" />
                  <PolyStepSegment x="2.19682" y="1.66505" />
                  <PolyStepSegment x="2.196965" y="1.665196" />
                  <PolyStepSegment x="2.197111" y="1.665414" />
                  <PolyStepSegment x="2.197329" y="1.665669" />
                  <PolyStepSegment x="2.197584" y="1.66596" />
                  <PolyStepSegment x="2.197875" y="1.666251" />
                  <PolyStepSegment x="2.198203" y="1.666542" />
                  <PolyStepSegment x="2.19853" y="1.66687" />
                  <PolyStepSegment x="2.199368" y="1.667525" />
                  <PolyStepSegment x="2.20035" y="1.668144" />
                  <PolyStepSegment x="2.201442" y="1.66869" />
                  <PolyStepSegment x="2.201479" y="1.66869" />
                  <PolyStepSegment x="2.201588" y="1.668763" />
                  <PolyStepSegment x="2.20177" y="1.668799" />
                  <PolyStepSegment x="2.201988" y="1.668908" />
                  <PolyStepSegment x="2.20228" y="1.668981" />
                  <PolyStepSegment x="2.202644" y="1.66909" />
                  <PolyStepSegment x="2.203044" y="1.669236" />
                  <PolyStepSegment x="2.203481" y="1.669345" />
                  <PolyStepSegment x="2.203954" y="1.669454" />
                  <PolyStepSegment x="2.2045" y="1.6696" />
                  <PolyStepSegment x="2.205628" y="1.669782" />
                  <PolyStepSegment x="2.206902" y="1.669928" />
                  <PolyStepSegment x="2.208213" y="1.67" />
                  <PolyStepSegment x="2.208249" y="1.67" />
                  <PolyStepSegment x="2.208395" y="1.67" />
                  <PolyStepSegment x="2.208613" y="1.67" />
                  <PolyStepSegment x="2.208868" y="1.669964" />
                  <PolyStepSegment x="2.209232" y="1.669964" />
                  <PolyStepSegment x="2.209596" y="1.669928" />
                  <PolyStepSegment x="2.210069" y="1.669891" />
                  <PolyStepSegment x="2.210542" y="1.669818" />
                  <PolyStepSegment x="2.211598" y="1.669636" />
                  <PolyStepSegment x="2.212763" y="1.669382" />
                  <PolyStepSegment x="2.213928" y="1.669018" />
                  <PolyStepSegment x="2.215056" y="1.668508" />
                  <PolyStepSegment x="2.215092" y="1.668472" />
                  <PolyStepSegment x="2.215202" y="1.668435" />
                  <PolyStepSegment x="2.215347" y="1.668362" />
                  <PolyStepSegment x="2.215529" y="1.668217" />
                  <PolyStepSegment x="2.215784" y="1.668071" />
                  <PolyStepSegment x="2.216075" y="1.667889" />
                  <PolyStepSegment x="2.21673" y="1.667416" />
                  <PolyStepSegment x="2.217458" y="1.666797" />
                  <PolyStepSegment x="2.218186" y="1.666069" />
                  <PolyStepSegment x="2.218914" y="1.665232" />
                  <PolyStepSegment x="2.219533" y="1.664249" />
                  <PolyStepSegment x="2.21957" y="1.664213" />
                  <PolyStepSegment x="2.219606" y="1.664104" />
                  <PolyStepSegment x="2.219679" y="1.663958" />
                  <PolyStepSegment x="2.219788" y="1.663776" />
                  <PolyStepSegment x="2.219897" y="1.663485" />
                  <PolyStepSegment x="2.220006" y="1.663194" />
                  <PolyStepSegment x="2.220152" y="1.66283" />
                  <PolyStepSegment x="2.220298" y="1.662429" />
                  <PolyStepSegment x="2.220443" y="1.661992" />
                  <PolyStepSegment x="2.220589" y="1.661519" />
                  <PolyStepSegment x="2.220807" y="1.6605" />
                  <PolyStepSegment x="2.220989" y="1.659335" />
                  <PolyStepSegment x="2.221062" y="1.658134" />
                  <PolyStepSegment x="2.221062" y="1.65777" />
                  <PolyStepSegment x="2.221026" y="1.657515" />
                </Polygon>
              </Contour>
            </Features>
          </Set>
          <Set>
            <SlotCavity name="J2-11 Hole" platingStatus="PLATED" plusTol="0" minusTol="0">
              <Outline>
                <Polygon>
                  <PolyBegin x="2.956929" y="1.625753" />
                  <PolyStepSegment x="2.961538" y="1.62667" />
                  <PolyStepSegment x="2.965444" y="1.62928" />
                  <PolyStepSegment x="2.968055" y="1.633187" />
                  <PolyStepSegment x="2.968972" y="1.637795" />
                  <PolyStepSegment x="2.968055" y="1.642404" />
                  <PolyStepSegment x="2.965444" y="1.646311" />
                  <PolyStepSegment x="2.961538" y="1.648921" />
                  <PolyStepSegment x="2.956929" y="1.649838" />
                  <PolyStepSegment x="2.92937" y="1.649838" />
                  <PolyStepSegment x="2.924762" y="1.648921" />
                  <PolyStepSegment x="2.920855" y="1.646311" />
                  <PolyStepSegment x="2.918244" y="1.642404" />
                  <PolyStepSegment x="2.917328" y="1.637795" />
                  <PolyStepSegment x="2.918244" y="1.633187" />
                  <PolyStepSegment x="2.920855" y="1.62928" />
                  <PolyStepSegment x="2.924762" y="1.62667" />
                  <PolyStepSegment x="2.92937" y="1.625753" />
                  <PolyStepSegment x="2.956929" y="1.625753" />
                </Polygon>
                <LineDesc lineEnd="NONE" lineWidth="0" lineProperty="SOLID" />
              </Outline>
            </SlotCavity>
          </Set>
          <Set>
            <SlotCavity name="J2-8 Hole" platingStatus="PLATED" plusTol="0" minusTol="0">
              <Outline>
                <Polygon>
                  <PolyBegin x="2.956929" y="1.350162" />
                  <PolyStepSegment x="2.961538" y="1.351079" />
                  <PolyStepSegment x="2.965444" y="1.35369" />
                  <PolyStepSegment x="2.968055" y="1.357596" />
                  <PolyStepSegment x="2.968972" y="1.362205" />
                  <PolyStepSegment x="2.968055" y="1.366813" />
                  <PolyStepSegment x="2.965444" y="1.37072" />
                  <PolyStepSegment x="2.961538" y="1.37333" />
                  <PolyStepSegment x="2.956929" y="1.374247" />
                  <PolyStepSegment x="2.92937" y="1.374247" />
                  <PolyStepSegment x="2.924762" y="1.37333" />
                  <PolyStepSegment x="2.920855" y="1.37072" />
                  <PolyStepSegment x="2.918244" y="1.366813" />
                  <PolyStepSegment x="2.917328" y="1.362205" />
                  <PolyStepSegment x="2.918244" y="1.357596" />
                  <PolyStepSegment x="2.920855" y="1.35369" />
                  <PolyStepSegment x="2.924762" y="1.351079" />
                  <PolyStepSegment x="2.92937" y="1.350162" />
                  <PolyStepSegment x="2.956929" y="1.350162" />
                </Polygon>
                <LineDesc lineEnd="NONE" lineWidth="0" lineProperty="SOLID" />
              </Outline>
            </SlotCavity>
          </Set>
        </LayerFeature>
        <LayerFeature layerRef="Top 3D Body">
          <Set>
            <ColorRef id="LAYER_COLOR_Top 3D Body" />
          </Set>
          <Set net="No Net">
            <Features>
              <UserSpecial>
                <Arc startX="1.985" startY="2.565" endX="1.985" endY="2.565" centerX="1.97" centerY="2.565" clockwise="false">
                  <LineDesc lineEnd="ROUND" lineWidth="0.02" lineProperty="SOLID" />
                </Arc>
                <Arc startX="1.985" startY="1.555" endX="1.985" endY="1.555" centerX="1.97" centerY="1.555" clockwise="false">
                  <LineDesc lineEnd="ROUND" lineWidth="0.02" lineProperty="SOLID" />
                </Arc>
                <Line startX="2.640039" startY="1.618819" endX="2.640039" endY="1.721181">
                  <LineDesc lineEnd="ROUND" lineWidth="0.003937" lineProperty="SOLID" />
                </Line>
                <Line startX="2.469961" startY="1.618819" endX="2.469961" endY="1.721181">
                  <LineDesc lineEnd="ROUND" lineWidth="0.003937" lineProperty="SOLID" />
                </Line>
                <Line startX="2.469961" startY="1.618819" endX="2.640039" endY="1.618819">
                  <LineDesc lineEnd="ROUND" lineWidth="0.003937" lineProperty="SOLID" />
                </Line>
                <Line startX="2.469961" startY="1.721181" endX="2.640039" endY="1.721181">
                  <LineDesc lineEnd="ROUND" lineWidth="0.003937" lineProperty="SOLID" />
                </Line>
                <Line startX="2.635039" startY="1.398819" endX="2.635039" endY="1.501181">
                  <LineDesc lineEnd="ROUND" lineWidth="0.003937" lineProperty="SOLID" />
                </Line>
                <Line startX="2.464961" startY="1.398819" endX="2.464961" endY="1.501181">
                  <LineDesc lineEnd="ROUND" lineWidth="0.003937" lineProperty="SOLID" />
                </Line>
                <Line startX="2.464961" startY="1.398819" endX="2.635039" endY="1.398819">
                  <LineDesc lineEnd="ROUND" lineWidth="0.003937" lineProperty="SOLID" />
                </Line>
                <Line startX="2.464961" startY="1.501181" endX="2.635039" endY="1.501181">
                  <LineDesc lineEnd="ROUND" lineWidth="0.003937" lineProperty="SOLID" />
                </Line>
                <Line startX="2.343543" startY="2.126693" endX="2.343543" endY="2.213307">
                  <LineDesc lineEnd="ROUND" lineWidth="0.007874" lineProperty="SOLID" />
                </Line>
                <Line startX="2.286457" startY="2.126693" endX="2.343543" endY="2.126693">
                  <LineDesc lineEnd="ROUND" lineWidth="0.007874" lineProperty="SOLID" />
                </Line>
                <Line startX="2.286457" startY="2.126693" endX="2.286457" endY="2.213307">
                  <LineDesc lineEnd="ROUND" lineWidth="0.007874" lineProperty="SOLID" />
                </Line>
                <Line startX="2.286457" startY="2.213307" endX="2.343543" endY="2.213307">
                  <LineDesc lineEnd="ROUND" lineWidth="0.007874" lineProperty="SOLID" />
                </Line>
                <Line startX="2.419567" startY="2.427835" endX="2.419567" endY="2.792165">
                  <LineDesc lineEnd="ROUND" lineWidth="0.007874" lineProperty="SOLID" />
                </Line>
                <Line startX="2.419567" startY="2.792165" endX="3.000433" endY="2.792165">
                  <LineDesc lineEnd="ROUND" lineWidth="0.007874" lineProperty="SOLID" />
                </Line>
                <Line startX="3.000433" startY="2.427835" endX="3.000433" endY="2.792165">
                  <LineDesc lineEnd="ROUND" lineWidth="0.007874" lineProperty="SOLID" />
                </Line>
                <Line startX="2.419567" startY="2.427835" endX="3.000433" endY="2.427835">
                  <LineDesc lineEnd="ROUND" lineWidth="0.007874" lineProperty="SOLID" />
                </Line>
                <Line startX="2.995433" startY="2.277913" endX="2.995433" endY="2.948976">
                  <LineDesc lineEnd="ROUND" lineWidth="0.007874" lineProperty="SOLID" />
                </Line>
                <Line startX="2.308504" startY="3.104252" endX="2.371496" endY="3.104252">
                  <LineDesc lineEnd="ROUND" lineWidth="0.003937" lineProperty="SOLID" />
                </Line>
                <Line startX="2.371496" startY="3.104252" endX="2.371496" endY="3.135748">
                  <LineDesc lineEnd="ROUND" lineWidth="0.003937" lineProperty="SOLID" />
                </Line>
                <Line startX="2.308504" startY="3.104252" endX="2.308504" endY="3.135748">
                  <LineDesc lineEnd="ROUND" lineWidth="0.003937" lineProperty="SOLID" />
                </Line>
                <Line startX="2.308504" startY="3.135748" endX="2.371496" endY="3.135748">
                  <LineDesc lineEnd="ROUND" lineWidth="0.003937" lineProperty="SOLID" />
                </Line>
                <Line startX="2.308504" startY="3.044252" endX="2.371496" endY="3.044252">
                  <LineDesc lineEnd="ROUND" lineWidth="0.003937" lineProperty="SOLID" />
                </Line>
                <Line startX="2.371496" startY="3.044252" endX="2.371496" endY="3.075748">
                  <LineDesc lineEnd="ROUND" lineWidth="0.003937" lineProperty="SOLID" />
                </Line>
                <Line startX="2.308504" startY="3.044252" endX="2.308504" endY="3.075748">
                  <LineDesc lineEnd="ROUND" lineWidth="0.003937" lineProperty="SOLID" />
                </Line>
                <Line startX="2.308504" startY="3.075748" endX="2.371496" endY="3.075748">
                  <LineDesc lineEnd="ROUND" lineWidth="0.003937" lineProperty="SOLID" />
                </Line>
                <Line startX="3.027795" startY="1.352547" endX="3.027795" endY="1.647453">
                  <LineDesc lineEnd="ROUND" lineWidth="0.003937" lineProperty="SOLID" />
                </Line>
                <Line startX="2.842941" startY="1.352547" endX="3.027795" endY="1.352547">
                  <LineDesc lineEnd="ROUND" lineWidth="0.003937" lineProperty="SOLID" />
                </Line>
                <Line startX="2.842755" startY="1.352362" endX="2.842755" endY="1.647453">
                  <LineDesc lineEnd="ROUND" lineWidth="0.003937" lineProperty="SOLID" />
                </Line>
                <Line startX="2.842755" startY="1.647453" endX="3.027795" endY="1.647453">
                  <LineDesc lineEnd="ROUND" lineWidth="0.003937" lineProperty="SOLID" />
                </Line>
                <Line startX="2.151457" startY="2.136693" endX="2.151457" endY="2.223307">
                  <LineDesc lineEnd="ROUND" lineWidth="0.003937" lineProperty="SOLID" />
                </Line>
                <Line startX="2.208543" startY="2.136693" endX="2.208543" endY="2.223307">
                  <LineDesc lineEnd="ROUND" lineWidth="0.003937" lineProperty="SOLID" />
                </Line>
                <Line startX="2.151457" startY="2.136693" endX="2.208543" endY="2.136693">
                  <LineDesc lineEnd="ROUND" lineWidth="0.003937" lineProperty="SOLID" />
                </Line>
                <Line startX="2.151457" startY="2.223307" endX="2.208543" endY="2.223307">
                  <LineDesc lineEnd="ROUND" lineWidth="0.003937" lineProperty="SOLID" />
                </Line>
                <Line startX="1.935394" startY="2.87063" endX="1.935394" endY="2.94937">
                  <LineDesc lineEnd="ROUND" lineWidth="0.007874" lineProperty="SOLID" />
                </Line>
                <Line startX="1.935394" startY="2.94937" endX="1.984606" endY="2.94937">
                  <LineDesc lineEnd="ROUND" lineWidth="0.007874" lineProperty="SOLID" />
                </Line>
                <Line startX="1.984606" startY="2.87063" endX="1.984606" endY="2.94937">
                  <LineDesc lineEnd="ROUND" lineWidth="0.007874" lineProperty="SOLID" />
                </Line>
                <Line startX="1.935394" startY="2.87063" endX="1.984606" endY="2.87063">
                  <LineDesc lineEnd="ROUND" lineWidth="0.007874" lineProperty="SOLID" />
                </Line>
                <Line startX="2.135394" startY="2.86063" endX="2.135394" endY="2.93937">
                  <LineDesc lineEnd="ROUND" lineWidth="0.007874" lineProperty="SOLID" />
                </Line>
                <Line startX="2.135394" startY="2.93937" endX="2.184606" endY="2.93937">
                  <LineDesc lineEnd="ROUND" lineWidth="0.007874" lineProperty="SOLID" />
                </Line>
                <Line startX="2.184606" startY="2.86063" endX="2.184606" endY="2.93937">
                  <LineDesc lineEnd="ROUND" lineWidth="0.007874" lineProperty="SOLID" />
                </Line>
                <Line startX="2.135394" startY="2.86063" endX="2.184606" endY="2.86063">
                  <LineDesc lineEnd="ROUND" lineWidth="0.007874" lineProperty="SOLID" />
                </Line>
                <Line startX="2.201024" startY="1.954567" endX="2.201024" endY="2.025433">
                  <LineDesc lineEnd="ROUND" lineWidth="0.003937" lineProperty="SOLID" />
                </Line>
                <Line startX="2.078976" startY="1.954567" endX="2.078976" endY="2.025433">
                  <LineDesc lineEnd="ROUND" lineWidth="0.003937" lineProperty="SOLID" />
                </Line>
                <Line startX="2.078976" startY="2.025433" endX="2.201024" endY="2.025433">
                  <LineDesc lineEnd="ROUND" lineWidth="0.003937" lineProperty="SOLID" />
                </Line>
                <Line startX="2.078976" startY="1.954567" endX="2.201024" endY="1.954567">
                  <LineDesc lineEnd="ROUND" lineWidth="0.003937" lineProperty="SOLID" />
                </Line>
                <Line startX="1.302047" startY="2.229213" endX="1.557953" endY="2.229213">
                  <LineDesc lineEnd="ROUND" lineWidth="0.007874" lineProperty="SOLID" />
                </Line>
                <Line startX="1.557953" startY="2.130787" endX="1.557953" endY="2.229213">
                  <LineDesc lineEnd="ROUND" lineWidth="0.007874" lineProperty="SOLID" />
                </Line>
                <Line startX="1.302047" startY="2.130787" endX="1.557953" endY="2.130787">
                  <LineDesc lineEnd="ROUND" lineWidth="0.007874" lineProperty="SOLID" />
                </Line>
                <Line startX="1.302047" startY="2.130787" endX="1.302047" endY="2.229213">
                  <LineDesc lineEnd="ROUND" lineWidth="0.007874" lineProperty="SOLID" />
                </Line>
                <Line startX="2.02" startY="2.345" endX="2.02" endY="2.535">
                  <LineDesc lineEnd="ROUND" lineWidth="0.001" lineProperty="SOLID" />
                </Line>
                <Line startX="1.92" startY="2.345" endX="2.02" endY="2.345">
                  <LineDesc lineEnd="ROUND" lineWidth="0.001" lineProperty="SOLID" />
                </Line>
                <Line startX="1.92" startY="2.345" endX="1.92" endY="2.535">
                  <LineDesc lineEnd="ROUND" lineWidth="0.001" lineProperty="SOLID" />
                </Line>
                <Line startX="1.92" startY="2.535" endX="2.02" endY="2.535">
                  <LineDesc lineEnd="ROUND" lineWidth="0.001" lineProperty="SOLID" />
                </Line>
                <Line startX="2.223543" startY="1.626693" endX="2.223543" endY="1.713307">
                  <LineDesc lineEnd="ROUND" lineWidth="0.007874" lineProperty="SOLID" />
                </Line>
                <Line startX="2.166457" startY="1.626693" endX="2.223543" endY="1.626693">
                  <LineDesc lineEnd="ROUND" lineWidth="0.007874" lineProperty="SOLID" />
                </Line>
                <Line startX="2.166457" startY="1.626693" endX="2.166457" endY="1.713307">
                  <LineDesc lineEnd="ROUND" lineWidth="0.007874" lineProperty="SOLID" />
                </Line>
                <Line startX="2.166457" startY="1.713307" endX="2.223543" endY="1.713307">
                  <LineDesc lineEnd="ROUND" lineWidth="0.007874" lineProperty="SOLID" />
                </Line>
                <Line startX="2.02" startY="1.335" endX="2.02" endY="1.525">
                  <LineDesc lineEnd="ROUND" lineWidth="0.001" lineProperty="SOLID" />
                </Line>
                <Line startX="1.92" startY="1.335" endX="2.02" endY="1.335">
                  <LineDesc lineEnd="ROUND" lineWidth="0.001" lineProperty="SOLID" />
                </Line>
                <Line startX="1.92" startY="1.335" endX="1.92" endY="1.525">
                  <LineDesc lineEnd="ROUND" lineWidth="0.001" lineProperty="SOLID" />
                </Line>
                <Line startX="1.92" startY="1.525" endX="2.02" endY="1.525">
                  <LineDesc lineEnd="ROUND" lineWidth="0.001" lineProperty="SOLID" />
                </Line>
              </UserSpecial>
            </Features>
          </Set>
          <Set>
            <SlotCavity name="J2-11 Hole" platingStatus="PLATED" plusTol="0" minusTol="0">
              <Outline>
                <Polygon>
                  <PolyBegin x="2.956929" y="1.625753" />
                  <PolyStepSegment x="2.961538" y="1.62667" />
                  <PolyStepSegment x="2.965444" y="1.62928" />
                  <PolyStepSegment x="2.968055" y="1.633187" />
                  <PolyStepSegment x="2.968972" y="1.637795" />
                  <PolyStepSegment x="2.968055" y="1.642404" />
                  <PolyStepSegment x="2.965444" y="1.646311" />
                  <PolyStepSegment x="2.961538" y="1.648921" />
                  <PolyStepSegment x="2.956929" y="1.649838" />
                  <PolyStepSegment x="2.92937" y="1.649838" />
                  <PolyStepSegment x="2.924762" y="1.648921" />
                  <PolyStepSegment x="2.920855" y="1.646311" />
                  <PolyStepSegment x="2.918244" y="1.642404" />
                  <PolyStepSegment x="2.917328" y="1.637795" />
                  <PolyStepSegment x="2.918244" y="1.633187" />
                  <PolyStepSegment x="2.920855" y="1.62928" />
                  <PolyStepSegment x="2.924762" y="1.62667" />
                  <PolyStepSegment x="2.92937" y="1.625753" />
                  <PolyStepSegment x="2.956929" y="1.625753" />
                </Polygon>
                <LineDesc lineEnd="NONE" lineWidth="0" lineProperty="SOLID" />
              </Outline>
            </SlotCavity>
          </Set>
          <Set>
            <SlotCavity name="J2-8 Hole" platingStatus="PLATED" plusTol="0" minusTol="0">
              <Outline>
                <Polygon>
                  <PolyBegin x="2.956929" y="1.350162" />
                  <PolyStepSegment x="2.961538" y="1.351079" />
                  <PolyStepSegment x="2.965444" y="1.35369" />
                  <PolyStepSegment x="2.968055" y="1.357596" />
                  <PolyStepSegment x="2.968972" y="1.362205" />
                  <PolyStepSegment x="2.968055" y="1.366813" />
                  <PolyStepSegment x="2.965444" y="1.37072" />
                  <PolyStepSegment x="2.961538" y="1.37333" />
                  <PolyStepSegment x="2.956929" y="1.374247" />
                  <PolyStepSegment x="2.92937" y="1.374247" />
                  <PolyStepSegment x="2.924762" y="1.37333" />
                  <PolyStepSegment x="2.920855" y="1.37072" />
                  <PolyStepSegment x="2.918244" y="1.366813" />
                  <PolyStepSegment x="2.917328" y="1.362205" />
                  <PolyStepSegment x="2.918244" y="1.357596" />
                  <PolyStepSegment x="2.920855" y="1.35369" />
                  <PolyStepSegment x="2.924762" y="1.351079" />
                  <PolyStepSegment x="2.92937" y="1.350162" />
                  <PolyStepSegment x="2.956929" y="1.350162" />
                </Polygon>
                <LineDesc lineEnd="NONE" lineWidth="0" lineProperty="SOLID" />
              </Outline>
            </SlotCavity>
          </Set>
        </LayerFeature>
        <LayerFeature layerRef="Top Courtyard">
          <Set>
            <ColorRef id="LAYER_COLOR_Top Courtyard" />
          </Set>
          <Set net="No Net">
            <Features>
              <UserSpecial>
                <Line startX="2.555" startY="1.650315" endX="2.555" endY="1.689685">
                  <LineDesc lineEnd="ROUND" lineWidth="0.003937" lineProperty="SOLID" />
                </Line>
                <Line startX="2.535315" startY="1.67" endX="2.574685" endY="1.67">
                  <LineDesc lineEnd="ROUND" lineWidth="0.003937" lineProperty="SOLID" />
                </Line>
                <Line startX="2.432953" startY="1.614882" endX="2.677047" endY="1.614882">
                  <LineDesc lineEnd="ROUND" lineWidth="0.001969" lineProperty="SOLID" />
                </Line>
                <Line startX="2.432953" startY="1.725118" endX="2.677047" endY="1.725118">
                  <LineDesc lineEnd="ROUND" lineWidth="0.001969" lineProperty="SOLID" />
                </Line>
                <Line startX="2.677047" startY="1.614882" endX="2.677047" endY="1.725118">
                  <LineDesc lineEnd="ROUND" lineWidth="0.001969" lineProperty="SOLID" />
                </Line>
                <Line startX="2.432953" startY="1.614882" endX="2.432953" endY="1.725118">
                  <LineDesc lineEnd="ROUND" lineWidth="0.001969" lineProperty="SOLID" />
                </Line>
                <Line startX="2.55" startY="1.430315" endX="2.55" endY="1.469685">
                  <LineDesc lineEnd="ROUND" lineWidth="0.003937" lineProperty="SOLID" />
                </Line>
                <Line startX="2.530315" startY="1.45" endX="2.569685" endY="1.45">
                  <LineDesc lineEnd="ROUND" lineWidth="0.003937" lineProperty="SOLID" />
                </Line>
                <Line startX="2.427953" startY="1.394882" endX="2.672047" endY="1.394882">
                  <LineDesc lineEnd="ROUND" lineWidth="0.001969" lineProperty="SOLID" />
                </Line>
                <Line startX="2.427953" startY="1.505118" endX="2.672047" endY="1.505118">
                  <LineDesc lineEnd="ROUND" lineWidth="0.001969" lineProperty="SOLID" />
                </Line>
                <Line startX="2.672047" startY="1.394882" endX="2.672047" endY="1.505118">
                  <LineDesc lineEnd="ROUND" lineWidth="0.001969" lineProperty="SOLID" />
                </Line>
                <Line startX="2.427953" startY="1.394882" endX="2.427953" endY="1.505118">
                  <LineDesc lineEnd="ROUND" lineWidth="0.001969" lineProperty="SOLID" />
                </Line>
                <Line startX="2.356339" startY="2.107008" endX="2.356339" endY="2.232992">
                  <LineDesc lineEnd="ROUND" lineWidth="0.007874" lineProperty="SOLID" />
                </Line>
                <Line startX="2.273661" startY="2.107008" endX="2.356339" endY="2.107008">
                  <LineDesc lineEnd="ROUND" lineWidth="0.007874" lineProperty="SOLID" />
                </Line>
                <Line startX="2.273661" startY="2.107008" endX="2.273661" endY="2.232992">
                  <LineDesc lineEnd="ROUND" lineWidth="0.007874" lineProperty="SOLID" />
                </Line>
                <Line startX="2.273661" startY="2.232992" endX="2.356339" endY="2.232992">
                  <LineDesc lineEnd="ROUND" lineWidth="0.007874" lineProperty="SOLID" />
                </Line>
                <Line startX="2.285591" startY="2.277913" endX="2.285591" endY="2.948976">
                  <LineDesc lineEnd="ROUND" lineWidth="0.007874" lineProperty="SOLID" />
                </Line>
                <Line startX="2.285591" startY="2.948976" endX="3.00437" endY="2.948976">
                  <LineDesc lineEnd="ROUND" lineWidth="0.007874" lineProperty="SOLID" />
                </Line>
                <Line startX="3.00437" startY="2.277913" endX="3.00437" endY="2.948976">
                  <LineDesc lineEnd="ROUND" lineWidth="0.007874" lineProperty="SOLID" />
                </Line>
                <Line startX="2.285591" startY="2.277913" endX="3.00437" endY="2.277913">
                  <LineDesc lineEnd="ROUND" lineWidth="0.007874" lineProperty="SOLID" />
                </Line>
                <Line startX="2.330158" startY="3.12" endX="2.349842" endY="3.12">
                  <LineDesc lineEnd="ROUND" lineWidth="0.003937" lineProperty="SOLID" />
                </Line>
                <Line startX="2.34" startY="3.110158" endX="2.34" endY="3.129842">
                  <LineDesc lineEnd="ROUND" lineWidth="0.003937" lineProperty="SOLID" />
                </Line>
                <Line startX="2.295709" startY="3.1" endX="2.384291" endY="3.1">
                  <LineDesc lineEnd="ROUND" lineWidth="0.001969" lineProperty="SOLID" />
                </Line>
                <Line startX="2.384291" startY="3.100315" endX="2.384291" endY="3.139685">
                  <LineDesc lineEnd="ROUND" lineWidth="0.001969" lineProperty="SOLID" />
                </Line>
                <Line startX="2.295709" startY="3.139685" endX="2.384291" endY="3.139685">
                  <LineDesc lineEnd="ROUND" lineWidth="0.001969" lineProperty="SOLID" />
                </Line>
                <Line startX="2.295709" startY="3.100315" endX="2.295709" endY="3.139685">
                  <LineDesc lineEnd="ROUND" lineWidth="0.001969" lineProperty="SOLID" />
                </Line>
                <Line startX="2.330158" startY="3.06" endX="2.349842" endY="3.06">
                  <LineDesc lineEnd="ROUND" lineWidth="0.003937" lineProperty="SOLID" />
                </Line>
                <Line startX="2.34" startY="3.050158" endX="2.34" endY="3.069842">
                  <LineDesc lineEnd="ROUND" lineWidth="0.003937" lineProperty="SOLID" />
                </Line>
                <Line startX="2.295709" startY="3.04" endX="2.384291" endY="3.04">
                  <LineDesc lineEnd="ROUND" lineWidth="0.001969" lineProperty="SOLID" />
                </Line>
                <Line startX="2.384291" startY="3.040315" endX="2.384291" endY="3.079685">
                  <LineDesc lineEnd="ROUND" lineWidth="0.001969" lineProperty="SOLID" />
                </Line>
                <Line startX="2.295709" startY="3.079685" endX="2.384291" endY="3.079685">
                  <LineDesc lineEnd="ROUND" lineWidth="0.001969" lineProperty="SOLID" />
                </Line>
                <Line startX="2.295709" startY="3.040315" endX="2.295709" endY="3.079685">
                  <LineDesc lineEnd="ROUND" lineWidth="0.001969" lineProperty="SOLID" />
                </Line>
                <Line startX="2.80437" startY="1.334646" endX="2.80437" endY="1.665354">
                  <LineDesc lineEnd="ROUND" lineWidth="0.001969" lineProperty="SOLID" />
                </Line>
                <Line startX="2.80437" startY="1.665354" endX="3.04748" endY="1.665354">
                  <LineDesc lineEnd="ROUND" lineWidth="0.001969" lineProperty="SOLID" />
                </Line>
                <Line startX="3.04748" startY="1.334646" endX="3.04748" endY="1.665354">
                  <LineDesc lineEnd="ROUND" lineWidth="0.001969" lineProperty="SOLID" />
                </Line>
                <Line startX="2.80437" startY="1.334646" endX="3.04748" endY="1.334646">
                  <LineDesc lineEnd="ROUND" lineWidth="0.001969" lineProperty="SOLID" />
                </Line>
                <Line startX="2.89" startY="1.480315" endX="2.89" endY="1.519685">
                  <LineDesc lineEnd="ROUND" lineWidth="0.003937" lineProperty="SOLID" />
                </Line>
                <Line startX="2.870315" startY="1.5" endX="2.909685" endY="1.5">
                  <LineDesc lineEnd="ROUND" lineWidth="0.003937" lineProperty="SOLID" />
                </Line>
                <Line startX="2.160315" startY="2.18" endX="2.199685" endY="2.18">
                  <LineDesc lineEnd="ROUND" lineWidth="0.003937" lineProperty="SOLID" />
                </Line>
                <Line startX="2.18" startY="2.160315" endX="2.18" endY="2.199685">
                  <LineDesc lineEnd="ROUND" lineWidth="0.003937" lineProperty="SOLID" />
                </Line>
                <Line startX="2.146535" startY="2.12685" endX="2.146535" endY="2.23315">
                  <LineDesc lineEnd="ROUND" lineWidth="0.001969" lineProperty="SOLID" />
                </Line>
                <Line startX="2.213465" startY="2.12685" endX="2.213465" endY="2.23315">
                  <LineDesc lineEnd="ROUND" lineWidth="0.001969" lineProperty="SOLID" />
                </Line>
                <Line startX="2.146535" startY="2.12685" endX="2.213465" endY="2.12685">
                  <LineDesc lineEnd="ROUND" lineWidth="0.001969" lineProperty="SOLID" />
                </Line>
                <Line startX="2.146535" startY="2.23315" endX="2.213465" endY="2.23315">
                  <LineDesc lineEnd="ROUND" lineWidth="0.001969" lineProperty="SOLID" />
                </Line>
                <Line startX="1.922437" startY="2.842909" endX="1.922437" endY="2.977091">
                  <LineDesc lineEnd="ROUND" lineWidth="0.007874" lineProperty="SOLID" />
                </Line>
                <Line startX="1.922437" startY="2.977091" endX="1.997563" endY="2.977091">
                  <LineDesc lineEnd="ROUND" lineWidth="0.007874" lineProperty="SOLID" />
                </Line>
                <Line startX="1.997563" startY="2.842909" endX="1.997563" endY="2.977091">
                  <LineDesc lineEnd="ROUND" lineWidth="0.007874" lineProperty="SOLID" />
                </Line>
                <Line startX="1.922437" startY="2.842909" endX="1.997563" endY="2.842909">
                  <LineDesc lineEnd="ROUND" lineWidth="0.007874" lineProperty="SOLID" />
                </Line>
                <Line startX="2.123344" startY="2.834801" endX="2.123344" endY="2.965199">
                  <LineDesc lineEnd="ROUND" lineWidth="0.007874" lineProperty="SOLID" />
                </Line>
                <Line startX="2.123344" startY="2.965199" endX="2.196656" endY="2.965199">
                  <LineDesc lineEnd="ROUND" lineWidth="0.007874" lineProperty="SOLID" />
                </Line>
                <Line startX="2.196656" startY="2.834801" endX="2.196656" endY="2.965199">
                  <LineDesc lineEnd="ROUND" lineWidth="0.007874" lineProperty="SOLID" />
                </Line>
                <Line startX="2.123344" startY="2.834801" endX="2.196656" endY="2.834801">
                  <LineDesc lineEnd="ROUND" lineWidth="0.007874" lineProperty="SOLID" />
                </Line>
                <Line startX="2.120315" startY="1.99" endX="2.159685" endY="1.99">
                  <LineDesc lineEnd="ROUND" lineWidth="0.003937" lineProperty="SOLID" />
                </Line>
                <Line startX="2.14" startY="1.970315" endX="2.14" endY="2.009685">
                  <LineDesc lineEnd="ROUND" lineWidth="0.003937" lineProperty="SOLID" />
                </Line>
                <Line startX="2.220709" startY="1.89748" endX="2.220709" endY="2.08252">
                  <LineDesc lineEnd="ROUND" lineWidth="0.001969" lineProperty="SOLID" />
                </Line>
                <Line startX="2.059291" startY="1.89748" endX="2.059291" endY="2.08252">
                  <LineDesc lineEnd="ROUND" lineWidth="0.001969" lineProperty="SOLID" />
                </Line>
                <Line startX="2.059291" startY="2.08252" endX="2.220709" endY="2.08252">
                  <LineDesc lineEnd="ROUND" lineWidth="0.001969" lineProperty="SOLID" />
                </Line>
                <Line startX="2.059291" startY="1.89748" endX="2.220709" endY="1.89748">
                  <LineDesc lineEnd="ROUND" lineWidth="0.001969" lineProperty="SOLID" />
                </Line>
                <Line startX="1.204606" startY="2.23315" endX="1.655394" endY="2.23315">
                  <LineDesc lineEnd="ROUND" lineWidth="0.007874" lineProperty="SOLID" />
                </Line>
                <Line startX="1.655394" startY="2.12685" endX="1.655394" endY="2.23315">
                  <LineDesc lineEnd="ROUND" lineWidth="0.007874" lineProperty="SOLID" />
                </Line>
                <Line startX="1.204606" startY="2.12685" endX="1.655394" endY="2.12685">
                  <LineDesc lineEnd="ROUND" lineWidth="0.007874" lineProperty="SOLID" />
                </Line>
                <Line startX="1.204606" startY="2.12685" endX="1.204606" endY="2.23315">
                  <LineDesc lineEnd="ROUND" lineWidth="0.007874" lineProperty="SOLID" />
                </Line>
                <Line startX="1.91" startY="2.335" endX="2.03" endY="2.335">
                  <LineDesc lineEnd="ROUND" lineWidth="0.006" lineProperty="SOLID" />
                </Line>
                <Line startX="1.91" startY="2.335" endX="1.91" endY="2.545">
                  <LineDesc lineEnd="ROUND" lineWidth="0.006" lineProperty="SOLID" />
                </Line>
                <Line startX="1.91" startY="2.545" endX="2.03" endY="2.545">
                  <LineDesc lineEnd="ROUND" lineWidth="0.006" lineProperty="SOLID" />
                </Line>
                <Line startX="2.03" startY="2.335" endX="2.03" endY="2.545">
                  <LineDesc lineEnd="ROUND" lineWidth="0.006" lineProperty="SOLID" />
                </Line>
                <Line startX="2.236339" startY="1.607008" endX="2.236339" endY="1.732992">
                  <LineDesc lineEnd="ROUND" lineWidth="0.007874" lineProperty="SOLID" />
                </Line>
                <Line startX="2.153661" startY="1.607008" endX="2.236339" endY="1.607008">
                  <LineDesc lineEnd="ROUND" lineWidth="0.007874" lineProperty="SOLID" />
                </Line>
                <Line startX="2.153661" startY="1.607008" endX="2.153661" endY="1.732992">
                  <LineDesc lineEnd="ROUND" lineWidth="0.007874" lineProperty="SOLID" />
                </Line>
                <Line startX="2.153661" startY="1.732992" endX="2.236339" endY="1.732992">
                  <LineDesc lineEnd="ROUND" lineWidth="0.007874" lineProperty="SOLID" />
                </Line>
                <Line startX="1.91" startY="1.325" endX="2.03" endY="1.325">
                  <LineDesc lineEnd="ROUND" lineWidth="0.006" lineProperty="SOLID" />
                </Line>
                <Line startX="1.91" startY="1.325" endX="1.91" endY="1.535">
                  <LineDesc lineEnd="ROUND" lineWidth="0.006" lineProperty="SOLID" />
                </Line>
                <Line startX="1.91" startY="1.535" endX="2.03" endY="1.535">
                  <LineDesc lineEnd="ROUND" lineWidth="0.006" lineProperty="SOLID" />
                </Line>
                <Line startX="2.03" startY="1.325" endX="2.03" endY="1.535">
                  <LineDesc lineEnd="ROUND" lineWidth="0.006" lineProperty="SOLID" />
                </Line>
              </UserSpecial>
            </Features>
            <Features>
              <Contour>
                <Polygon>
                  <PolyBegin x="1.91" y="2.335" />
                  <PolyStepSegment x="2.03" y="2.335" />
                  <PolyStepSegment x="2.03" y="2.545" />
                  <PolyStepSegment x="1.91" y="2.545" />
                  <PolyStepSegment x="1.91" y="2.335" />
                </Polygon>
              </Contour>
            </Features>
            <Features>
              <Contour>
                <Polygon>
                  <PolyBegin x="1.91" y="1.325" />
                  <PolyStepSegment x="2.03" y="1.325" />
                  <PolyStepSegment x="2.03" y="1.535" />
                  <PolyStepSegment x="1.91" y="1.535" />
                  <PolyStepSegment x="1.91" y="1.325" />
                </Polygon>
              </Contour>
            </Features>
          </Set>
          <Set>
            <SlotCavity name="J2-11 Hole" platingStatus="PLATED" plusTol="0" minusTol="0">
              <Outline>
                <Polygon>
                  <PolyBegin x="2.956929" y="1.625753" />
                  <PolyStepSegment x="2.961538" y="1.62667" />
                  <PolyStepSegment x="2.965444" y="1.62928" />
                  <PolyStepSegment x="2.968055" y="1.633187" />
                  <PolyStepSegment x="2.968972" y="1.637795" />
                  <PolyStepSegment x="2.968055" y="1.642404" />
                  <PolyStepSegment x="2.965444" y="1.646311" />
                  <PolyStepSegment x="2.961538" y="1.648921" />
                  <PolyStepSegment x="2.956929" y="1.649838" />
                  <PolyStepSegment x="2.92937" y="1.649838" />
                  <PolyStepSegment x="2.924762" y="1.648921" />
                  <PolyStepSegment x="2.920855" y="1.646311" />
                  <PolyStepSegment x="2.918244" y="1.642404" />
                  <PolyStepSegment x="2.917328" y="1.637795" />
                  <PolyStepSegment x="2.918244" y="1.633187" />
                  <PolyStepSegment x="2.920855" y="1.62928" />
                  <PolyStepSegment x="2.924762" y="1.62667" />
                  <PolyStepSegment x="2.92937" y="1.625753" />
                  <PolyStepSegment x="2.956929" y="1.625753" />
                </Polygon>
                <LineDesc lineEnd="NONE" lineWidth="0" lineProperty="SOLID" />
              </Outline>
            </SlotCavity>
          </Set>
          <Set>
            <SlotCavity name="J2-8 Hole" platingStatus="PLATED" plusTol="0" minusTol="0">
              <Outline>
                <Polygon>
                  <PolyBegin x="2.956929" y="1.350162" />
                  <PolyStepSegment x="2.961538" y="1.351079" />
                  <PolyStepSegment x="2.965444" y="1.35369" />
                  <PolyStepSegment x="2.968055" y="1.357596" />
                  <PolyStepSegment x="2.968972" y="1.362205" />
                  <PolyStepSegment x="2.968055" y="1.366813" />
                  <PolyStepSegment x="2.965444" y="1.37072" />
                  <PolyStepSegment x="2.961538" y="1.37333" />
                  <PolyStepSegment x="2.956929" y="1.374247" />
                  <PolyStepSegment x="2.92937" y="1.374247" />
                  <PolyStepSegment x="2.924762" y="1.37333" />
                  <PolyStepSegment x="2.920855" y="1.37072" />
                  <PolyStepSegment x="2.918244" y="1.366813" />
                  <PolyStepSegment x="2.917328" y="1.362205" />
                  <PolyStepSegment x="2.918244" y="1.357596" />
                  <PolyStepSegment x="2.920855" y="1.35369" />
                  <PolyStepSegment x="2.924762" y="1.351079" />
                  <PolyStepSegment x="2.92937" y="1.350162" />
                  <PolyStepSegment x="2.956929" y="1.350162" />
                </Polygon>
                <LineDesc lineEnd="NONE" lineWidth="0" lineProperty="SOLID" />
              </Outline>
            </SlotCavity>
          </Set>
        </LayerFeature>
        <LayerFeature layerRef="Top Component Center">
          <Set>
            <ColorRef id="LAYER_COLOR_Top Component Center" />
          </Set>
          <Set net="No Net">
            <Features>
              <UserSpecial>
                <Line startX="2.315" startY="2.150315" endX="2.315" endY="2.189685">
                  <LineDesc lineEnd="ROUND" lineWidth="0.003937" lineProperty="SOLID" />
                </Line>
                <Line startX="2.295315" startY="2.17" endX="2.334685" endY="2.17">
                  <LineDesc lineEnd="ROUND" lineWidth="0.003937" lineProperty="SOLID" />
                </Line>
                <Line startX="2.71" startY="2.590315" endX="2.71" endY="2.629685">
                  <LineDesc lineEnd="ROUND" lineWidth="0.003937" lineProperty="SOLID" />
                </Line>
                <Line startX="2.690315" startY="2.61" endX="2.729685" endY="2.61">
                  <LineDesc lineEnd="ROUND" lineWidth="0.003937" lineProperty="SOLID" />
                </Line>
                <Line startX="1.96" startY="2.890315" endX="1.96" endY="2.929685">
                  <LineDesc lineEnd="ROUND" lineWidth="0.003937" lineProperty="SOLID" />
                </Line>
                <Line startX="1.940315" startY="2.91" endX="1.979685" endY="2.91">
                  <LineDesc lineEnd="ROUND" lineWidth="0.003937" lineProperty="SOLID" />
                </Line>
                <Line startX="2.16" startY="2.880315" endX="2.16" endY="2.919685">
                  <LineDesc lineEnd="ROUND" lineWidth="0.003937" lineProperty="SOLID" />
                </Line>
                <Line startX="2.140315" startY="2.9" endX="2.179685" endY="2.9">
                  <LineDesc lineEnd="ROUND" lineWidth="0.003937" lineProperty="SOLID" />
                </Line>
                <Line startX="1.410315" startY="2.18" endX="1.449685" endY="2.18">
                  <LineDesc lineEnd="ROUND" lineWidth="0.003937" lineProperty="SOLID" />
                </Line>
                <Line startX="1.43" startY="2.160315" endX="1.43" endY="2.199685">
                  <LineDesc lineEnd="ROUND" lineWidth="0.003937" lineProperty="SOLID" />
                </Line>
                <Line startX="2.195" startY="1.650315" endX="2.195" endY="1.689685">
                  <LineDesc lineEnd="ROUND" lineWidth="0.003937" lineProperty="SOLID" />
                </Line>
                <Line startX="2.175315" startY="1.67" endX="2.214685" endY="1.67">
                  <LineDesc lineEnd="ROUND" lineWidth="0.003937" lineProperty="SOLID" />
                </Line>
              </UserSpecial>
            </Features>
          </Set>
          <Set>
            <SlotCavity name="J2-11 Hole" platingStatus="PLATED" plusTol="0" minusTol="0">
              <Outline>
                <Polygon>
                  <PolyBegin x="2.956929" y="1.625753" />
                  <PolyStepSegment x="2.961538" y="1.62667" />
                  <PolyStepSegment x="2.965444" y="1.62928" />
                  <PolyStepSegment x="2.968055" y="1.633187" />
                  <PolyStepSegment x="2.968972" y="1.637795" />
                  <PolyStepSegment x="2.968055" y="1.642404" />
                  <PolyStepSegment x="2.965444" y="1.646311" />
                  <PolyStepSegment x="2.961538" y="1.648921" />
                  <PolyStepSegment x="2.956929" y="1.649838" />
                  <PolyStepSegment x="2.92937" y="1.649838" />
                  <PolyStepSegment x="2.924762" y="1.648921" />
                  <PolyStepSegment x="2.920855" y="1.646311" />
                  <PolyStepSegment x="2.918244" y="1.642404" />
                  <PolyStepSegment x="2.917328" y="1.637795" />
                  <PolyStepSegment x="2.918244" y="1.633187" />
                  <PolyStepSegment x="2.920855" y="1.62928" />
                  <PolyStepSegment x="2.924762" y="1.62667" />
                  <PolyStepSegment x="2.92937" y="1.625753" />
                  <PolyStepSegment x="2.956929" y="1.625753" />
                </Polygon>
                <LineDesc lineEnd="NONE" lineWidth="0" lineProperty="SOLID" />
              </Outline>
            </SlotCavity>
          </Set>
          <Set>
            <SlotCavity name="J2-8 Hole" platingStatus="PLATED" plusTol="0" minusTol="0">
              <Outline>
                <Polygon>
                  <PolyBegin x="2.956929" y="1.350162" />
                  <PolyStepSegment x="2.961538" y="1.351079" />
                  <PolyStepSegment x="2.965444" y="1.35369" />
                  <PolyStepSegment x="2.968055" y="1.357596" />
                  <PolyStepSegment x="2.968972" y="1.362205" />
                  <PolyStepSegment x="2.968055" y="1.366813" />
                  <PolyStepSegment x="2.965444" y="1.37072" />
                  <PolyStepSegment x="2.961538" y="1.37333" />
                  <PolyStepSegment x="2.956929" y="1.374247" />
                  <PolyStepSegment x="2.92937" y="1.374247" />
                  <PolyStepSegment x="2.924762" y="1.37333" />
                  <PolyStepSegment x="2.920855" y="1.37072" />
                  <PolyStepSegment x="2.918244" y="1.366813" />
                  <PolyStepSegment x="2.917328" y="1.362205" />
                  <PolyStepSegment x="2.918244" y="1.357596" />
                  <PolyStepSegment x="2.920855" y="1.35369" />
                  <PolyStepSegment x="2.924762" y="1.351079" />
                  <PolyStepSegment x="2.92937" y="1.350162" />
                  <PolyStepSegment x="2.956929" y="1.350162" />
                </Polygon>
                <LineDesc lineEnd="NONE" lineWidth="0" lineProperty="SOLID" />
              </Outline>
            </SlotCavity>
          </Set>
        </LayerFeature>
        <LayerFeature layerRef="Bottom Assembly">
          <Set>
            <ColorRef id="LAYER_COLOR_Bottom Assembly" />
          </Set>
          <Set>
            <SlotCavity name="J2-11 Hole" platingStatus="PLATED" plusTol="0" minusTol="0">
              <Outline>
                <Polygon>
                  <PolyBegin x="2.956929" y="1.625753" />
                  <PolyStepSegment x="2.961538" y="1.62667" />
                  <PolyStepSegment x="2.965444" y="1.62928" />
                  <PolyStepSegment x="2.968055" y="1.633187" />
                  <PolyStepSegment x="2.968972" y="1.637795" />
                  <PolyStepSegment x="2.968055" y="1.642404" />
                  <PolyStepSegment x="2.965444" y="1.646311" />
                  <PolyStepSegment x="2.961538" y="1.648921" />
                  <PolyStepSegment x="2.956929" y="1.649838" />
                  <PolyStepSegment x="2.92937" y="1.649838" />
                  <PolyStepSegment x="2.924762" y="1.648921" />
                  <PolyStepSegment x="2.920855" y="1.646311" />
                  <PolyStepSegment x="2.918244" y="1.642404" />
                  <PolyStepSegment x="2.917328" y="1.637795" />
                  <PolyStepSegment x="2.918244" y="1.633187" />
                  <PolyStepSegment x="2.920855" y="1.62928" />
                  <PolyStepSegment x="2.924762" y="1.62667" />
                  <PolyStepSegment x="2.92937" y="1.625753" />
                  <PolyStepSegment x="2.956929" y="1.625753" />
                </Polygon>
                <LineDesc lineEnd="NONE" lineWidth="0" lineProperty="SOLID" />
              </Outline>
            </SlotCavity>
          </Set>
          <Set>
            <SlotCavity name="J2-8 Hole" platingStatus="PLATED" plusTol="0" minusTol="0">
              <Outline>
                <Polygon>
                  <PolyBegin x="2.956929" y="1.350162" />
                  <PolyStepSegment x="2.961538" y="1.351079" />
                  <PolyStepSegment x="2.965444" y="1.35369" />
                  <PolyStepSegment x="2.968055" y="1.357596" />
                  <PolyStepSegment x="2.968972" y="1.362205" />
                  <PolyStepSegment x="2.968055" y="1.366813" />
                  <PolyStepSegment x="2.965444" y="1.37072" />
                  <PolyStepSegment x="2.961538" y="1.37333" />
                  <PolyStepSegment x="2.956929" y="1.374247" />
                  <PolyStepSegment x="2.92937" y="1.374247" />
                  <PolyStepSegment x="2.924762" y="1.37333" />
                  <PolyStepSegment x="2.920855" y="1.37072" />
                  <PolyStepSegment x="2.918244" y="1.366813" />
                  <PolyStepSegment x="2.917328" y="1.362205" />
                  <PolyStepSegment x="2.918244" y="1.357596" />
                  <PolyStepSegment x="2.920855" y="1.35369" />
                  <PolyStepSegment x="2.924762" y="1.351079" />
                  <PolyStepSegment x="2.92937" y="1.350162" />
                  <PolyStepSegment x="2.956929" y="1.350162" />
                </Polygon>
                <LineDesc lineEnd="NONE" lineWidth="0" lineProperty="SOLID" />
              </Outline>
            </SlotCavity>
          </Set>
        </LayerFeature>
        <LayerFeature layerRef="Bottom Courtyard">
          <Set>
            <ColorRef id="LAYER_COLOR_Bottom Courtyard" />
          </Set>
          <Set>
            <SlotCavity name="J2-11 Hole" platingStatus="PLATED" plusTol="0" minusTol="0">
              <Outline>
                <Polygon>
                  <PolyBegin x="2.956929" y="1.625753" />
                  <PolyStepSegment x="2.961538" y="1.62667" />
                  <PolyStepSegment x="2.965444" y="1.62928" />
                  <PolyStepSegment x="2.968055" y="1.633187" />
                  <PolyStepSegment x="2.968972" y="1.637795" />
                  <PolyStepSegment x="2.968055" y="1.642404" />
                  <PolyStepSegment x="2.965444" y="1.646311" />
                  <PolyStepSegment x="2.961538" y="1.648921" />
                  <PolyStepSegment x="2.956929" y="1.649838" />
                  <PolyStepSegment x="2.92937" y="1.649838" />
                  <PolyStepSegment x="2.924762" y="1.648921" />
                  <PolyStepSegment x="2.920855" y="1.646311" />
                  <PolyStepSegment x="2.918244" y="1.642404" />
                  <PolyStepSegment x="2.917328" y="1.637795" />
                  <PolyStepSegment x="2.918244" y="1.633187" />
                  <PolyStepSegment x="2.920855" y="1.62928" />
                  <PolyStepSegment x="2.924762" y="1.62667" />
                  <PolyStepSegment x="2.92937" y="1.625753" />
                  <PolyStepSegment x="2.956929" y="1.625753" />
                </Polygon>
                <LineDesc lineEnd="NONE" lineWidth="0" lineProperty="SOLID" />
              </Outline>
            </SlotCavity>
          </Set>
          <Set>
            <SlotCavity name="J2-8 Hole" platingStatus="PLATED" plusTol="0" minusTol="0">
              <Outline>
                <Polygon>
                  <PolyBegin x="2.956929" y="1.350162" />
                  <PolyStepSegment x="2.961538" y="1.351079" />
                  <PolyStepSegment x="2.965444" y="1.35369" />
                  <PolyStepSegment x="2.968055" y="1.357596" />
                  <PolyStepSegment x="2.968972" y="1.362205" />
                  <PolyStepSegment x="2.968055" y="1.366813" />
                  <PolyStepSegment x="2.965444" y="1.37072" />
                  <PolyStepSegment x="2.961538" y="1.37333" />
                  <PolyStepSegment x="2.956929" y="1.374247" />
                  <PolyStepSegment x="2.92937" y="1.374247" />
                  <PolyStepSegment x="2.924762" y="1.37333" />
                  <PolyStepSegment x="2.920855" y="1.37072" />
                  <PolyStepSegment x="2.918244" y="1.366813" />
                  <PolyStepSegment x="2.917328" y="1.362205" />
                  <PolyStepSegment x="2.918244" y="1.357596" />
                  <PolyStepSegment x="2.920855" y="1.35369" />
                  <PolyStepSegment x="2.924762" y="1.351079" />
                  <PolyStepSegment x="2.92937" y="1.350162" />
                  <PolyStepSegment x="2.956929" y="1.350162" />
                </Polygon>
                <LineDesc lineEnd="NONE" lineWidth="0" lineProperty="SOLID" />
              </Outline>
            </SlotCavity>
          </Set>
        </LayerFeature>
        <LayerFeature layerRef="Bottom 3D Body">
          <Set>
            <ColorRef id="LAYER_COLOR_Bottom 3D Body" />
          </Set>
          <Set>
            <SlotCavity name="J2-11 Hole" platingStatus="PLATED" plusTol="0" minusTol="0">
              <Outline>
                <Polygon>
                  <PolyBegin x="2.956929" y="1.625753" />
                  <PolyStepSegment x="2.961538" y="1.62667" />
                  <PolyStepSegment x="2.965444" y="1.62928" />
                  <PolyStepSegment x="2.968055" y="1.633187" />
                  <PolyStepSegment x="2.968972" y="1.637795" />
                  <PolyStepSegment x="2.968055" y="1.642404" />
                  <PolyStepSegment x="2.965444" y="1.646311" />
                  <PolyStepSegment x="2.961538" y="1.648921" />
                  <PolyStepSegment x="2.956929" y="1.649838" />
                  <PolyStepSegment x="2.92937" y="1.649838" />
                  <PolyStepSegment x="2.924762" y="1.648921" />
                  <PolyStepSegment x="2.920855" y="1.646311" />
                  <PolyStepSegment x="2.918244" y="1.642404" />
                  <PolyStepSegment x="2.917328" y="1.637795" />
                  <PolyStepSegment x="2.918244" y="1.633187" />
                  <PolyStepSegment x="2.920855" y="1.62928" />
                  <PolyStepSegment x="2.924762" y="1.62667" />
                  <PolyStepSegment x="2.92937" y="1.625753" />
                  <PolyStepSegment x="2.956929" y="1.625753" />
                </Polygon>
                <LineDesc lineEnd="NONE" lineWidth="0" lineProperty="SOLID" />
              </Outline>
            </SlotCavity>
          </Set>
          <Set>
            <SlotCavity name="J2-8 Hole" platingStatus="PLATED" plusTol="0" minusTol="0">
              <Outline>
                <Polygon>
                  <PolyBegin x="2.956929" y="1.350162" />
                  <PolyStepSegment x="2.961538" y="1.351079" />
                  <PolyStepSegment x="2.965444" y="1.35369" />
                  <PolyStepSegment x="2.968055" y="1.357596" />
                  <PolyStepSegment x="2.968972" y="1.362205" />
                  <PolyStepSegment x="2.968055" y="1.366813" />
                  <PolyStepSegment x="2.965444" y="1.37072" />
                  <PolyStepSegment x="2.961538" y="1.37333" />
                  <PolyStepSegment x="2.956929" y="1.374247" />
                  <PolyStepSegment x="2.92937" y="1.374247" />
                  <PolyStepSegment x="2.924762" y="1.37333" />
                  <PolyStepSegment x="2.920855" y="1.37072" />
                  <PolyStepSegment x="2.918244" y="1.366813" />
                  <PolyStepSegment x="2.917328" y="1.362205" />
                  <PolyStepSegment x="2.918244" y="1.357596" />
                  <PolyStepSegment x="2.920855" y="1.35369" />
                  <PolyStepSegment x="2.924762" y="1.351079" />
                  <PolyStepSegment x="2.92937" y="1.350162" />
                  <PolyStepSegment x="2.956929" y="1.350162" />
                </Polygon>
                <LineDesc lineEnd="NONE" lineWidth="0" lineProperty="SOLID" />
              </Outline>
            </SlotCavity>
          </Set>
        </LayerFeature>
        <LayerFeature layerRef="Bottom Component Center">
          <Set>
            <ColorRef id="LAYER_COLOR_Bottom Component Center" />
          </Set>
          <Set>
            <SlotCavity name="J2-11 Hole" platingStatus="PLATED" plusTol="0" minusTol="0">
              <Outline>
                <Polygon>
                  <PolyBegin x="2.956929" y="1.625753" />
                  <PolyStepSegment x="2.961538" y="1.62667" />
                  <PolyStepSegment x="2.965444" y="1.62928" />
                  <PolyStepSegment x="2.968055" y="1.633187" />
                  <PolyStepSegment x="2.968972" y="1.637795" />
                  <PolyStepSegment x="2.968055" y="1.642404" />
                  <PolyStepSegment x="2.965444" y="1.646311" />
                  <PolyStepSegment x="2.961538" y="1.648921" />
                  <PolyStepSegment x="2.956929" y="1.649838" />
                  <PolyStepSegment x="2.92937" y="1.649838" />
                  <PolyStepSegment x="2.924762" y="1.648921" />
                  <PolyStepSegment x="2.920855" y="1.646311" />
                  <PolyStepSegment x="2.918244" y="1.642404" />
                  <PolyStepSegment x="2.917328" y="1.637795" />
                  <PolyStepSegment x="2.918244" y="1.633187" />
                  <PolyStepSegment x="2.920855" y="1.62928" />
                  <PolyStepSegment x="2.924762" y="1.62667" />
                  <PolyStepSegment x="2.92937" y="1.625753" />
                  <PolyStepSegment x="2.956929" y="1.625753" />
                </Polygon>
                <LineDesc lineEnd="NONE" lineWidth="0" lineProperty="SOLID" />
              </Outline>
            </SlotCavity>
          </Set>
          <Set>
            <SlotCavity name="J2-8 Hole" platingStatus="PLATED" plusTol="0" minusTol="0">
              <Outline>
                <Polygon>
                  <PolyBegin x="2.956929" y="1.350162" />
                  <PolyStepSegment x="2.961538" y="1.351079" />
                  <PolyStepSegment x="2.965444" y="1.35369" />
                  <PolyStepSegment x="2.968055" y="1.357596" />
                  <PolyStepSegment x="2.968972" y="1.362205" />
                  <PolyStepSegment x="2.968055" y="1.366813" />
                  <PolyStepSegment x="2.965444" y="1.37072" />
                  <PolyStepSegment x="2.961538" y="1.37333" />
                  <PolyStepSegment x="2.956929" y="1.374247" />
                  <PolyStepSegment x="2.92937" y="1.374247" />
                  <PolyStepSegment x="2.924762" y="1.37333" />
                  <PolyStepSegment x="2.920855" y="1.37072" />
                  <PolyStepSegment x="2.918244" y="1.366813" />
                  <PolyStepSegment x="2.917328" y="1.362205" />
                  <PolyStepSegment x="2.918244" y="1.357596" />
                  <PolyStepSegment x="2.920855" y="1.35369" />
                  <PolyStepSegment x="2.924762" y="1.351079" />
                  <PolyStepSegment x="2.92937" y="1.350162" />
                  <PolyStepSegment x="2.956929" y="1.350162" />
                </Polygon>
                <LineDesc lineEnd="NONE" lineWidth="0" lineProperty="SOLID" />
              </Outline>
            </SlotCavity>
          </Set>
        </LayerFeature>
        <LayerFeature layerRef="Drill Drawing (Top Layer - Bottom Layer)">
          <Set>
            <ColorRef id="LAYER_COLOR_Drill Drawing (Top Layer - Bottom Layer)" />
          </Set>
          <Set net="No Net">
            <Features>
              <UserSpecial>
                <Arc startX="2.853517" startY="1.401575" endX="2.853517" endY="1.401575" centerX="2.83685" centerY="1.401575" clockwise="false">
                  <LineDesc lineEnd="ROUND" lineWidth="0.003333" lineProperty="SOLID" />
                </Arc>
                <Arc startX="2.853517" startY="1.598425" endX="2.853517" endY="1.598425" centerX="2.83685" centerY="1.598425" clockwise="false">
                  <LineDesc lineEnd="ROUND" lineWidth="0.003333" lineProperty="SOLID" />
                </Arc>
                <Line startX="1.943333" startY="2.683333" endX="1.976667" endY="2.683333">
                  <LineDesc lineEnd="ROUND" lineWidth="0.003333" lineProperty="SOLID" />
                </Line>
                <Line startX="1.976667" startY="2.683333" endX="1.976667" endY="2.716667">
                  <LineDesc lineEnd="ROUND" lineWidth="0.003333" lineProperty="SOLID" />
                </Line>
                <Line startX="1.943333" startY="2.716667" endX="1.976667" endY="2.716667">
                  <LineDesc lineEnd="ROUND" lineWidth="0.003333" lineProperty="SOLID" />
                </Line>
                <Line startX="1.943333" startY="2.683333" endX="1.943333" endY="2.716667">
                  <LineDesc lineEnd="ROUND" lineWidth="0.003333" lineProperty="SOLID" />
                </Line>
                <Line startX="2.143333" startY="2.683333" endX="2.176667" endY="2.683333">
                  <LineDesc lineEnd="ROUND" lineWidth="0.003333" lineProperty="SOLID" />
                </Line>
                <Line startX="2.176667" startY="2.683333" endX="2.176667" endY="2.716667">
                  <LineDesc lineEnd="ROUND" lineWidth="0.003333" lineProperty="SOLID" />
                </Line>
                <Line startX="2.143333" startY="2.716667" endX="2.176667" endY="2.716667">
                  <LineDesc lineEnd="ROUND" lineWidth="0.003333" lineProperty="SOLID" />
                </Line>
                <Line startX="2.143333" startY="2.683333" endX="2.143333" endY="2.716667">
                  <LineDesc lineEnd="ROUND" lineWidth="0.003333" lineProperty="SOLID" />
                </Line>
                <Line startX="2.178333" startY="1.523333" endX="2.211667" endY="1.523333">
                  <LineDesc lineEnd="ROUND" lineWidth="0.003333" lineProperty="SOLID" />
                </Line>
                <Line startX="2.211667" startY="1.523333" endX="2.211667" endY="1.556667">
                  <LineDesc lineEnd="ROUND" lineWidth="0.003333" lineProperty="SOLID" />
                </Line>
                <Line startX="2.178333" startY="1.556667" endX="2.211667" endY="1.556667">
                  <LineDesc lineEnd="ROUND" lineWidth="0.003333" lineProperty="SOLID" />
                </Line>
                <Line startX="2.178333" startY="1.523333" endX="2.178333" endY="1.556667">
                  <LineDesc lineEnd="ROUND" lineWidth="0.003333" lineProperty="SOLID" />
                </Line>
                <Line startX="2.683333" startY="1.533333" endX="2.716667" endY="1.533333">
                  <LineDesc lineEnd="ROUND" lineWidth="0.003333" lineProperty="SOLID" />
                </Line>
                <Line startX="2.716667" startY="1.533333" endX="2.716667" endY="1.566667">
                  <LineDesc lineEnd="ROUND" lineWidth="0.003333" lineProperty="SOLID" />
                </Line>
                <Line startX="2.683333" startY="1.566667" endX="2.716667" endY="1.566667">
                  <LineDesc lineEnd="ROUND" lineWidth="0.003333" lineProperty="SOLID" />
                </Line>
                <Line startX="2.683333" startY="1.533333" endX="2.683333" endY="1.566667">
                  <LineDesc lineEnd="ROUND" lineWidth="0.003333" lineProperty="SOLID" />
                </Line>
                <Line startX="2.353333" startY="2.803333" endX="2.386667" endY="2.803333">
                  <LineDesc lineEnd="ROUND" lineWidth="0.003333" lineProperty="SOLID" />
                </Line>
                <Line startX="2.386667" startY="2.803333" endX="2.386667" endY="2.836667">
                  <LineDesc lineEnd="ROUND" lineWidth="0.003333" lineProperty="SOLID" />
                </Line>
                <Line startX="2.353333" startY="2.836667" endX="2.386667" endY="2.836667">
                  <LineDesc lineEnd="ROUND" lineWidth="0.003333" lineProperty="SOLID" />
                </Line>
                <Line startX="2.353333" startY="2.803333" endX="2.353333" endY="2.836667">
                  <LineDesc lineEnd="ROUND" lineWidth="0.003333" lineProperty="SOLID" />
                </Line>
                <Line startX="2.433333" startY="2.803333" endX="2.466667" endY="2.803333">
                  <LineDesc lineEnd="ROUND" lineWidth="0.003333" lineProperty="SOLID" />
                </Line>
                <Line startX="2.466667" startY="2.803333" endX="2.466667" endY="2.836667">
                  <LineDesc lineEnd="ROUND" lineWidth="0.003333" lineProperty="SOLID" />
                </Line>
                <Line startX="2.433333" startY="2.836667" endX="2.466667" endY="2.836667">
                  <LineDesc lineEnd="ROUND" lineWidth="0.003333" lineProperty="SOLID" />
                </Line>
                <Line startX="2.433333" startY="2.803333" endX="2.433333" endY="2.836667">
                  <LineDesc lineEnd="ROUND" lineWidth="0.003333" lineProperty="SOLID" />
                </Line>
                <Line startX="2.513333" startY="2.803333" endX="2.546667" endY="2.803333">
                  <LineDesc lineEnd="ROUND" lineWidth="0.003333" lineProperty="SOLID" />
                </Line>
                <Line startX="2.546667" startY="2.803333" endX="2.546667" endY="2.836667">
                  <LineDesc lineEnd="ROUND" lineWidth="0.003333" lineProperty="SOLID" />
                </Line>
                <Line startX="2.513333" startY="2.836667" endX="2.546667" endY="2.836667">
                  <LineDesc lineEnd="ROUND" lineWidth="0.003333" lineProperty="SOLID" />
                </Line>
                <Line startX="2.513333" startY="2.803333" endX="2.513333" endY="2.836667">
                  <LineDesc lineEnd="ROUND" lineWidth="0.003333" lineProperty="SOLID" />
                </Line>
                <Line startX="2.513333" startY="2.883333" endX="2.546667" endY="2.883333">
                  <LineDesc lineEnd="ROUND" lineWidth="0.003333" lineProperty="SOLID" />
                </Line>
                <Line startX="2.546667" startY="2.883333" endX="2.546667" endY="2.916667">
                  <LineDesc lineEnd="ROUND" lineWidth="0.003333" lineProperty="SOLID" />
                </Line>
                <Line startX="2.513333" startY="2.916667" endX="2.546667" endY="2.916667">
                  <LineDesc lineEnd="ROUND" lineWidth="0.003333" lineProperty="SOLID" />
                </Line>
                <Line startX="2.513333" startY="2.883333" endX="2.513333" endY="2.916667">
                  <LineDesc lineEnd="ROUND" lineWidth="0.003333" lineProperty="SOLID" />
                </Line>
                <Line startX="2.433333" startY="2.883333" endX="2.466667" endY="2.883333">
                  <LineDesc lineEnd="ROUND" lineWidth="0.003333" lineProperty="SOLID" />
                </Line>
                <Line startX="2.466667" startY="2.883333" endX="2.466667" endY="2.916667">
                  <LineDesc lineEnd="ROUND" lineWidth="0.003333" lineProperty="SOLID" />
                </Line>
                <Line startX="2.433333" startY="2.916667" endX="2.466667" endY="2.916667">
                  <LineDesc lineEnd="ROUND" lineWidth="0.003333" lineProperty="SOLID" />
                </Line>
                <Line startX="2.433333" startY="2.883333" endX="2.433333" endY="2.916667">
                  <LineDesc lineEnd="ROUND" lineWidth="0.003333" lineProperty="SOLID" />
                </Line>
                <Line startX="2.353333" startY="2.883333" endX="2.386667" endY="2.883333">
                  <LineDesc lineEnd="ROUND" lineWidth="0.003333" lineProperty="SOLID" />
                </Line>
                <Line startX="2.386667" startY="2.883333" endX="2.386667" endY="2.916667">
                  <LineDesc lineEnd="ROUND" lineWidth="0.003333" lineProperty="SOLID" />
                </Line>
                <Line startX="2.353333" startY="2.916667" endX="2.386667" endY="2.916667">
                  <LineDesc lineEnd="ROUND" lineWidth="0.003333" lineProperty="SOLID" />
                </Line>
                <Line startX="2.353333" startY="2.883333" endX="2.353333" endY="2.916667">
                  <LineDesc lineEnd="ROUND" lineWidth="0.003333" lineProperty="SOLID" />
                </Line>
                <Line startX="1.983333" startY="1.763333" endX="2.016667" endY="1.763333">
                  <LineDesc lineEnd="ROUND" lineWidth="0.003333" lineProperty="SOLID" />
                </Line>
                <Line startX="2.016667" startY="1.763333" endX="2.016667" endY="1.796667">
                  <LineDesc lineEnd="ROUND" lineWidth="0.003333" lineProperty="SOLID" />
                </Line>
                <Line startX="1.983333" startY="1.796667" endX="2.016667" endY="1.796667">
                  <LineDesc lineEnd="ROUND" lineWidth="0.003333" lineProperty="SOLID" />
                </Line>
                <Line startX="1.983333" startY="1.763333" endX="1.983333" endY="1.796667">
                  <LineDesc lineEnd="ROUND" lineWidth="0.003333" lineProperty="SOLID" />
                </Line>
                <Line startX="2.493333" startY="2.113333" endX="2.526667" endY="2.113333">
                  <LineDesc lineEnd="ROUND" lineWidth="0.003333" lineProperty="SOLID" />
                </Line>
                <Line startX="2.526667" startY="2.113333" endX="2.526667" endY="2.146667">
                  <LineDesc lineEnd="ROUND" lineWidth="0.003333" lineProperty="SOLID" />
                </Line>
                <Line startX="2.493333" startY="2.146667" endX="2.526667" endY="2.146667">
                  <LineDesc lineEnd="ROUND" lineWidth="0.003333" lineProperty="SOLID" />
                </Line>
                <Line startX="2.493333" startY="2.113333" endX="2.493333" endY="2.146667">
                  <LineDesc lineEnd="ROUND" lineWidth="0.003333" lineProperty="SOLID" />
                </Line>
                <Line startX="1.090067" startY="1.089537" endX="1.110067" endY="1.089537">
                  <LineDesc lineEnd="ROUND" lineWidth="0.003333" lineProperty="SOLID" />
                </Line>
                <Line startX="1.110067" startY="1.089537" endX="1.110067" endY="1.109537">
                  <LineDesc lineEnd="ROUND" lineWidth="0.003333" lineProperty="SOLID" />
                </Line>
                <Line startX="1.090067" startY="1.109537" endX="1.110067" endY="1.109537">
                  <LineDesc lineEnd="ROUND" lineWidth="0.003333" lineProperty="SOLID" />
                </Line>
                <Line startX="1.090067" startY="1.089537" endX="1.090067" endY="1.109537">
                  <LineDesc lineEnd="ROUND" lineWidth="0.003333" lineProperty="SOLID" />
                </Line>
                <Line startX="1.0834" startY="1.08287" endX="1.116733" endY="1.08287">
                  <LineDesc lineEnd="ROUND" lineWidth="0.003333" lineProperty="SOLID" />
                </Line>
                <Line startX="1.116733" startY="1.08287" endX="1.116733" endY="1.116204">
                  <LineDesc lineEnd="ROUND" lineWidth="0.003333" lineProperty="SOLID" />
                </Line>
                <Line startX="1.0834" startY="1.116204" endX="1.116733" endY="1.116204">
                  <LineDesc lineEnd="ROUND" lineWidth="0.003333" lineProperty="SOLID" />
                </Line>
                <Line startX="1.0834" startY="1.08287" endX="1.0834" endY="1.116204">
                  <LineDesc lineEnd="ROUND" lineWidth="0.003333" lineProperty="SOLID" />
                </Line>
                <Line startX="2.890067" startY="1.089537" endX="2.910067" endY="1.089537">
                  <LineDesc lineEnd="ROUND" lineWidth="0.003333" lineProperty="SOLID" />
                </Line>
                <Line startX="2.910067" startY="1.089537" endX="2.910067" endY="1.109537">
                  <LineDesc lineEnd="ROUND" lineWidth="0.003333" lineProperty="SOLID" />
                </Line>
                <Line startX="2.890067" startY="1.109537" endX="2.910067" endY="1.109537">
                  <LineDesc lineEnd="ROUND" lineWidth="0.003333" lineProperty="SOLID" />
                </Line>
                <Line startX="2.890067" startY="1.089537" endX="2.890067" endY="1.109537">
                  <LineDesc lineEnd="ROUND" lineWidth="0.003333" lineProperty="SOLID" />
                </Line>
                <Line startX="2.8834" startY="1.08287" endX="2.916733" endY="1.08287">
                  <LineDesc lineEnd="ROUND" lineWidth="0.003333" lineProperty="SOLID" />
                </Line>
                <Line startX="2.916733" startY="1.08287" endX="2.916733" endY="1.116204">
                  <LineDesc lineEnd="ROUND" lineWidth="0.003333" lineProperty="SOLID" />
                </Line>
                <Line startX="2.8834" startY="1.116204" endX="2.916733" endY="1.116204">
                  <LineDesc lineEnd="ROUND" lineWidth="0.003333" lineProperty="SOLID" />
                </Line>
                <Line startX="2.8834" startY="1.08287" endX="2.8834" endY="1.116204">
                  <LineDesc lineEnd="ROUND" lineWidth="0.003333" lineProperty="SOLID" />
                </Line>
                <Line startX="1.080067" startY="3.199537" endX="1.100067" endY="3.199537">
                  <LineDesc lineEnd="ROUND" lineWidth="0.003333" lineProperty="SOLID" />
                </Line>
                <Line startX="1.100067" startY="3.199537" endX="1.100067" endY="3.219537">
                  <LineDesc lineEnd="ROUND" lineWidth="0.003333" lineProperty="SOLID" />
                </Line>
                <Line startX="1.080067" startY="3.219537" endX="1.100067" endY="3.219537">
                  <LineDesc lineEnd="ROUND" lineWidth="0.003333" lineProperty="SOLID" />
                </Line>
                <Line startX="1.080067" startY="3.199537" endX="1.080067" endY="3.219537">
                  <LineDesc lineEnd="ROUND" lineWidth="0.003333" lineProperty="SOLID" />
                </Line>
                <Line startX="1.0734" startY="3.19287" endX="1.106733" endY="3.19287">
                  <LineDesc lineEnd="ROUND" lineWidth="0.003333" lineProperty="SOLID" />
                </Line>
                <Line startX="1.106733" startY="3.19287" endX="1.106733" endY="3.226204">
                  <LineDesc lineEnd="ROUND" lineWidth="0.003333" lineProperty="SOLID" />
                </Line>
                <Line startX="1.0734" startY="3.226204" endX="1.106733" endY="3.226204">
                  <LineDesc lineEnd="ROUND" lineWidth="0.003333" lineProperty="SOLID" />
                </Line>
                <Line startX="1.0734" startY="3.19287" endX="1.0734" endY="3.226204">
                  <LineDesc lineEnd="ROUND" lineWidth="0.003333" lineProperty="SOLID" />
                </Line>
                <Line startX="2.890067" startY="3.189537" endX="2.910067" endY="3.189537">
                  <LineDesc lineEnd="ROUND" lineWidth="0.003333" lineProperty="SOLID" />
                </Line>
                <Line startX="2.910067" startY="3.189537" endX="2.910067" endY="3.209537">
                  <LineDesc lineEnd="ROUND" lineWidth="0.003333" lineProperty="SOLID" />
                </Line>
                <Line startX="2.890067" startY="3.209537" endX="2.910067" endY="3.209537">
                  <LineDesc lineEnd="ROUND" lineWidth="0.003333" lineProperty="SOLID" />
                </Line>
                <Line startX="2.890067" startY="3.189537" endX="2.890067" endY="3.209537">
                  <LineDesc lineEnd="ROUND" lineWidth="0.003333" lineProperty="SOLID" />
                </Line>
                <Line startX="2.8834" startY="3.18287" endX="2.916733" endY="3.18287">
                  <LineDesc lineEnd="ROUND" lineWidth="0.003333" lineProperty="SOLID" />
                </Line>
                <Line startX="2.916733" startY="3.18287" endX="2.916733" endY="3.216204">
                  <LineDesc lineEnd="ROUND" lineWidth="0.003333" lineProperty="SOLID" />
                </Line>
                <Line startX="2.8834" startY="3.216204" endX="2.916733" endY="3.216204">
                  <LineDesc lineEnd="ROUND" lineWidth="0.003333" lineProperty="SOLID" />
                </Line>
                <Line startX="2.8834" startY="3.18287" endX="2.8834" endY="3.216204">
                  <LineDesc lineEnd="ROUND" lineWidth="0.003333" lineProperty="SOLID" />
                </Line>
                <Line startX="1.823333" startY="1.583333" endX="1.84" endY="1.591667">
                  <LineDesc lineEnd="ROUND" lineWidth="0.003333" lineProperty="SOLID" />
                </Line>
                <Line startX="1.84" startY="1.591667" endX="1.856667" endY="1.583333">
                  <LineDesc lineEnd="ROUND" lineWidth="0.003333" lineProperty="SOLID" />
                </Line>
                <Line startX="1.848333" startY="1.6" endX="1.856667" endY="1.583333">
                  <LineDesc lineEnd="ROUND" lineWidth="0.003333" lineProperty="SOLID" />
                </Line>
                <Line startX="1.848333" startY="1.6" endX="1.856667" endY="1.616667">
                  <LineDesc lineEnd="ROUND" lineWidth="0.003333" lineProperty="SOLID" />
                </Line>
                <Line startX="1.84" startY="1.608333" endX="1.856667" endY="1.616667">
                  <LineDesc lineEnd="ROUND" lineWidth="0.003333" lineProperty="SOLID" />
                </Line>
                <Line startX="1.823333" startY="1.616667" endX="1.84" endY="1.608333">
                  <LineDesc lineEnd="ROUND" lineWidth="0.003333" lineProperty="SOLID" />
                </Line>
                <Line startX="1.823333" startY="1.616667" endX="1.831667" endY="1.6">
                  <LineDesc lineEnd="ROUND" lineWidth="0.003333" lineProperty="SOLID" />
                </Line>
                <Line startX="1.823333" startY="1.583333" endX="1.831667" endY="1.6">
                  <LineDesc lineEnd="ROUND" lineWidth="0.003333" lineProperty="SOLID" />
                </Line>
                <Line startX="1.823333" startY="1.783333" endX="1.84" endY="1.791667">
                  <LineDesc lineEnd="ROUND" lineWidth="0.003333" lineProperty="SOLID" />
                </Line>
                <Line startX="1.84" startY="1.791667" endX="1.856667" endY="1.783333">
                  <LineDesc lineEnd="ROUND" lineWidth="0.003333" lineProperty="SOLID" />
                </Line>
                <Line startX="1.848333" startY="1.8" endX="1.856667" endY="1.783333">
                  <LineDesc lineEnd="ROUND" lineWidth="0.003333" lineProperty="SOLID" />
                </Line>
                <Line startX="1.848333" startY="1.8" endX="1.856667" endY="1.816667">
                  <LineDesc lineEnd="ROUND" lineWidth="0.003333" lineProperty="SOLID" />
                </Line>
                <Line startX="1.84" startY="1.808333" endX="1.856667" endY="1.816667">
                  <LineDesc lineEnd="ROUND" lineWidth="0.003333" lineProperty="SOLID" />
                </Line>
                <Line startX="1.823333" startY="1.816667" endX="1.84" endY="1.808333">
                  <LineDesc lineEnd="ROUND" lineWidth="0.003333" lineProperty="SOLID" />
                </Line>
                <Line startX="1.823333" startY="1.816667" endX="1.831667" endY="1.8">
                  <LineDesc lineEnd="ROUND" lineWidth="0.003333" lineProperty="SOLID" />
                </Line>
                <Line startX="1.823333" startY="1.783333" endX="1.831667" endY="1.8">
                  <LineDesc lineEnd="ROUND" lineWidth="0.003333" lineProperty="SOLID" />
                </Line>
                <Line startX="1.531667" startY="1.941667" endX="1.54" endY="1.933333">
                  <LineDesc lineEnd="ROUND" lineWidth="0.003333" lineProperty="SOLID" />
                </Line>
                <Line startX="1.523333" startY="1.941667" endX="1.531667" endY="1.941667">
                  <LineDesc lineEnd="ROUND" lineWidth="0.003333" lineProperty="SOLID" />
                </Line>
                <Line startX="1.523333" startY="1.941667" endX="1.531667" endY="1.95">
                  <LineDesc lineEnd="ROUND" lineWidth="0.003333" lineProperty="SOLID" />
                </Line>
                <Line startX="1.523333" startY="1.958333" endX="1.531667" endY="1.95">
                  <LineDesc lineEnd="ROUND" lineWidth="0.003333" lineProperty="SOLID" />
                </Line>
                <Line startX="1.523333" startY="1.958333" endX="1.531667" endY="1.958333">
                  <LineDesc lineEnd="ROUND" lineWidth="0.003333" lineProperty="SOLID" />
                </Line>
                <Line startX="1.531667" startY="1.958333" endX="1.54" endY="1.966667">
                  <LineDesc lineEnd="ROUND" lineWidth="0.003333" lineProperty="SOLID" />
                </Line>
                <Line startX="1.54" startY="1.966667" endX="1.548333" endY="1.958333">
                  <LineDesc lineEnd="ROUND" lineWidth="0.003333" lineProperty="SOLID" />
                </Line>
                <Line startX="1.548333" startY="1.958333" endX="1.556667" endY="1.958333">
                  <LineDesc lineEnd="ROUND" lineWidth="0.003333" lineProperty="SOLID" />
                </Line>
                <Line startX="1.548333" startY="1.95" endX="1.556667" endY="1.958333">
                  <LineDesc lineEnd="ROUND" lineWidth="0.003333" lineProperty="SOLID" />
                </Line>
                <Line startX="1.548333" startY="1.95" endX="1.556667" endY="1.941667">
                  <LineDesc lineEnd="ROUND" lineWidth="0.003333" lineProperty="SOLID" />
                </Line>
                <Line startX="1.548333" startY="1.941667" endX="1.556667" endY="1.941667">
                  <LineDesc lineEnd="ROUND" lineWidth="0.003333" lineProperty="SOLID" />
                </Line>
                <Line startX="1.54" startY="1.933333" endX="1.548333" endY="1.941667">
                  <LineDesc lineEnd="ROUND" lineWidth="0.003333" lineProperty="SOLID" />
                </Line>
                <Line startX="1.823333" startY="2.603333" endX="1.84" endY="2.611667">
                  <LineDesc lineEnd="ROUND" lineWidth="0.003333" lineProperty="SOLID" />
                </Line>
                <Line startX="1.84" startY="2.611667" endX="1.856667" endY="2.603333">
                  <LineDesc lineEnd="ROUND" lineWidth="0.003333" lineProperty="SOLID" />
                </Line>
                <Line startX="1.848333" startY="2.62" endX="1.856667" endY="2.603333">
                  <LineDesc lineEnd="ROUND" lineWidth="0.003333" lineProperty="SOLID" />
                </Line>
                <Line startX="1.848333" startY="2.62" endX="1.856667" endY="2.636667">
                  <LineDesc lineEnd="ROUND" lineWidth="0.003333" lineProperty="SOLID" />
                </Line>
                <Line startX="1.84" startY="2.628333" endX="1.856667" endY="2.636667">
                  <LineDesc lineEnd="ROUND" lineWidth="0.003333" lineProperty="SOLID" />
                </Line>
                <Line startX="1.823333" startY="2.636667" endX="1.84" endY="2.628333">
                  <LineDesc lineEnd="ROUND" lineWidth="0.003333" lineProperty="SOLID" />
                </Line>
                <Line startX="1.823333" startY="2.636667" endX="1.831667" endY="2.62">
                  <LineDesc lineEnd="ROUND" lineWidth="0.003333" lineProperty="SOLID" />
                </Line>
                <Line startX="1.823333" startY="2.603333" endX="1.831667" endY="2.62">
                  <LineDesc lineEnd="ROUND" lineWidth="0.003333" lineProperty="SOLID" />
                </Line>
                <Line startX="1.823333" startY="2.803333" endX="1.84" endY="2.811667">
                  <LineDesc lineEnd="ROUND" lineWidth="0.003333" lineProperty="SOLID" />
                </Line>
                <Line startX="1.84" startY="2.811667" endX="1.856667" endY="2.803333">
                  <LineDesc lineEnd="ROUND" lineWidth="0.003333" lineProperty="SOLID" />
                </Line>
                <Line startX="1.848333" startY="2.82" endX="1.856667" endY="2.803333">
                  <LineDesc lineEnd="ROUND" lineWidth="0.003333" lineProperty="SOLID" />
                </Line>
                <Line startX="1.848333" startY="2.82" endX="1.856667" endY="2.836667">
                  <LineDesc lineEnd="ROUND" lineWidth="0.003333" lineProperty="SOLID" />
                </Line>
                <Line startX="1.84" startY="2.828333" endX="1.856667" endY="2.836667">
                  <LineDesc lineEnd="ROUND" lineWidth="0.003333" lineProperty="SOLID" />
                </Line>
                <Line startX="1.823333" startY="2.836667" endX="1.84" endY="2.828333">
                  <LineDesc lineEnd="ROUND" lineWidth="0.003333" lineProperty="SOLID" />
                </Line>
                <Line startX="1.823333" startY="2.836667" endX="1.831667" endY="2.82">
                  <LineDesc lineEnd="ROUND" lineWidth="0.003333" lineProperty="SOLID" />
                </Line>
                <Line startX="1.823333" startY="2.803333" endX="1.831667" endY="2.82">
                  <LineDesc lineEnd="ROUND" lineWidth="0.003333" lineProperty="SOLID" />
                </Line>
                <Line startX="1.531667" startY="2.961667" endX="1.54" endY="2.953333">
                  <LineDesc lineEnd="ROUND" lineWidth="0.003333" lineProperty="SOLID" />
                </Line>
                <Line startX="1.523333" startY="2.961667" endX="1.531667" endY="2.961667">
                  <LineDesc lineEnd="ROUND" lineWidth="0.003333" lineProperty="SOLID" />
                </Line>
                <Line startX="1.523333" startY="2.961667" endX="1.531667" endY="2.97">
                  <LineDesc lineEnd="ROUND" lineWidth="0.003333" lineProperty="SOLID" />
                </Line>
                <Line startX="1.523333" startY="2.978333" endX="1.531667" endY="2.97">
                  <LineDesc lineEnd="ROUND" lineWidth="0.003333" lineProperty="SOLID" />
                </Line>
                <Line startX="1.523333" startY="2.978333" endX="1.531667" endY="2.978333">
                  <LineDesc lineEnd="ROUND" lineWidth="0.003333" lineProperty="SOLID" />
                </Line>
                <Line startX="1.531667" startY="2.978333" endX="1.54" endY="2.986667">
                  <LineDesc lineEnd="ROUND" lineWidth="0.003333" lineProperty="SOLID" />
                </Line>
                <Line startX="1.54" startY="2.986667" endX="1.548333" endY="2.978333">
                  <LineDesc lineEnd="ROUND" lineWidth="0.003333" lineProperty="SOLID" />
                </Line>
                <Line startX="1.548333" startY="2.978333" endX="1.556667" endY="2.978333">
                  <LineDesc lineEnd="ROUND" lineWidth="0.003333" lineProperty="SOLID" />
                </Line>
                <Line startX="1.548333" startY="2.97" endX="1.556667" endY="2.978333">
                  <LineDesc lineEnd="ROUND" lineWidth="0.003333" lineProperty="SOLID" />
                </Line>
                <Line startX="1.548333" startY="2.97" endX="1.556667" endY="2.961667">
                  <LineDesc lineEnd="ROUND" lineWidth="0.003333" lineProperty="SOLID" />
                </Line>
                <Line startX="1.548333" startY="2.961667" endX="1.556667" endY="2.961667">
                  <LineDesc lineEnd="ROUND" lineWidth="0.003333" lineProperty="SOLID" />
                </Line>
                <Line startX="1.54" startY="2.953333" endX="1.548333" endY="2.961667">
                  <LineDesc lineEnd="ROUND" lineWidth="0.003333" lineProperty="SOLID" />
                </Line>
                <Line startX="1.953333" startY="1.471667" endX="1.961667" endY="1.471667">
                  <LineDesc lineEnd="ROUND" lineWidth="0.003333" lineProperty="SOLID" />
                </Line>
                <Line startX="1.953333" startY="1.471667" endX="1.953333" endY="1.488333">
                  <LineDesc lineEnd="ROUND" lineWidth="0.003333" lineProperty="SOLID" />
                </Line>
                <Line startX="1.953333" startY="1.488333" endX="1.961667" endY="1.488333">
                  <LineDesc lineEnd="ROUND" lineWidth="0.003333" lineProperty="SOLID" />
                </Line>
                <Line startX="1.961667" startY="1.488333" endX="1.961667" endY="1.496667">
                  <LineDesc lineEnd="ROUND" lineWidth="0.003333" lineProperty="SOLID" />
                </Line>
                <Line startX="1.961667" startY="1.496667" endX="1.978333" endY="1.496667">
                  <LineDesc lineEnd="ROUND" lineWidth="0.003333" lineProperty="SOLID" />
                </Line>
                <Line startX="1.978333" startY="1.488333" endX="1.978333" endY="1.496667">
                  <LineDesc lineEnd="ROUND" lineWidth="0.003333" lineProperty="SOLID" />
                </Line>
                <Line startX="1.978333" startY="1.488333" endX="1.986667" endY="1.488333">
                  <LineDesc lineEnd="ROUND" lineWidth="0.003333" lineProperty="SOLID" />
                </Line>
                <Line startX="1.986667" startY="1.471667" endX="1.986667" endY="1.488333">
                  <LineDesc lineEnd="ROUND" lineWidth="0.003333" lineProperty="SOLID" />
                </Line>
                <Line startX="1.978333" startY="1.471667" endX="1.986667" endY="1.471667">
                  <LineDesc lineEnd="ROUND" lineWidth="0.003333" lineProperty="SOLID" />
                </Line>
                <Line startX="1.978333" startY="1.463333" endX="1.978333" endY="1.471667">
                  <LineDesc lineEnd="ROUND" lineWidth="0.003333" lineProperty="SOLID" />
                </Line>
                <Line startX="1.961667" startY="1.463333" endX="1.978333" endY="1.463333">
                  <LineDesc lineEnd="ROUND" lineWidth="0.003333" lineProperty="SOLID" />
                </Line>
                <Line startX="1.961667" startY="1.463333" endX="1.961667" endY="1.471667">
                  <LineDesc lineEnd="ROUND" lineWidth="0.003333" lineProperty="SOLID" />
                </Line>
                <Line startX="1.953333" startY="1.371667" endX="1.961667" endY="1.371667">
                  <LineDesc lineEnd="ROUND" lineWidth="0.003333" lineProperty="SOLID" />
                </Line>
                <Line startX="1.953333" startY="1.371667" endX="1.953333" endY="1.388333">
                  <LineDesc lineEnd="ROUND" lineWidth="0.003333" lineProperty="SOLID" />
                </Line>
                <Line startX="1.953333" startY="1.388333" endX="1.961667" endY="1.388333">
                  <LineDesc lineEnd="ROUND" lineWidth="0.003333" lineProperty="SOLID" />
                </Line>
                <Line startX="1.961667" startY="1.388333" endX="1.961667" endY="1.396667">
                  <LineDesc lineEnd="ROUND" lineWidth="0.003333" lineProperty="SOLID" />
                </Line>
                <Line startX="1.961667" startY="1.396667" endX="1.978333" endY="1.396667">
                  <LineDesc lineEnd="ROUND" lineWidth="0.003333" lineProperty="SOLID" />
                </Line>
                <Line startX="1.978333" startY="1.388333" endX="1.978333" endY="1.396667">
                  <LineDesc lineEnd="ROUND" lineWidth="0.003333" lineProperty="SOLID" />
                </Line>
                <Line startX="1.978333" startY="1.388333" endX="1.986667" endY="1.388333">
                  <LineDesc lineEnd="ROUND" lineWidth="0.003333" lineProperty="SOLID" />
                </Line>
                <Line startX="1.986667" startY="1.371667" endX="1.986667" endY="1.388333">
                  <LineDesc lineEnd="ROUND" lineWidth="0.003333" lineProperty="SOLID" />
                </Line>
                <Line startX="1.978333" startY="1.371667" endX="1.986667" endY="1.371667">
                  <LineDesc lineEnd="ROUND" lineWidth="0.003333" lineProperty="SOLID" />
                </Line>
                <Line startX="1.978333" startY="1.363333" endX="1.978333" endY="1.371667">
                  <LineDesc lineEnd="ROUND" lineWidth="0.003333" lineProperty="SOLID" />
                </Line>
                <Line startX="1.961667" startY="1.363333" endX="1.978333" endY="1.363333">
                  <LineDesc lineEnd="ROUND" lineWidth="0.003333" lineProperty="SOLID" />
                </Line>
                <Line startX="1.961667" startY="1.363333" endX="1.961667" endY="1.371667">
                  <LineDesc lineEnd="ROUND" lineWidth="0.003333" lineProperty="SOLID" />
                </Line>
                <Line startX="1.953333" startY="2.481667" endX="1.961667" endY="2.481667">
                  <LineDesc lineEnd="ROUND" lineWidth="0.003333" lineProperty="SOLID" />
                </Line>
                <Line startX="1.953333" startY="2.481667" endX="1.953333" endY="2.498333">
                  <LineDesc lineEnd="ROUND" lineWidth="0.003333" lineProperty="SOLID" />
                </Line>
                <Line startX="1.953333" startY="2.498333" endX="1.961667" endY="2.498333">
                  <LineDesc lineEnd="ROUND" lineWidth="0.003333" lineProperty="SOLID" />
                </Line>
                <Line startX="1.961667" startY="2.498333" endX="1.961667" endY="2.506667">
                  <LineDesc lineEnd="ROUND" lineWidth="0.003333" lineProperty="SOLID" />
                </Line>
                <Line startX="1.961667" startY="2.506667" endX="1.978333" endY="2.506667">
                  <LineDesc lineEnd="ROUND" lineWidth="0.003333" lineProperty="SOLID" />
                </Line>
                <Line startX="1.978333" startY="2.498333" endX="1.978333" endY="2.506667">
                  <LineDesc lineEnd="ROUND" lineWidth="0.003333" lineProperty="SOLID" />
                </Line>
                <Line startX="1.978333" startY="2.498333" endX="1.986667" endY="2.498333">
                  <LineDesc lineEnd="ROUND" lineWidth="0.003333" lineProperty="SOLID" />
                </Line>
                <Line startX="1.986667" startY="2.481667" endX="1.986667" endY="2.498333">
                  <LineDesc lineEnd="ROUND" lineWidth="0.003333" lineProperty="SOLID" />
                </Line>
                <Line startX="1.978333" startY="2.481667" endX="1.986667" endY="2.481667">
                  <LineDesc lineEnd="ROUND" lineWidth="0.003333" lineProperty="SOLID" />
                </Line>
                <Line startX="1.978333" startY="2.473333" endX="1.978333" endY="2.481667">
                  <LineDesc lineEnd="ROUND" lineWidth="0.003333" lineProperty="SOLID" />
                </Line>
                <Line startX="1.961667" startY="2.473333" endX="1.978333" endY="2.473333">
                  <LineDesc lineEnd="ROUND" lineWidth="0.003333" lineProperty="SOLID" />
                </Line>
                <Line startX="1.961667" startY="2.473333" endX="1.961667" endY="2.481667">
                  <LineDesc lineEnd="ROUND" lineWidth="0.003333" lineProperty="SOLID" />
                </Line>
                <Line startX="1.953333" startY="2.381667" endX="1.961667" endY="2.381667">
                  <LineDesc lineEnd="ROUND" lineWidth="0.003333" lineProperty="SOLID" />
                </Line>
                <Line startX="1.953333" startY="2.381667" endX="1.953333" endY="2.398333">
                  <LineDesc lineEnd="ROUND" lineWidth="0.003333" lineProperty="SOLID" />
                </Line>
                <Line startX="1.953333" startY="2.398333" endX="1.961667" endY="2.398333">
                  <LineDesc lineEnd="ROUND" lineWidth="0.003333" lineProperty="SOLID" />
                </Line>
                <Line startX="1.961667" startY="2.398333" endX="1.961667" endY="2.406667">
                  <LineDesc lineEnd="ROUND" lineWidth="0.003333" lineProperty="SOLID" />
                </Line>
                <Line startX="1.961667" startY="2.406667" endX="1.978333" endY="2.406667">
                  <LineDesc lineEnd="ROUND" lineWidth="0.003333" lineProperty="SOLID" />
                </Line>
                <Line startX="1.978333" startY="2.398333" endX="1.978333" endY="2.406667">
                  <LineDesc lineEnd="ROUND" lineWidth="0.003333" lineProperty="SOLID" />
                </Line>
                <Line startX="1.978333" startY="2.398333" endX="1.986667" endY="2.398333">
                  <LineDesc lineEnd="ROUND" lineWidth="0.003333" lineProperty="SOLID" />
                </Line>
                <Line startX="1.986667" startY="2.381667" endX="1.986667" endY="2.398333">
                  <LineDesc lineEnd="ROUND" lineWidth="0.003333" lineProperty="SOLID" />
                </Line>
                <Line startX="1.978333" startY="2.381667" endX="1.986667" endY="2.381667">
                  <LineDesc lineEnd="ROUND" lineWidth="0.003333" lineProperty="SOLID" />
                </Line>
                <Line startX="1.978333" startY="2.373333" endX="1.978333" endY="2.381667">
                  <LineDesc lineEnd="ROUND" lineWidth="0.003333" lineProperty="SOLID" />
                </Line>
                <Line startX="1.961667" startY="2.373333" endX="1.978333" endY="2.373333">
                  <LineDesc lineEnd="ROUND" lineWidth="0.003333" lineProperty="SOLID" />
                </Line>
                <Line startX="1.961667" startY="2.373333" endX="1.961667" endY="2.381667">
                  <LineDesc lineEnd="ROUND" lineWidth="0.003333" lineProperty="SOLID" />
                </Line>
                <Line startX="1.610184" startY="2.163333" endX="1.610184" endY="2.171667">
                  <LineDesc lineEnd="ROUND" lineWidth="0.003333" lineProperty="SOLID" />
                </Line>
                <Line startX="1.610184" startY="2.171667" endX="1.618517" endY="2.18">
                  <LineDesc lineEnd="ROUND" lineWidth="0.003333" lineProperty="SOLID" />
                </Line>
                <Line startX="1.610184" startY="2.188333" endX="1.618517" endY="2.18">
                  <LineDesc lineEnd="ROUND" lineWidth="0.003333" lineProperty="SOLID" />
                </Line>
                <Line startX="1.610184" startY="2.188333" endX="1.610184" endY="2.196667">
                  <LineDesc lineEnd="ROUND" lineWidth="0.003333" lineProperty="SOLID" />
                </Line>
                <Line startX="1.610184" startY="2.196667" endX="1.618517" endY="2.196667">
                  <LineDesc lineEnd="ROUND" lineWidth="0.003333" lineProperty="SOLID" />
                </Line>
                <Line startX="1.618517" startY="2.196667" endX="1.62685" endY="2.188333">
                  <LineDesc lineEnd="ROUND" lineWidth="0.003333" lineProperty="SOLID" />
                </Line>
                <Line startX="1.62685" startY="2.188333" endX="1.635184" endY="2.196667">
                  <LineDesc lineEnd="ROUND" lineWidth="0.003333" lineProperty="SOLID" />
                </Line>
                <Line startX="1.635184" startY="2.196667" endX="1.643517" endY="2.196667">
                  <LineDesc lineEnd="ROUND" lineWidth="0.003333" lineProperty="SOLID" />
                </Line>
                <Line startX="1.643517" startY="2.188333" endX="1.643517" endY="2.196667">
                  <LineDesc lineEnd="ROUND" lineWidth="0.003333" lineProperty="SOLID" />
                </Line>
                <Line startX="1.635184" startY="2.18" endX="1.643517" endY="2.188333">
                  <LineDesc lineEnd="ROUND" lineWidth="0.003333" lineProperty="SOLID" />
                </Line>
                <Line startX="1.635184" startY="2.18" endX="1.643517" endY="2.171667">
                  <LineDesc lineEnd="ROUND" lineWidth="0.003333" lineProperty="SOLID" />
                </Line>
                <Line startX="1.643517" startY="2.163333" endX="1.643517" endY="2.171667">
                  <LineDesc lineEnd="ROUND" lineWidth="0.003333" lineProperty="SOLID" />
                </Line>
                <Line startX="1.635184" startY="2.163333" endX="1.643517" endY="2.163333">
                  <LineDesc lineEnd="ROUND" lineWidth="0.003333" lineProperty="SOLID" />
                </Line>
                <Line startX="1.62685" startY="2.171667" endX="1.635184" endY="2.163333">
                  <LineDesc lineEnd="ROUND" lineWidth="0.003333" lineProperty="SOLID" />
                </Line>
                <Line startX="1.618517" startY="2.163333" endX="1.62685" endY="2.171667">
                  <LineDesc lineEnd="ROUND" lineWidth="0.003333" lineProperty="SOLID" />
                </Line>
                <Line startX="1.610184" startY="2.163333" endX="1.618517" endY="2.163333">
                  <LineDesc lineEnd="ROUND" lineWidth="0.003333" lineProperty="SOLID" />
                </Line>
                <Line startX="1.216483" startY="2.163333" endX="1.216483" endY="2.171667">
                  <LineDesc lineEnd="ROUND" lineWidth="0.003333" lineProperty="SOLID" />
                </Line>
                <Line startX="1.216483" startY="2.171667" endX="1.224816" endY="2.18">
                  <LineDesc lineEnd="ROUND" lineWidth="0.003333" lineProperty="SOLID" />
                </Line>
                <Line startX="1.216483" startY="2.188333" endX="1.224816" endY="2.18">
                  <LineDesc lineEnd="ROUND" lineWidth="0.003333" lineProperty="SOLID" />
                </Line>
                <Line startX="1.216483" startY="2.188333" endX="1.216483" endY="2.196667">
                  <LineDesc lineEnd="ROUND" lineWidth="0.003333" lineProperty="SOLID" />
                </Line>
                <Line startX="1.216483" startY="2.196667" endX="1.224816" endY="2.196667">
                  <LineDesc lineEnd="ROUND" lineWidth="0.003333" lineProperty="SOLID" />
                </Line>
                <Line startX="1.224816" startY="2.196667" endX="1.23315" endY="2.188333">
                  <LineDesc lineEnd="ROUND" lineWidth="0.003333" lineProperty="SOLID" />
                </Line>
                <Line startX="1.23315" startY="2.188333" endX="1.241483" endY="2.196667">
                  <LineDesc lineEnd="ROUND" lineWidth="0.003333" lineProperty="SOLID" />
                </Line>
                <Line startX="1.241483" startY="2.196667" endX="1.249816" endY="2.196667">
                  <LineDesc lineEnd="ROUND" lineWidth="0.003333" lineProperty="SOLID" />
                </Line>
                <Line startX="1.249816" startY="2.188333" endX="1.249816" endY="2.196667">
                  <LineDesc lineEnd="ROUND" lineWidth="0.003333" lineProperty="SOLID" />
                </Line>
                <Line startX="1.241483" startY="2.18" endX="1.249816" endY="2.188333">
                  <LineDesc lineEnd="ROUND" lineWidth="0.003333" lineProperty="SOLID" />
                </Line>
                <Line startX="1.241483" startY="2.18" endX="1.249816" endY="2.171667">
                  <LineDesc lineEnd="ROUND" lineWidth="0.003333" lineProperty="SOLID" />
                </Line>
                <Line startX="1.249816" startY="2.163333" endX="1.249816" endY="2.171667">
                  <LineDesc lineEnd="ROUND" lineWidth="0.003333" lineProperty="SOLID" />
                </Line>
                <Line startX="1.241483" startY="2.163333" endX="1.249816" endY="2.163333">
                  <LineDesc lineEnd="ROUND" lineWidth="0.003333" lineProperty="SOLID" />
                </Line>
                <Line startX="1.23315" startY="2.171667" endX="1.241483" endY="2.163333">
                  <LineDesc lineEnd="ROUND" lineWidth="0.003333" lineProperty="SOLID" />
                </Line>
                <Line startX="1.224816" startY="2.163333" endX="1.23315" endY="2.171667">
                  <LineDesc lineEnd="ROUND" lineWidth="0.003333" lineProperty="SOLID" />
                </Line>
                <Line startX="1.216483" startY="2.163333" endX="1.224816" endY="2.163333">
                  <LineDesc lineEnd="ROUND" lineWidth="0.003333" lineProperty="SOLID" />
                </Line>
                <Line startX="2.94315" startY="1.345538" endX="2.959816" endY="1.378871">
                  <LineDesc lineEnd="ROUND" lineWidth="0.003333" lineProperty="SOLID" />
                </Line>
                <Line startX="2.926483" startY="1.378871" endX="2.959816" endY="1.378871">
                  <LineDesc lineEnd="ROUND" lineWidth="0.003333" lineProperty="SOLID" />
                </Line>
                <Line startX="2.926483" startY="1.378871" endX="2.94315" endY="1.345538">
                  <LineDesc lineEnd="ROUND" lineWidth="0.003333" lineProperty="SOLID" />
                </Line>
                <Line startX="2.94315" startY="1.621129" endX="2.959816" endY="1.654462">
                  <LineDesc lineEnd="ROUND" lineWidth="0.003333" lineProperty="SOLID" />
                </Line>
                <Line startX="2.926483" startY="1.654462" endX="2.959816" endY="1.654462">
                  <LineDesc lineEnd="ROUND" lineWidth="0.003333" lineProperty="SOLID" />
                </Line>
                <Line startX="2.926483" startY="1.654462" endX="2.94315" endY="1.621129">
                  <LineDesc lineEnd="ROUND" lineWidth="0.003333" lineProperty="SOLID" />
                </Line>
                <Line startX="2.860656" startY="2.61" endX="2.877323" endY="2.593333">
                  <LineDesc lineEnd="ROUND" lineWidth="0.003333" lineProperty="SOLID" />
                </Line>
                <Line startX="2.877323" startY="2.593333" endX="2.893989" endY="2.61">
                  <LineDesc lineEnd="ROUND" lineWidth="0.003333" lineProperty="SOLID" />
                </Line>
                <Line startX="2.877323" startY="2.626667" endX="2.893989" endY="2.61">
                  <LineDesc lineEnd="ROUND" lineWidth="0.003333" lineProperty="SOLID" />
                </Line>
                <Line startX="2.860656" startY="2.61" endX="2.877323" endY="2.626667">
                  <LineDesc lineEnd="ROUND" lineWidth="0.003333" lineProperty="SOLID" />
                </Line>
              </UserSpecial>
            </Features>
          </Set>
          <Set>
            <SlotCavity name="J2-11 Hole" platingStatus="PLATED" plusTol="0" minusTol="0">
              <Outline>
                <Polygon>
                  <PolyBegin x="2.956929" y="1.625753" />
                  <PolyStepSegment x="2.961538" y="1.62667" />
                  <PolyStepSegment x="2.965444" y="1.62928" />
                  <PolyStepSegment x="2.968055" y="1.633187" />
                  <PolyStepSegment x="2.968972" y="1.637795" />
                  <PolyStepSegment x="2.968055" y="1.642404" />
                  <PolyStepSegment x="2.965444" y="1.646311" />
                  <PolyStepSegment x="2.961538" y="1.648921" />
                  <PolyStepSegment x="2.956929" y="1.649838" />
                  <PolyStepSegment x="2.92937" y="1.649838" />
                  <PolyStepSegment x="2.924762" y="1.648921" />
                  <PolyStepSegment x="2.920855" y="1.646311" />
                  <PolyStepSegment x="2.918244" y="1.642404" />
                  <PolyStepSegment x="2.917328" y="1.637795" />
                  <PolyStepSegment x="2.918244" y="1.633187" />
                  <PolyStepSegment x="2.920855" y="1.62928" />
                  <PolyStepSegment x="2.924762" y="1.62667" />
                  <PolyStepSegment x="2.92937" y="1.625753" />
                  <PolyStepSegment x="2.956929" y="1.625753" />
                </Polygon>
                <LineDesc lineEnd="NONE" lineWidth="0" lineProperty="SOLID" />
              </Outline>
            </SlotCavity>
          </Set>
          <Set>
            <SlotCavity name="J2-8 Hole" platingStatus="PLATED" plusTol="0" minusTol="0">
              <Outline>
                <Polygon>
                  <PolyBegin x="2.956929" y="1.350162" />
                  <PolyStepSegment x="2.961538" y="1.351079" />
                  <PolyStepSegment x="2.965444" y="1.35369" />
                  <PolyStepSegment x="2.968055" y="1.357596" />
                  <PolyStepSegment x="2.968972" y="1.362205" />
                  <PolyStepSegment x="2.968055" y="1.366813" />
                  <PolyStepSegment x="2.965444" y="1.37072" />
                  <PolyStepSegment x="2.961538" y="1.37333" />
                  <PolyStepSegment x="2.956929" y="1.374247" />
                  <PolyStepSegment x="2.92937" y="1.374247" />
                  <PolyStepSegment x="2.924762" y="1.37333" />
                  <PolyStepSegment x="2.920855" y="1.37072" />
                  <PolyStepSegment x="2.918244" y="1.366813" />
                  <PolyStepSegment x="2.917328" y="1.362205" />
                  <PolyStepSegment x="2.918244" y="1.357596" />
                  <PolyStepSegment x="2.920855" y="1.35369" />
                  <PolyStepSegment x="2.924762" y="1.351079" />
                  <PolyStepSegment x="2.92937" y="1.350162" />
                  <PolyStepSegment x="2.956929" y="1.350162" />
                </Polygon>
                <LineDesc lineEnd="NONE" lineWidth="0" lineProperty="SOLID" />
              </Outline>
            </SlotCavity>
          </Set>
        </LayerFeature>
        <LayerFeature layerRef="Drill Guide (Top Layer - Bottom Layer)">
          <Set>
            <ColorRef id="LAYER_COLOR_Drill Guide (Top Layer - Bottom Layer)" />
          </Set>
          <Set>
            <SlotCavity name="J2-11 Hole" platingStatus="PLATED" plusTol="0" minusTol="0">
              <Outline>
                <Polygon>
                  <PolyBegin x="2.956929" y="1.625753" />
                  <PolyStepSegment x="2.961538" y="1.62667" />
                  <PolyStepSegment x="2.965444" y="1.62928" />
                  <PolyStepSegment x="2.968055" y="1.633187" />
                  <PolyStepSegment x="2.968972" y="1.637795" />
                  <PolyStepSegment x="2.968055" y="1.642404" />
                  <PolyStepSegment x="2.965444" y="1.646311" />
                  <PolyStepSegment x="2.961538" y="1.648921" />
                  <PolyStepSegment x="2.956929" y="1.649838" />
                  <PolyStepSegment x="2.92937" y="1.649838" />
                  <PolyStepSegment x="2.924762" y="1.648921" />
                  <PolyStepSegment x="2.920855" y="1.646311" />
                  <PolyStepSegment x="2.918244" y="1.642404" />
                  <PolyStepSegment x="2.917328" y="1.637795" />
                  <PolyStepSegment x="2.918244" y="1.633187" />
                  <PolyStepSegment x="2.920855" y="1.62928" />
                  <PolyStepSegment x="2.924762" y="1.62667" />
                  <PolyStepSegment x="2.92937" y="1.625753" />
                  <PolyStepSegment x="2.956929" y="1.625753" />
                </Polygon>
                <LineDesc lineEnd="NONE" lineWidth="0" lineProperty="SOLID" />
              </Outline>
            </SlotCavity>
          </Set>
          <Set>
            <SlotCavity name="J2-8 Hole" platingStatus="PLATED" plusTol="0" minusTol="0">
              <Outline>
                <Polygon>
                  <PolyBegin x="2.956929" y="1.350162" />
                  <PolyStepSegment x="2.961538" y="1.351079" />
                  <PolyStepSegment x="2.965444" y="1.35369" />
                  <PolyStepSegment x="2.968055" y="1.357596" />
                  <PolyStepSegment x="2.968972" y="1.362205" />
                  <PolyStepSegment x="2.968055" y="1.366813" />
                  <PolyStepSegment x="2.965444" y="1.37072" />
                  <PolyStepSegment x="2.961538" y="1.37333" />
                  <PolyStepSegment x="2.956929" y="1.374247" />
                  <PolyStepSegment x="2.92937" y="1.374247" />
                  <PolyStepSegment x="2.924762" y="1.37333" />
                  <PolyStepSegment x="2.920855" y="1.37072" />
                  <PolyStepSegment x="2.918244" y="1.366813" />
                  <PolyStepSegment x="2.917328" y="1.362205" />
                  <PolyStepSegment x="2.918244" y="1.357596" />
                  <PolyStepSegment x="2.920855" y="1.35369" />
                  <PolyStepSegment x="2.924762" y="1.351079" />
                  <PolyStepSegment x="2.92937" y="1.350162" />
                  <PolyStepSegment x="2.956929" y="1.350162" />
                </Polygon>
                <LineDesc lineEnd="NONE" lineWidth="0" lineProperty="SOLID" />
              </Outline>
            </SlotCavity>
          </Set>
          <Set>
            <Hole name="J6-0 Hole Drill" diameter="0.070079" platingStatus="NONPLATED" plusTol="0" minusTol="0" x="2.877323" y="2.61" />
          </Set>
          <Set>
            <Hole name="J2-7 Hole Drill" diameter="0.033465" platingStatus="PLATED" plusTol="0" minusTol="0" x="2.83685" y="1.598425" />
          </Set>
          <Set>
            <Hole name="J2-6 Hole Drill" diameter="0.033465" platingStatus="PLATED" plusTol="0" minusTol="0" x="2.83685" y="1.401575" />
          </Set>
          <Set>
            <SlotCavity name="J2-11 Hole" platingStatus="PLATED" plusTol="0" minusTol="0">
              <Outline>
                <Polygon>
                  <PolyBegin x="2.956929" y="1.625753" />
                  <PolyStepSegment x="2.961538" y="1.62667" />
                  <PolyStepSegment x="2.965444" y="1.62928" />
                  <PolyStepSegment x="2.968055" y="1.633187" />
                  <PolyStepSegment x="2.968972" y="1.637795" />
                  <PolyStepSegment x="2.968055" y="1.642404" />
                  <PolyStepSegment x="2.965444" y="1.646311" />
                  <PolyStepSegment x="2.961538" y="1.648921" />
                  <PolyStepSegment x="2.956929" y="1.649838" />
                  <PolyStepSegment x="2.92937" y="1.649838" />
                  <PolyStepSegment x="2.924762" y="1.648921" />
                  <PolyStepSegment x="2.920855" y="1.646311" />
                  <PolyStepSegment x="2.918244" y="1.642404" />
                  <PolyStepSegment x="2.917328" y="1.637795" />
                  <PolyStepSegment x="2.918244" y="1.633187" />
                  <PolyStepSegment x="2.920855" y="1.62928" />
                  <PolyStepSegment x="2.924762" y="1.62667" />
                  <PolyStepSegment x="2.92937" y="1.625753" />
                  <PolyStepSegment x="2.956929" y="1.625753" />
                </Polygon>
                <LineDesc lineEnd="NONE" lineWidth="0" lineProperty="SOLID" />
              </Outline>
            </SlotCavity>
          </Set>
          <Set>
            <SlotCavity name="J2-8 Hole" platingStatus="PLATED" plusTol="0" minusTol="0">
              <Outline>
                <Polygon>
                  <PolyBegin x="2.956929" y="1.350162" />
                  <PolyStepSegment x="2.961538" y="1.351079" />
                  <PolyStepSegment x="2.965444" y="1.35369" />
                  <PolyStepSegment x="2.968055" y="1.357596" />
                  <PolyStepSegment x="2.968972" y="1.362205" />
                  <PolyStepSegment x="2.968055" y="1.366813" />
                  <PolyStepSegment x="2.965444" y="1.37072" />
                  <PolyStepSegment x="2.961538" y="1.37333" />
                  <PolyStepSegment x="2.956929" y="1.374247" />
                  <PolyStepSegment x="2.92937" y="1.374247" />
                  <PolyStepSegment x="2.924762" y="1.37333" />
                  <PolyStepSegment x="2.920855" y="1.37072" />
                  <PolyStepSegment x="2.918244" y="1.366813" />
                  <PolyStepSegment x="2.917328" y="1.362205" />
                  <PolyStepSegment x="2.918244" y="1.357596" />
                  <PolyStepSegment x="2.920855" y="1.35369" />
                  <PolyStepSegment x="2.924762" y="1.351079" />
                  <PolyStepSegment x="2.92937" y="1.350162" />
                  <PolyStepSegment x="2.956929" y="1.350162" />
                </Polygon>
                <LineDesc lineEnd="NONE" lineWidth="0" lineProperty="SOLID" />
              </Outline>
            </SlotCavity>
          </Set>
          <Set>
            <Hole name="R2-1 Hole Drill" diameter="0.029528" platingStatus="PLATED" plusTol="0" minusTol="0" x="1.23315" y="2.18" />
          </Set>
          <Set>
            <Hole name="R2-2 Hole Drill" diameter="0.029528" platingStatus="PLATED" plusTol="0" minusTol="0" x="1.62685" y="2.18" />
          </Set>
          <Set>
            <Hole name="J4-2 Hole Drill" diameter="0.04" platingStatus="PLATED" plusTol="0" minusTol="0" x="1.97" y="2.39" />
          </Set>
          <Set>
            <Hole name="J4-1 Hole Drill" diameter="0.04" platingStatus="PLATED" plusTol="0" minusTol="0" x="1.97" y="2.49" />
          </Set>
          <Set>
            <Hole name="J5-2 Hole Drill" diameter="0.04" platingStatus="PLATED" plusTol="0" minusTol="0" x="1.97" y="1.38" />
          </Set>
          <Set>
            <Hole name="J5-1 Hole Drill" diameter="0.04" platingStatus="PLATED" plusTol="0" minusTol="0" x="1.97" y="1.48" />
          </Set>
          <Set>
            <Hole name="J1-1 Hole Drill" diameter="0.11811" platingStatus="PLATED" plusTol="0.003937" minusTol="0.003937" x="1.54" y="2.97" />
          </Set>
          <Set>
            <Hole name="J1-0 Hole Drill" diameter="0.043307" platingStatus="PLATED" plusTol="0.003937" minusTol="0.003937" x="1.84" y="2.82" />
          </Set>
          <Set>
            <Hole name="J1-0 Hole Drill" diameter="0.043307" platingStatus="PLATED" plusTol="0.003937" minusTol="0.003937" x="1.84" y="2.62" />
          </Set>
          <Set>
            <Hole name="J3-1 Hole Drill" diameter="0.11811" platingStatus="PLATED" plusTol="0.003937" minusTol="0.003937" x="1.54" y="1.95" />
          </Set>
          <Set>
            <Hole name="J3-0 Hole Drill" diameter="0.043307" platingStatus="PLATED" plusTol="0.003937" minusTol="0.003937" x="1.84" y="1.8" />
          </Set>
          <Set>
            <Hole name="J3-0 Hole Drill" diameter="0.043307" platingStatus="PLATED" plusTol="0.003937" minusTol="0.003937" x="1.84" y="1.6" />
          </Set>
          <Set>
            <Hole name="MHNP4-0 Hole Drill" diameter="0.125984" platingStatus="PLATED" plusTol="0.003937" minusTol="0.003937" x="2.900067" y="3.199537" />
          </Set>
          <Set>
            <Hole name="MHNP3-0 Hole Drill" diameter="0.125984" platingStatus="PLATED" plusTol="0.003937" minusTol="0.003937" x="1.090067" y="3.209537" />
          </Set>
          <Set>
            <Hole name="MHNP2-0 Hole Drill" diameter="0.125984" platingStatus="PLATED" plusTol="0.003937" minusTol="0.003937" x="2.900067" y="1.099537" />
          </Set>
          <Set>
            <Hole name="MHNP1-0 Hole Drill" diameter="0.125984" platingStatus="PLATED" plusTol="0.003937" minusTol="0.003937" x="1.100067" y="1.099537" />
          </Set>
          <Set>
            <Hole name="Via Hole Drill 0" diameter="0.028" platingStatus="VIA" plusTol="0" minusTol="0" x="2.51" y="2.13" />
          </Set>
          <Set>
            <Hole name="Via Hole Drill 1" diameter="0.028" platingStatus="VIA" plusTol="0" minusTol="0" x="2" y="1.78" />
          </Set>
          <Set>
            <Hole name="Via Hole Drill 2" diameter="0.028" platingStatus="VIA" plusTol="0" minusTol="0" x="2.37" y="2.9" />
          </Set>
          <Set>
            <Hole name="Via Hole Drill 3" diameter="0.028" platingStatus="VIA" plusTol="0" minusTol="0" x="2.45" y="2.9" />
          </Set>
          <Set>
            <Hole name="Via Hole Drill 4" diameter="0.028" platingStatus="VIA" plusTol="0" minusTol="0" x="2.53" y="2.9" />
          </Set>
          <Set>
            <Hole name="Via Hole Drill 5" diameter="0.028" platingStatus="VIA" plusTol="0" minusTol="0" x="2.53" y="2.82" />
          </Set>
          <Set>
            <Hole name="Via Hole Drill 6" diameter="0.028" platingStatus="VIA" plusTol="0" minusTol="0" x="2.45" y="2.82" />
          </Set>
          <Set>
            <Hole name="Via Hole Drill 7" diameter="0.028" platingStatus="VIA" plusTol="0" minusTol="0" x="2.37" y="2.82" />
          </Set>
          <Set>
            <Hole name="Via Hole Drill 8" diameter="0.028" platingStatus="VIA" plusTol="0" minusTol="0" x="2.7" y="1.55" />
          </Set>
          <Set>
            <Hole name="Via Hole Drill 9" diameter="0.028" platingStatus="VIA" plusTol="0" minusTol="0" x="2.195" y="1.54" />
          </Set>
          <Set>
            <Hole name="Via Hole Drill 10" diameter="0.028" platingStatus="VIA" plusTol="0" minusTol="0" x="2.16" y="2.7" />
          </Set>
          <Set>
            <Hole name="Via Hole Drill 11" diameter="0.028" platingStatus="VIA" plusTol="0" minusTol="0" x="1.96" y="2.7" />
          </Set>
        </LayerFeature>
      </Step>
    </CadData>
  </Ecad>
</IPC-2581>